"","X.1","Sequence","Speaker","Utterance","X"
"1",1,1,"M1:"," (0) eh 啊 ,","Angelina"
"2",2,2,"M1:"," ... (1.4) 最近 都 沒有 跟 那 些 人 ,",""
"3",3,3,"M1:"," .. 那個 啊 ?",""
"4",4,4,"M1:"," ... [最近 是] --",""
"5",5,5,"M2:"," [比 較少 一 點 喔] .",""
"6",6,6,"M2:"," ... (3.4) 因 為 ,",""
"7",7,7,"M2:"," ... (1.4) 現 在 大家 也 各 忙 各 的 .",""
"8",8,8,"M2:"," .. 反正 我 就 做 我 的 <L2 trading L2> .",""
"9",9,9,"M2:"," ... (1.5) 搞 我 自己 的 東西 .",""
"10",10,10,"M1:"," (0) 可是 ,",""
"11",11,NA,"M1:"," 走掉 的 也 很多 啊 ?",""
"12",12,11,"M2:"," (0) um .",""
"13",13,NA,"M2:"," 这样 不行 --",""
"14",14,NA,"M2:"," 这样 --",""
"15",15,NA,"M2:"," 喔 有 啦 ,",""
"16",16,12,"M2:"," .. <L2 Mark L2> 我 最近 比 較常 跟 他 聯絡 .",""
"17",17,13,"M2:"," .. 蔡 .",""
"18",18,14,"M1:"," .. 蔡喔 .",""
"19",19,15,"M2:"," .. 他 自己 --",""
"20",20,NA,"M2:"," 現 在 自己 在 做 交易 .",""
"21",21,NA,"M2:"," 所以 我 們還 蠻 多 ,",""
"22",22,NA,"M2:"," .. 互相 交流 的 .",""
"23",23,17,"M1:"," .. 我 知道 他 從 自營部 離開 呀 .",""
"24",24,18,"M2:"," ... (1.3) 他 現 在 在 那 個 什麼 ,",""
"25",25,19,"M2:"," ... (1.0) 忠 孝敦化 的 路口 .",""
"26",26,20,"M2:"," .. 有 一 個 太平洋 證券 .",""
"27",27,NA,"M2:"," 它 裡面 弄 了 個 --",""
"28",28,21,"M2:"," ... 操盤室 他 在 裡面 弄 .",""
"29",29,NA,"M2:"," 因為 好像 那 一家 分公司 的 經理 .",""
"30",30,NA,"M2:"," 跟 他 是 好 朋友 .",""
"31",31,22,"M1:"," ... (2.8) 太平洋 證券 還 在 唷 ?",""
"32",32,23,"M2:"," (0) um ?",""
"33",33,24,"M1:"," .. 太平洋 證券 [還 在 XX] ?",""
"34",34,25,"M2:"," [<@ 對 .",""
"35",35,NA,"M2:"," 還 在 @>] @ .",""
"36",36,26,"M2:"," .. 全 台灣 有 幾個 點 .",""
"37",37,27,"M1:"," .. um .",""
"38",38,28,"M2:"," .. 我 是 不 知道 他們 是 靠 什麼 做 .",""
"39",39,NA,"M2:"," 反正 那 一 間 --",""
"40",40,NA,"M2:"," 那 個 點還 在 .",""
"41",41,NA,"M2:"," 然後 <L2 Mark L2> 還 在 裡面 操盤 .",""
"42",42,29,"M2:"," ... (1.0) 所以 最近 我 們 常常 在 那 邊 跟 他 聊 .",""
"43",43,NA,"M2:"," 所以 下 -",""
"44",44,NA,"M2:"," 接下來 ,",""
"45",45,NA,"M2:"," 下個 禮拜 可能 找 他 跟 --",""
"46",46,30,"M2:"," .. 李 呀 什麼 吃 個飯 .",""
"47",47,NA,"M2:"," 反正 既然 都 在 操盤 大家 聊 一 聊 交流 [交 流] .",""
"48",48,31,"M1:"," [X]",""
"49",49,32,"M1:"," ... 小樓 這件 事 嗎 ?",""
"50",50,33,"M2:"," (0) um ?",""
"51",51,34,"M1:"," .. 小樓 .",""
"52",52,35,"M2:"," .. 有 見過 一 兩 次 .",""
"53",53,NA,"M2:"," 不 太 熟 .",""
"54",54,36,"M1:"," (0) um .",""
"55",55,37,"M1:"," ... (1.7) 大概 黃 比 較熟 吧 ?",""
"56",56,38,"M2:"," .. um .",""
"57",57,39,"M1:"," ... (3.9) 那 時候 我 當 小 特助 的 時候 ,",""
"58",58,NA,"M1:"," 他 是 董事 .",""
"59",59,40,"M2:"," (1.9) 他 後來 是 不是 在 澳門 當 ,",""
"60",60,41,"M1:"," (0) um .. 對 .",""
"61",61,43,"M2:"," (0) [公務 員] ?",""
"62",62,44,"M1:"," [司 法] -",""
"63",63,NA,"M1:"," 司法 警察 .",""
"64",64,45,"M1:"," ... (2.4) 他 老婆 的 問題 還沒 解決 .",""
"65",65,NA,"M1:"," 很 麻煩 .",""
"66",66,46,"M2:"," ... (1.7) 他 老婆 是 --",""
"67",67,47,"M2:"," ... 原本 就 有 那 樣 的 狀 況然 後 後來 才 展現 出來 .",""
"68",68,NA,"M2:"," 還 是 說 ,",""
"69",69,48,"M2:"," ... 後來 才 得 憂鬱症 .",""
"70",70,49,"M1:"," (0) 後來 更 嚴重 .",""
"71",71,50,"M1:"," .. 聽說 原 -",""
"72",72,NA,"M1:"," 本來 就 <L3 siau1 siaul L3> .",""
"73",73,51,"M2:"," ... (2.7) 幾 年前 我 跟 ,",""
"74",74,52,"M2:"," ... (1.9) 嘉 跟 李跑去 澳門 玩 .",""
"75",75,53,"M1:"," .. 喔 .",""
"76",76,54,"M2:"," (0) 有 跟 他 們一起 吃 飯 .",""
"77",77,NA,"M2:"," 可是 那 時候 他 老婆 看起來 很 正常 .",""
"78",78,55,"M1:"," ... (4.7) 零四年 以後 啦 .",""
"79",79,56,"M2:"," ... (1.4) 是 喔 .",""
"80",80,57,"M2:"," ... 可是 我 上次 見到 她 應該 是 零九 年 喔 .",""
"81",81,58,"M1:"," (0) um .",""
"82",82,59,"M2:"," ... 那 時候 她 還蠻 正常 的 .",""
"83",83,60,"M2:"," ... (2.5) 沒 想到 後來 就 變 那 個 樣子 .",""
"84",84,61,"M1:"," (0) um ,",""
"85",85,62,"M1:"," .. 他 跟 我 講說 ,",""
"86",86,63,"M1:"," .. 他 ,",""
"87",87,64,"M1:"," ... (1.1) 把 他 丟 --",""
"88",88,65,"M1:"," .. 就是 ,",""
"89",89,66,"M1:"," .. 落跑 來台 灣 .",""
"90",90,67,"M2:"," ... (1.7) 是 喔 .",""
"91",91,68,"M2:"," ... (1.7) 那 怎麼 辦 ?",""
"92",92,69,"M1:"," ... (1.0) 沒 有 啊 ,",""
"93",93,70,"M1:"," .. 就 ,",""
"94",94,71,"M1:"," .. 他 司法 警察 也 不 能 跑 啊 .",""
"95",95,72,"M1:"," ... 總 不 能 跑 走 .",""
"96",96,NA,"M1:"," 大概 帶 得 回來 台灣 就 回 台灣 啊 .",""
"97",97,73,"M1:"," ... (1.7) 比 較慘 的 地方 就是 說 ,",""
"98",98,74,"M1:"," .. 小朋友 那 時候 在 美 國生 的 啊 .",""
"99",99,75,"M1:"," ... (1.0) 拿 美國 護照 .",""
"100",100,76,"M1:"," .. 他 回來 台灣 ,",""
"101",101,77,"M1:"," .. 他 在 台 -",""
"102",102,78,"M1:"," .. 美國 護照 又 過期 .",""
"103",103,NA,"M1:"," 他 沒辦 法辦 台灣 護照 .",""
"104",104,79,"M2:"," ... (1.7) 這 很 誇張 耶 .",""
"105",105,NA,"M2:"," 怎麼 --",""
"106",106,80,"M1:"," (0) 他 媽媽 扣住 他 的 美國 護照 不 讓 他 動 .",""
"107",107,81,"M1:"," ... 就 沒辦法 <L2 renew L2> 啊 .",""
"108",108,82,"M1:"," ... (4.2) 小孩子 在 父親 手上 .",""
"109",109,83,"M2:"," ... (3.4) 還 有 這種 事 喔 .",""
"110",110,84,"M1:"," .. um .",""
"111",111,NA,"M1:"," .. 那 人 反正 既然 在 台灣 不 -",""
"112",112,85,"M2:"," 也 不 能 辦 身分 ?",""
"113",113,86,"M1:"," .. 對 .",""
"114",114,87,"M2:"," .. 好 奇怪 喔 .",""
"115",115,NA,"M2:"," 為 什麼 ?",""
"116",116,88,"M1:"," (0) 他 還 有 一 次 逾期 居留 @ .",""
"117",117,89,"M2:"," ... 怎麼 那 麼詭 異 .",""
"118",118,90,"M1:"," (0) 不是 呀 ,",""
"119",119,NA,"M1:"," 了不起 耶 .",""
"120",120,91,"M2:"," ... (1.0) 怎 麼會 搞 成這 樣 .",""
"121",121,92,"M1:"," ... (4.1) 然 後 他 老婆 好像 把 ,",""
"122",122,NA,"M1:"," 他 們家 --",""
"123",123,93,"M1:"," .. 中間 回去 一 趟 澳門 ,",""
"124",124,NA,"M1:"," 把 家裡 的 黃金 ,",""
"125",125,94,"M1:"," ... 全部 幫 -",""
"126",126,95,"M1:"," .. 搬光 .",""
"127",127,96,"M1:"," .. .然 後 ,",""
"128",128,97,"M1:"," ... (2.5) 然 後 最近 靠 --",""
"129",129,98,"M1:"," .. 靠 賣黃金 過 日子 .",""
"130",130,99,"M2:"," .. @ @ @ @ @ <@ 這真 他 媽 的 了不起 喔 @> .",""
"131",131,100,"M1:"," .. ts k",""
"132",132,101,"M2:"," ... 因為 那 時候 他 加 我 ,",""
"133",133,NA,"M2:"," 在 <L2 Facebook L2> 上 加 我 ,",""
"134",134,NA,"M2:"," X 我 想 這個人 是 誰 ,",""
"135",135,NA,"M2:"," 就 等於 是 你 XXX",""
"136",136,102,"M2:"," ... 結果 點進 去 靠 一 看 我 想 說 ,",""
"137",137,NA,"M2:"," 他 那 個憂 鬱症 蠻 嚴重 的 .",""
"138",138,NA,"M2:"," 他 完全 都 在 ,",""
"139",139,103,"M2:"," .. 自問 自答 自言 [自 語] .",""
"140",140,104,"M1:"," [對 呀] .",""
"141",141,105,"M1:"," .. 我 就 把 他 --",""
"142",142,NA,"M1:"," 我 後來 把 他 <L2 block L2> 起來 .",""
"143",143,106,"M2:"," (0) 對 呀 ,",""
"144",144,NA,"M2:"," 我 也 是 .",""
"145",145,107,"M1:"," (0) 然 後 ,",""
"146",146,108,"M1:"," .. 我 還舉 報 他 .",""
"147",147,109,"M1:"," ... 我 還 很 難過 的 .",""
"148",148,110,"M1:"," .. 真的 我 舉報 他 ,",""
"149",149,NA,"M1:"," 之後 我 老婆 跟 我 講說 ,",""
"150",150,NA,"M1:"," 你 幹 嘛 舉報 他 ,",""
"151",151,111,"M1:"," .. 他 看 不 到 了 @ @ @ .",""
"152",152,112,"M2:"," ... (1.4) 你 要 看 那 個 ,",""
"153",153,NA,"M2:"," <@ 你 就 點進 去 他 那 邊 就 看 得到 啦 @> .",""
"154",154,113,"M1:"," .. um ?",""
"155",155,114,"M2:"," .. 你 要 點進 去 他 的 那 一 個 <L2 are a L2> 還 是 看 得 見 他 寫 的 所有 東西 呀 .",""
"156",156,115,"M1:"," (0) 是 喔 .",""
"157",157,116,"M1:"," ... 我 把 他 <L2 block L2> 起 來還 舉報 他 .",""
"158",158,117,"M2:"," (0) <L2 block L2> 起來 他 就 不 會 出現 在 你 那 邊 .",""
"159",159,NA,"M2:"," 可是 ,",""
"160",160,NA,"M2:"," 你 從 朋友 那 裡面 去 搜尋 ,",""
"161",161,NA,"M2:"," 他 還 在 你 的 <L2 list L2> 裡面 .",""
"162",162,118,"M1:"," .. 是 喔 .",""
"163",163,119,"M2:"," (0) 對 .",""
"164",164,NA,"M2:"," 除非 你 把 他 解除 ,",""
"165",165,NA,"M2:"," 朋友 關係 .",""
"166",166,120,"M1:"," (0) 我 好像 把 他 <L2 delete L2> 掉 了 .",""
"167",167,121,"M2:"," (0) 那 你 可能 就 沒 了 @ @ @ @ .",""
"168",168,NA,"M2:"," 因為 呢 ，",""
"169",169,NA,"M2:"," 我 是 把 他 <L2 block L2> 住 ,",""
"170",170,NA,"M2:"," 然后 呢 那 我 點進 去 還 是 看 得到 .",""
"171",171,122,"M2:"," .. 那 我 看 他 其實 ,",""
"172",172,123,"M2:"," .. 看 得 出蠻 嚴重 的 .",""
"173",173,124,"M2:"," .. 他 那 個 其實 需要 看 醫[生] .",""
"174",174,125,"M1:"," [他 好像]現 在 --",""
"175",175,126,"M1:"," .. 現在 都 是 寫信 給 那 個 ,",""
"176",176,127,"M1:"," .. 叫 什麼 名字 ,",""
"177",177,128,"M1:"," ... 徐XX .",""
"178",178,129,"M2:"," (0) @ @ 他 會 每 個 人 發 啦 .",""
"179",179,130,"M2:"," .. 他 沒有 發給 我 ,",""
"180",180,131,"M2:"," .. 因為 他 不 知道 我 是 誰 .",""
"181",181,132,"M2:"," .. 他 只是 把 我 加 -",""
"182",182,NA,"M2:"," 他 可能 看出 我 是 --",""
"183",183,133,"M1:"," .. 他 可能 ,",""
"184",184,134,"M1:"," .. [他 可能] --",""
"185",185,135,"M2:"," [這 些]人 的 [[朋友]] .",""
"186",186,136,"M1:"," [[他 可能]] 會 --",""
"187",187,NA,"M1:"," 會發 到 黃 那 邊 去 吧 .",""
"188",188,137,"M1:"," .. 不 過黃 應該 不 會理 他 .",""
"189",189,138,"M2:"," .. 沒有 啊 完全 沒 任何 反應 啊 .",""
"190",190,139,"M2:"," ... 因為 我 也 看 一下 X 黃X 的 那 個 --",""
"191",191,140,"M2:"," .. <L2 Facebook L2> 他 好像 也 都 沒 什麼 他 應該 也 是 把 他 <L2 block L2> 的 動作 .",""
"192",192,141,"M1:"," (0) um .",""
"193",193,142,"M1:"," ... (1.4) 對 呀 .",""
"194",194,143,"M2:"," (0) 那 我 有 進 去 看 他 寫 那 個 我 就 覺 得 說 ,",""
"195",195,144,"M2:"," .. 他 那 個 思緒 整個 都 亂掉 了 .",""
"196",196,145,"M2:"," .. 他 那 個 其 實真 的 [就是] --",""
"197",197,146,"M1:"," [有]嚴 重 被 害妄 想 .",""
"198",198,147,"M2:"," (0) 他 不管 .",""
"199",199,148,"M2:"," .. 他 那 個 ho不管 吃 藥 .",""
"200",200,149,"M2:"," .. 跟 心 <L2 pro L2> 看 都 要 做 .",""
"201",201,150,"M2:"," ... 這 是 --",""
"202",202,151,"M2:"," .. 這個 是 蠻 麻煩 的 事 但是 最 怕 的 就是 他 --",""
"203",203,NA,""," .. 我 看 他 他 好像 不 承認 .",""
"204",204,152,"M1:"," (0) 對 呀 .",""
"205",205,153,"M2:"," (0) 我 看到 他 有 好 他 朋友 ,",""
"206",206,154,"M2:"," .. 在 裡面 寫說 eh[他 是 不是 變] 了 或者 說 他 是 不是 生病 了 是 不是 需要 去 看 醫生 他 也 都 沒 回應 .",""
"207",207,155,"M1:"," [X XX] .",""
"208",208,156,"M2:"," ... (1.8) 他 一定 是 自己 簡單 來說 他 有 這樣 的 狀況 .",""
"209",209,157,"M1:"," .. 當然 ,",""
"210",210,158,"M1:"," .. 沒有 幾個人 覺 得 說 自己 有 神經病 .",""
"211",211,159,"M2:"," .. @ @ 其 實這 是 有 預見 就是 <L2 depression L2> 嘛 .",""
"212",212,160,"M2:"," .. 就 看一看 應該 還好 啊 .",""
"213",213,161,"M2:"," ... (1.5) 對 不 對 ?",""
"214",214,162,"M1:"," .. 也 是 啦 .",""
"215",215,163,"M1:"," .. 因為 前 幾天 他 才 來 找 我 吃 飯 ,",""
"216",216,164,"M1:"," .. 小樓 回來 [台 灣] --",""
"217",217,165,"M2:"," [蛤] 那 我 覺 得 他 --",""
"218",218,166,"M2:"," .. 他 這 樣子 他 壓力 應該 很 大 耶 .",""
"219",219,167,"M2:"," .. 他 有 他 離 了 嗎 ?",""
"220",220,168,"M1:"," .. 他 說 在 <L2 file divorce L2> 啊 .",""
"221",221,169,"M2:"," 唉 .",""
"222",222,170,"M1:"," ... (1.8) 他 說 他 從 澳 門 <L2 file divorce L2> 在 台灣 <L2 file L2> 保護 令 .",""
"223",223,171,"M1:"," ... (2.3) 要 分居 的 時間 夠 --",""
"224",224,172,"M1:"," .. 夠久 好像 滿兩年 他 就 --",""
"225",225,173,"M1:"," ... 他 就 可以 離婚 了 .",""
"226",226,174,"M2:"," (0) [很 辛苦] .",""
"227",227,175,"M1:"," (0) 所以 他 必須 <L3 kin L3> 住 兩年 .",""
"228",228,176,"M2:"," (0) 然 後 ,",""
"229",229,177,"M2:"," ... 聽 我 上次 聽 我 忘記 誰講 的 女方 家人 認為 說 他 們女 兒沒 有 問[題] .",""
"230",230,178,"M1:"," [對 呀] .",""
"231",231,179,"M2:"," .. 是 真的 被 --",""
"232",232,180,"M2:"," .. 女 --",""
"233",233,NA,""," .. 他 老公 家 暴靠 .",""
"234",234,181,"M2:"," .. <@ 那 問題 就 不是 這樣子 嘛 你 任何 --",""
"235",235,182,"M2:"," .. 頭腦 清楚 的 人 @> 看到 他 的 言行 [[就 知道 他 有 問題 啊]] .",""
"236",236,183,"M1:"," ... (5.3) [[<L2 so L2> 小樓 跟 我 講說]] ,",""
"237",237,NA,""," .. 他 只是 幫個 魚換 個水 因 為有 的 時候 不是 那 個水 用用 --",""
"238",238,184,"M1:"," .. 用 那 個 水管 要 用 嘴巴 吸嗎 .",""
"239",239,185,"M1:"," ... 就是 把 那 個水 吸出 來 吸出 一 個 <L2 vacuum L2> .",""
"240",240,186,"M1:"," .. 就 真空 嘛然 後 再 利用 那 個 真空 的 原理 把 那 個水 倒出 來 .",""
"241",241,187,"M1:"," ... 那 他 說 ,",""
"242",242,188,"M1:"," .. 他 看到 小樓 那 樣子 說 小樓 吸毒 .",""
"243",243,NA,""," .. @ @ @ @ <@ 小樓 就 --",""
"244",244,189,"M1:"," ... 最好 魚缸 那 個 是 @> @ @ @ .",""
"245",245,190,"M2:"," ... 喔 .",""
"246",246,191,"M2:"," .. 我 覺得 他 其 實這 樣 他 很 可 憐 .",""
"247",247,192,"M2:"," .. 如果 ho 他 沒有 --",""
"248",248,193,"M2:"," ... 他 其實 可以 強制 就 醫 吧 .",""
"249",249,194,"M1:"," .. 靠 XXX .",""
"250",250,195,"M2:"," ... 如果 [他 XX X] --",""
"251",251,196,"M1:"," [<L2 Hey look bro L2>] <L2 That 's a fine line between L2> --",""
"252",252,NA,""," .. 強制 就 醫 <L2 and L2> 家 暴 <L2 <@ OK @> ; L2> @ ?",""
"253",253,197,"M2:"," ... 所以 要是 我 ,",""
"254",254,198,"M1:"," .. 他 強制 就 醫 的 話 他 <L2 parents L2> 可以 幫 他 強制 就 醫 .",""
"255",255,199,"M1:"," .. 我 們 不行 .",""
"256",256,200,"M2:"," (0) 為[什麼] ?",""
"257",257,201,"M1:"," [我 們 做] 老公 的 不行 .",""
"258",258,202,"M2:"," .. 可以 吧 ?",""
"259",259,203,"M1:"," .. uh 除非 對 我 們 造成 --",""
"260",260,204,"M1:"," .. <@ 生活 上 的 [損 害] @> .",""
"261",261,205,"M2:"," [應該 可以] 呀 他 那 個 影響 這麼 大 其 實 --",""
"262",262,206,"M2:"," .. 我 記 得 可以 家屬 --",""
"263",263,207,"M2:"," .. 你 只要 打電 話 跟 醫院 講 ,",""
"264",264,208,"M2:"," .. 像 是 台大 榮總 或是 北醫 都 可以 ,",""
"265",265,209,"M2:"," .. 他 們會 查 .",""
"266",266,210,"M2:"," .. 他 就 可以 派 人 來 .",""
"267",267,211,"M2:"," .. 然後 必要 時 你 可以 跟 他 講說 你 要 警察 一起 來 .",""
"268",268,212,"M2:"," .. .然 後 <@ 就 把 他 @> --",""
"269",269,213,"M1:"," [[把 他 綁起 來]] .",""
"270",270,214,"M2:"," [[<@ 輕微 的 @>]] .",""
"271",271,215,"M1:"," .. [[[@ @ @ @ @ @]]]",""
"272",272,216,"M2:"," .. [[[輕 --",""
"273",273,217,"M2:"," .. 不要 說 我 把 他 ,",""
"274",274,218,"M2:"," .. 輕微 的 <@ 綁 一下 帶走 @>]]] .",""
"275",275,219,"M1:"," [[[@ @ @ @ @ @ @ @ @ @ @ @ @ @]]]",""
"276",276,220,"M2:"," 他 [[其實]] 就 這[[[樣]]] ,",""
"277",277,221,"M1:"," [[用]] --",""
"278",278,NA,"M1:"," [[[用]]]膠 帶捆 起來 @ [@] .",""
"279",279,NA,"M2:"," [對] 但是 問題 是 重點 是 如果 他 現 在 不 知道 他 老婆 在 哪 裡 .",""
"280",280,222,"M1:"," .. 對 呀 .",""
"281",281,223,"M2:"," .. 那 就 很 麻煩 .",""
"282",282,224,"M1:"," (0) 可是 他 跟 我 講說 ,",""
"283",283,225,"M1:"," ... 他 老婆 現 在 好像 在 搞 一些 --",""
"284",284,226,"M1:"," .. 他 們家 的 那 個 --",""
"285",285,227,"M1:"," ... 這個 給 他 --",""
"286",286,228,"M1:"," .. 之前 給 他 兒子 的 那 一些 黃金 大概 加起 來有 半斤 左右 .",""
"287",287,229,"M1:"," .. 八 兩 喔 .",""
"288",288,230,"M1:"," .. <@ 八兩喔 @> @ @ @ @ @ .",""
"289",289,231,"M2:"," .. 這真 的 是 蠻扯 的 .",""
"290",290,232,"M1:"," ... 然後 到 --",""
"291",291,233,"M1:"," .. 賣到 只 剩下 一 副 .",""
"292",292,234,"M2:"," ... (2.2) tsu .",""
"293",293,235,"M1:"," (0) 然 後說 --",""
"294",294,236,"M1:"," .. 這個 --",""
"295",295,237,"M1:"," ... 都 --",""
"296",296,238,"M1:"," .. 他 到 台北 請 人家 吃飯 都 很 闊氣 的 請 <L2 W Hotel L2> 喔 .",""
"297",297,239,"M2:"," .. tsu 他 整個 思緒 跟 --",""
"298",298,240,"M2:"," ... [shi] --",""
"299",299,241,"M2:"," ... 頭腦 整個 都 亂 了 .",""
"300",300,242,"M1:"," [um] .",""
"301",301,243,"M1:"," (0) 想 說 --",""
"302",302,244,"M1:"," .. 你 老婆 在 --",""
"303",303,245,"M1:"," .. 高雄 哪裡 呀 ?",""
"304",304,246,"M1:"," .. 他 說 我 不 知道 .",""
"305",305,247,"M1:"," .. 好像 都 不 跟 他 聯 絡然 後 就 說 他 都 傳 一些 很 奇怪 的 簡訊 給 他 還給 我 看 .",""
"306",306,248,"M1:"," .. 然後 他 就 說 看到 就 --",""
"307",307,249,"M1:"," .. 真的 就 覺 得 很 --",""
"308",308,NA,""," .. 很 詭異 .",""
"309",309,250,"M1:"," .. 還 <L2 actually L2> 說 我 李昌钰 啊 幹 嘛 的 跟 他 當好 朋友 呀 .",""
"310",310,251,"M2:"," (0) 他 就 寫 一些 很 [奇怪 的 東西 呀] .",""
"311",311,252,"M2:"," .. 一 看 就 知道 是 有 點問 題 .",""
"312",312,253,"M2:"," .. 不是 很 有 點問 題 是 有 很 大 的 問題 的 .",""
"313",313,254,"M1:"," [@ @ @] .",""
"314",314,255,"M1:"," ... (2.0) 應該 叫 我 老婆 去 看 一下 ,","Minyi"
"315",315,256,"M1:"," .. 看看 有沒 有 辦法 <L2 link it to L2> 這個 --",""
"316",316,257,"M1:"," .. 把 他 加起 來當 朋友 X .",""
"317",317,258,"M2:"," (0) @ @ @ 我 還有 你 要 看 他 的 東西 我 都 看 得到 .",""
"318",318,NA,""," .. @ 只是 我 把 他 <L2 block L2> -",""
"319",319,NA,""," 但是 我 只要 點進 去 還 是 看 得到 我 覺 得 很 好笑 .",""
"320",320,259,"M1:"," (0) 後來 我 好像 是 把 他 <L2 delete L2> 掉 .",""
"321",321,260,"M2:"," (0) um .",""
"322",322,261,"M1:"," <L2 Maybe it ’ s why L2> .",""
"323",323,262,"M1:"," .. 因為 我 覺得 -",""
"324",324,263,"M1:"," ... 這種人 沒事 的 -",""
"325",325,264,"M1:"," .. 沒事 在 那 邊寫 一些 怪裡 怪氣 的 東[西] .",""
"326",326,265,"M2:"," [他]寫 很多 ,",""
"327",327,266,"M2:"," .. 我 就是 自從 ,",""
"328",328,267,"M2:"," .. 把 他 加進 來 -",""
"329",329,NA,""," (0) 然 後 我 就 馬上 把 他 <L2 block L2> 住 ,",""
"330",330,NA,""," .. 後來 就 不 見 了 .",""
"331",331,268,"M1:"," .. XXX 喔 .",""
"332",332,269,"M2:"," (0) 但是 其實 你 要 看 都 還 是 看 得到 啦 ,",""
"333",333,NA,""," .. 很 好笑 .",""
"334",334,270,"M2:"," ... (4.0) 唉 這個 現代 人 的 毛病 也 是 很多 耶 .",""
"335",335,271,"M1:"," .. 蛤 那 個 尤其是 --",""
"336",336,272,"M1:"," .. 很 嚴重 啊 .",""
"337",337,NA,""," .. 小樓 也 講說 他 也 沒有 說 .",""
"338",338,273,"M1:"," .. 他 說覺 得 說 如果 說 他 覺得 在 家裡 太 無 聊 .",""
"339",339,274,"M1:"," .. 他 就 去 --",""
"340",340,275,"M1:"," ... 去 工作 嘛 .",""
"341",341,276,"M1:"," ... 賺多 賺少 那 是 一 回 事 啊 .",""
"342",342,277,"M2:"," .. um .",""
"343",343,278,"M1:"," .. 然後 去 工作 有 點 事情 做 .",""
"344",344,279,"M1:"," ... (2.2) 那 --",""
"345",345,280,"M1:"," .. 他 又 不要 .",""
"346",346,281,"M2:"," ... (1.9) 那 像 --",""
"347",347,282,"M2:"," .. 我 想 一下 我 最後 我 -",""
"348",348,283,"M2:"," .. 因為 我 跟 他 不 熟 --",""
"349",349,NA,""," 是 李 跟 嘉認 識 他 .",""
"350",350,284,"M2:"," .. 然後 零九 年 那 時候 [我 們 剛好 在 去] --",""
"351",351,285,"M1:"," [在 他 在]內湖 有 一 段 時間 了 .",""
"352",352,287,"M1:"," .. 因為 我 那 時候 剛進 [[寶來 的]] 那 時候 ,",""
"353",353,288,"M2:"," [[喔 喔]] .",""
"354",354,289,"M1:"," .. 他 --",""
"355",355,290,"M1:"," ... (1.7) 那 時候 我 寫 <L2 Moodys L2> 信評 他 寫 --",""
"356",356,291,"M1:"," .. [[[他 寫]]] 中 華信 評 .",""
"357",357,292,"M2:"," ... (3.5) [[[喔]]] .",""
"358",358,293,"M1:"," .. 所以 信評 這個 部分 我 們 算是 有 交[[[[集]]]] .",""
"359",359,294,"M2:"," [[[[那]]]] 我 在 猜 他 後來 應該 就 --",""
"360",360,295,"M2:"," .. 零九年 我 碰到 他 的 時候 --",""
"361",361,296,"M2:"," .. 他 看起來 應該 已 經 有 那 樣 的 症狀 -",""
"362",362,NA,""," 只是 那 時候 不嚴 重還 是 說 因 為 --",""
"363",363,297,"M2:"," .. 朋友 來 --",""
"364",364,NA,""," 然後 因為 那 一 天 他 也 沒講 什麼 話 .",""
"365",365,298,"M1:"," [喔] .",""
"366",366,299,"M2:"," [我 們 也 感] 受 --",""
"367",367,300,"M2:"," .. [[我 們 也 感覺 不 出 來]] .",""
"368",368,301,"M1:"," [[大概 -",""
"369",369,302,"M1:"," .. 大概 就是]] 趕快 他 媽 的 吃 完 跑 了 ,",""
"370",370,303,"M2:"," .. 對 那 一 天 我 們 也 感覺 不 出來 他 有 什麼 特殊 的 異樣 說真 的 .",""
"371",371,304,"M1:"," ... (1.3) 李 知道 嗎 ?",""
"372",372,305,"M2:"," (0) 都 知道 阿 .",""
"373",373,306,"M1:"," ... (0.9) 李 也 有 被 他 騷擾 過嗎 ?",""
"374",374,307,"M2:"," ... (0.7) 好像 有 .",""
"375",375,308,"M1:"," [@ @ @]",""
"376",376,309,"M2:"," [但是 呢] --",""
"377",377,310,"M2:"," .. 李應該 也 是 把 他 打發 掉 而已 .",""
"378",378,311,"M1:"," ... (1.8) 那 李 那 個 比 較 厲害 啦 .",""
"379",379,312,"M2:"," .. 應該 就是 把 他 打發 掉 .",""
"380",380,313,"M1:"," .. 李應該 就是 ,",""
"381",381,314,"M1:"," ... (1.7) <L3 tseng siau e L3> 啦 .",""
"382",382,315,"M2:"," (0) 對 呀 .",""
"383",383,316,"M2:"," .. @",""
"384",384,317,"M1:"," ... (2.3) eh 他 現 在 還 -",""
"385",385,318,"M1:"," .. 他 現 在 還 在 大展 .",""
"386",386,319,"M2:"," (0) um .",""
"387",387,320,"M2:"," .. 他 掛執 副 我 在 猜 他 可能 過 兩年 變總 經理 .",""
"388",388,321,"M1:"," (0) 總 經理 .",""
"389",389,322,"M2:"," (0) @ @",""
"390",390,323,"M1:"," .. eh 你 不要 看 .",""
"391",391,324,"M1:"," .. 那 個 莉從 投信 離開 了 之後 現在 是 國泰 -",""
"392",392,NA,""," (0) 國 泰證 的 總經 理ne .",""
"393",393,325,"M2:"," (0) 對 我 有 聽說 ,",""
"394",394,NA,""," (0) 那 個國 泰證 想 要 --",""
"395",395,326,"M2:"," .. 看看 有沒 有 辦法 做到 -",""
"396",396,NA,""," (0) 可是 --",""
"397",397,327,"M2:"," .. 我 覺 得 還 是 很 小 呀 .",""
"398",398,328,"M2:"," ... 他 是 不是 才 兩個 店 還 三 個 [店] .",""
"399",399,329,"M1:"," [他] -",""
"400",400,330,"M1:"," .. 他 找白 當總 經理 可能 會大 一 點 .",""
"401",401,NA,""," <@ 找莉 當總 經理 <L3 na u kho liang L3> @> .",""
"402",402,331,"M2:"," ... (1.8) 然 後莉 [[也]] 挖 了 幾個 以前 寶來 的 人 過 去 .",""
"403",403,332,"M1:"," [[不然]] -",""
"404",404,333,"M1:"," (0) 不然 就 找 那 個 --",""
"405",405,334,"M1:"," ... 找 那 個 --",""
"406",406,335,"M1:"," .. 找黃 老爹 當總 經理 呀 .",""
"407",407,336,"M1:"," .. <@ 那 好 一 點 好不 好 @> .",""
"408",408,337,"M2:"," .. 莉 ,",""
"409",409,338,"M2:"," .. 我 覺得 他 只 會 做 小事eh .",""
"410",410,339,"M1:"," .. 沒有 啊 我 說 ,",""
"411",411,340,"M1:"," .. 他 -",""
"412",412,341,"M1:"," .. 他 在 -",""
"413",413,NA,""," (0) 他 在 我 們 之前 那 個 也 就是 穿 著 <L2 Prada L2> 的 惡魔 啊 .",""
"414",414,342,"M2:"," (0) 對 呀 .",""
"415",415,343,"M1:"," (0) @ @[@ @ XX X]",""
"416",416,344,"M2:"," [他 都 管 一些 無]聊 的 小事 .",""
"417",417,345,"M1:"," [[辦 公桌 放 一 邊]] .",""
"418",418,346,"M2:"," [[是 蠻無聊 的]] .",""
"419",419,347,"M2:"," .. 對沒 什麼意思 [[[啊]]] .",""
"420",420,348,"M1:"," [[[唉]]] .",""
"421",421,349,"M2:"," ... (1.4) 那 陣子 我 剛好 [在] ,",""
"422",422,350,"M1:"," [喔 對] 你 那 時候 [[在 內湖]] .",""
"423",423,351,"M2:"," [[我 很 討厭 阿]] 我 覺 得 他 很 煩 .",""
"424",424,NA,""," (0) 他 一 開 始先 說 什麼 <L2 MSN L2> 不 能 用 .",""
"425",425,352,"M1:"," ... 這個 合理 呀 合理 呀 合理 .",""
"426",426,353,"M2:"," (0) 然 後 大家 就 改用 <L2 Skype L2> .",""
"427",427,NA,""," (0) 然 後 後來 呢 ,",""
"428",428,354,"M2:"," .. 後來 又 說 --",""
"429",429,355,"M2:"," ... 你 有 申請 他 就 可以 開放 -",""
"430",430,NA,""," (0) 反正 我 們 就 大家 去 申請 .",""
"431",431,NA,""," (0) 然 後 只是 那 陣子 就 比 較少 .",""
"432",432,NA,""," (0) 然 後 又 說 --",""
"433",433,356,"M2:"," ... (.9) 什 麼辦 公桌 上面 什麼 東西 要 怎麼 擺 .",""
"434",434,NA,""," (0) 然 後 我 想 說 你 -",""
"435",435,NA,""," (0) 頭腦 有 問題 我 根本 不 甩 他 .",""
"436",436,357,"M2:"," ... (.7) 然 後 有 一 陣子 還 ,",""
"437",437,358,"M2:"," ... (.8) 人 資還 跟 我 說 什麼 我 -",""
"438",438,359,"M2:"," ... (1.0) 我 西裝 外套 吊 後面 不行 .",""
"439",439,360,"M2:"," .. 我 想 說 我 吊 在 那 邊關 你 屁事 啊 ?",""
"440",440,NA,""," (0) 是 怎樣 ?",""
"441",441,NA,""," .. 我 就 [不 甩 他] .",""
"442",442,361,"M1:"," [喔 對] 你 是 說吊 在 椅子 -",""
"443",443,NA,""," (0) 掛 在 椅子 上 呀 .",""
"444",444,362,"M2:"," (0) 不是 椅子 上 .",""
"445",445,NA,""," (0) 後面 那 個 ,",""
"446",446,363,"M2:"," .. <L2 cubicle L2> 那 個 ,",""
"447",447,364,"M2:"," .. <L2 cubicle wall L2> 上面 .",""
"448",448,365,"M1:"," (0) 喔 .",""
"449",449,366,"M1:"," ... 為 什麼 不行 ?",""
"450",450,367,"M2:"," (0) 我 那 邊 有 一 根 --",""
"451",451,NA,""," (0) 那 種 有 一 個 突出 來 .",""
"452",452,NA,""," (0) 我 就 用 [一 個 衣架 掛] .",""
"453",453,368,"M1:"," [對 呀] .",""
"454",454,NA,""," (0) 對 呀 很多 人 都 這樣 啊 .",""
"455",455,369,"M2:"," (.8) 他 說 什麼 有 礙風化 -",""
"456",456,NA,""," (0) 我 想 說 我 管 你 的 ?",""
"457",457,NA,""," (0) 如果 不 高興 就 把 我 趕走 呀 !",""
"458",458,NA,""," .. 你 把 我 <L2 fire L2> 掉 好 了 !",""
"459",459,NA,""," (0) 還 是 你 減 我 薪 -",""
"460",460,NA,""," (0) 我 就 不 甩 他 -",""
"461",461,NA,""," (0) 我 就 繼 續掛 -",""
"462",462,370,"M2:"," .. 然後 他 還會 來檢 查說 什麼 領帶 .",""
"463",463,371,"M2:"," ... 什麼 顏色 .",""
"464",464,372,"M2:"," ... (.7) 他 那 個頭 腦 真 得 都 壞掉 了 .",""
"465",465,NA,""," (0) 反正 我 就 不 甩 .",""
"466",466,NA,""," (0) 一直 在 那 邊 X 不 甩 不 甩 不 甩 不 [[甩]] .",""
"467",467,373,"M1:"," [[eh]] 我 們 以前 -",""
"468",468,374,"M1:"," .. 以前 -",""
"469",469,375,"M1:"," ... (.8) 喔對 了 ,","Sherry"
"470",470,NA,"M1:"," 你 不是 坐 裡面 哪 .",""
"471",471,376,"M1:"," ... (.9) 南海 特區 .",""
"472",472,NA,"M1:"," @ @ @ @",""
"473",473,377,"M2:"," .. 一 開始 呢 ,",""
"474",474,NA,"M2:"," 我 有 坐 在 裡面 ,",""
"475",475,NA,"M2:"," 然後 後 來[因 為] --",""
"476",476,378,"M1:"," [那 你]為 什麼 搬出 來 ?",""
"477",477,379,"M2:"," .. 因為 他們 --",""
"478",478,NA,"M2:"," 劉 被 換進 去 .",""
"479",479,380,"M1:"," (0) 喔 ,",""
"480",480,381,"M1:"," ... [對 對對 對對] .",""
"481",481,382,"M2:"," [然 後 我 就 搬出 來] ,",""
"482",482,NA,"M2:"," 劉坐 到 我 的 位子 上 .",""
"483",483,383,"M1:"," (0) 對對 對[[對 對]] .",""
"484",484,384,"M2:"," [[然 後]] 搬出 來 我 想 說 也 沒差 ,",""
"485",485,NA,"M2:"," 因 為 --",""
"486",486,385,"M1:"," (0) 應該 是 坐在 那 個角 落[那 個] ,",""
"487",487,386,"M2:"," [對] .",""
"488",488,387,"M1:"," (0) 之前 ,",""
"489",489,NA,"M1:"," 就是 ,",""
"490",490,388,"M1:"," ... um ,",""
"491",491,389,"M1:"," ... (.7) 這 個 ,",""
"492",492,NA,"M1:"," 蔡秘書 的 後面 的 後面 黃 後[面] 的 位子 .",""
"493",493,390,"M2:"," [對] .",""
"494",494,391,"M2:"," .. 然後 呢 後來 呢 劉 搬進 去 ,",""
"495",495,NA,"M2:"," 那 我 就 搬出 來 ,",""
"496",496,NA,"M2:"," 那 在 外面 ,",""
"497",497,NA,"M2:"," 反正 也 不 會 常常 遇到 XXX 或 遇到 什麼 東西 ,",""
"498",498,NA,"M2:"," 我 在 外面 也 很 <L2 OK L2> .",""
"499",499,392,"M2:"," .. 可是 有 時候 他 就 會 有 一些 人 在 那 邊晃 來晃 去 .",""
"500",500,NA,"M2:"," 聽說 啦 ,",""
"501",501,393,"M2:"," ... 之前 ,",""
"502",502,NA,"M2:"," 莉還 晃到 裡面 去 .",""
"503",503,394,"M2:"," .. 好 幾次 .",""
"504",504,395,"M1:"," .. um ,",""
"505",505,NA,"M1:"," [那 最好 --",""
"506",506,NA,"M1:"," 最好 看到 --]",""
"507",507,398,"M2:"," [X XXX XX 西]",""
"508",508,396,"M1:"," .. 最好 看到 白 ,",""
"509",509,397,"M1:"," .. 的 那 個 衣服 是 掛 在 牆壁 上 .",""
"510",510,399,"M2:"," (0) 他 當然 不 會講 啊 ,",""
"511",511,NA,"M2:"," [[反正]] 後來 就 大家 就 有 在 那 邊 ,",""
"512",512,400,"M2:"," ... 抱怨 連天 .",""
"513",513,NA,"M2:"," 所以 後來 ,",""
"514",514,NA,"M2:"," 一 陣子 以後 他 就 沒 繼續 弄 了 .",""
"515",515,402,"M1:"," .. 對 呀 .",""
"516",516,403,"M2:"," (0) 他 好像 就 玩 了 半年 吧 .",""
"517",517,404,"M1:"," .. 我 知道 呀 .",""
"518",518,405,"M2:"," (0) 感覺 那 個 非常 愚蠢 .",""
"519",519,406,"M2:"," .. 非常 可笑 .",""
"520",520,407,"M1:"," .. 我 知道 ,",""
"521",521,NA,"M1:"," 後來 好像 ,",""
"522",522,408,"M1:"," ... (.8) 好像 ,",""
"523",523,409,"M1:"," ... 白總 把 他 --",""
"524",524,410,"M1:"," ... (1.0) 扔 去 投信 了 吧 .",""
"525",525,411,"M2:"," ... 對 啊 ,",""
"526",526,NA,"M2:"," 掛個 副董沒 事幹 吧 .",""
"527",527,412,"M1:"," .. 對阿 副董事長 在 幹 嘛 ?",""
"528",528,413,"M2:"," .. 不 知道 啊 @ @ @ @",""
"529",529,414,"M1:"," (0) 不 過 我 倒是 很 訝異 國泰 証會 找 他 當總 經理 .",""
"530",530,415,"M2:"," (0) 因 為國 泰証 搞 不 清楚 .",""
"531",531,416,"M1:"," (0) @ @ @",""
"532",532,417,"M1:"," ... (1.0) 我 真 得 很 訝異 .",""
"533",533,418,"M2:"," .. 那 時候 呀 ,",""
"534",534,419,"M2:"," .. 白總 去 唷 ,",""
"535",535,420,"M1:"," .. 他 找誰 當總 經理 都 <L2 OK L2> 呀 ,",""
"536",536,NA,"M1:"," 不要 找 --",""
"537",537,421,"M1:"," .. 找 莉當 --",""
"538",538,422,"M2:"," .. 國泰 我 覺 得 國 泰金 控沒 有 想 要 花 大錢 吧 .",""
"539",539,NA,"M2:"," 他們 的 證券 本來 就 不 做 大 .",""
"540",540,NA,"M1"," 對 呀 .",""
"541",541,424,"M2:"," (0) 他 只是 找個人 去 管理 .",""
"542",542,425,"M1:"," ... (1.1) 對 呀 .",""
"543",543,426,"M2:"," ... (1.0) 那 時候 ,",""
"544",544,NA,"M2:"," 元 大併 寶來 呀 ,",""
"545",545,NA,"M2:"," 然後 ,",""
"546",546,427,"M2:"," ... (1.2) 因為 後 來莉 做 得 那些 奇怪 的 事情 ,",""
"547",547,428,"M2:"," .. 他 在 寶來 裡面 人緣 很 差 .",""
"548",548,429,"M1:"," .. 對 .",""
"549",549,430,"M2:"," (0) 因 為連仁 都 很 討厭 他 ,",""
"550",550,NA,"M2:"," 然後 一些 其他 高階 主管 ,",""
"551",551,NA,"M2:"," 洪什麼 也 都 不 喜歡 他 .",""
"552",552,431,"M1:"," (0) 洪 很 討厭 他 ,",""
"553",553,NA,""," [<@這 都 知道 @> @] .",""
"554",554,432,"M2:"," [因 為 大家 --]",""
"555",555,433,"M2:"," .. 大家 都 覺 得 他 ,",""
"556",556,434,"M2:"," ... (2.0) 在 那 邊 ,",""
"557",557,435,"M1:"," ... 啊 --",""
"558",558,436,"M2:"," (0) 雞 蛋裡 挑骨 頭 ,",""
"559",559,NA,"M2:"," 玩 一些 沒有 --",""
"560",560,NA,"M2:"," 對[投資 沒有 助益 的 事] .",""
"561",561,437,"M1:"," [沒 有 意義 的 東西] .",""
"562",562,NA,"M1:"," 沒有 賺錢 的 東西 阿 .",""
"563",563,438,"M2:"," .. 這 --",""
"564",564,439,"M2:"," .. 然後 後 來讓 他 想 要 --",""
"565",565,440,"M2:"," .. 讓 他 離開 寶來 的 原因 就是 因為 後來 ,",""
"566",566,441,"M2:"," ... (1.3) 元 大併 了 寶來 後 有 一 次 ,",""
"567",567,442,"M2:"," ... 他 不是 請 所有 的 董監 ?",""
"568",568,443,"M2:"," ... 加上 所有 的 ,",""
"569",569,444,"M2:"," .. 應 該說 是 一 級 主管 .",""
"570",570,445,"M1:"," (0) 寶來 董監嗎 ?",""
"571",571,446,"M2:"," ... (1.5) ts k .",""
"572",572,NA,"M2:"," 我 [記 得 好像] 是 寶來 總監 .",""
"573",573,447,"M1:"," [X XX X]",""
"574",574,448,"M2:"," .. 整個 集團 的 啦 .",""
"575",575,NA,"M2:"," 然後 還有 只要 好像 副總級 [[以上 的]] 高階 主管 ,",""
"576",576,450,"M1:"," [[um]] .",""
"577",577,449,"M2:"," .. 他 幾乎 全部 都 請 .",""
"578",578,451,"M1:"," ... (1.3) 莉 ?",""
"579",579,452,"M2:"," ... 那 個元 大 經控 嘛 .",""
"580",580,453,"M1:"," (0) 喔對 對對 對對 對對 ,",""
"581",581,NA,"M1:"," 我 知道 .",""
"582",582,455,"M2:"," [在 世貿 的 [X X] .",""
"583",583,454,"M1:"," .. [這 我 知道] .",""
"584",584,NA,"M1:"," 對對 對這 我 知道 .",""
"585",585,456,"M2:"," (0) 可是 那 一 次 呢 ,",""
"586",586,457,"M2:"," .. 他們 就 有 ,",""
"587",587,458,"M2:"," ... (0.8) 有 漏掉 幾個人 ,",""
"588",588,NA,"M2:"," 我 覺 得 是 刻意 漏掉 .",""
"589",589,459,"M1:"," .. 漏掉 莉 ?",""
"590",590,460,"M2:"," .. 對 .",""
"591",591,461,"M2:"," .. [然 後] --",""
"592",592,462,"M1:"," [對 阿那天 沒] 看到 他 .",""
"593",593,463,"M2:"," .. 莉 呢 ,",""
"594",594,NA,"M2:"," 就 哭哭啼啼 的 跑去 跟 ,",""
"595",595,464,"M1:"," ... 黃董 <L3 哭夭 L3> ?",""
"596",596,465,"M2:"," ... (0.7) 跑去 跟 黃 監察 哭哭啼啼 ,",""
"597",597,NA,"M2:"," 然後 又 跑去 跟 那 個 ,",""
"598",598,466,"M2:"," .. 白 太太 .",""
"599",599,NA,"M2:"," 就 那 個 ,",""
"600",600,467,"M2:"," ... 魏董 哭哭啼啼 @ .",""
"601",601,NA,"M2:"," 你 知道 ,",""
"602",602,NA,"M2:"," 那 [兩 個人] ,",""
"603",603,468,"M1:"," [魏 董] ,",""
"604",604,NA,"M1:"," 魏董 根本 不 管事 [[阿]] .",""
"605",605,469,"M2:"," [[對 呀]] <@ 那 --",""
"606",606,470,"M2:"," .. 那 這 兩位 也 只能 兩手 一 攤 [[[說]]] ,",""
"607",607,472,"M1:"," [[[對 啊]]] .",""
"608",608,471,"M2:"," .. 這這 個[[[[不是 我 能 決定 的]]]] @> .",""
"609",609,473,"M1:"," ... (0.6) [[[[@ @ @ @ @]}]]",""
"610",610,474,"M2:"," (0) @然 後 大家 心裡 就 想 說 可見 他人 緣多 差 ,",""
"611",611,NA,"M2:"," 沒有 人 --",""
"612",612,475,"M2:"," .. 因 為元 大 那 時候 一定 應該 已 經 做 過 了 一 個 <L2 pool L2> ,",""
"613",613,NA,"M2:"," 一 個 普查 .",""
"614",614,476,"M1:"," (0) 沒 有 我 覺 得 那 個 是 ,",""
"615",615,477,"M1:"," .. 我 高度 懷疑 是 ,",""
"616",616,478,"M1:"," ... 高階 <@ 主管 故意 漏掉 他 @> .",""
"617",617,NA,"M1:"," 沒道 理勝 去 他 沒 去 耶 .",""
"618",618,479,"M1:"," .. eh 老 實講 真 得 沒 道理 .",""
"619",619,480,"M2:"," (0) 沒 有 ,",""
"620",620,NA,"M2:"," 搞不好 是 有人 一直 在 馬家 前面 講 他 壞話 ,",""
"621",621,NA,"M2:"," 說這 個人 很 糟 .",""
"622",622,481,"M1:"," (0) 應 --",""
"623",623,482,"M1:"," .. 應該 不至 於 .",""
"624",624,483,"M2:"," (0) @ <@ 這 我 就 不 清 [楚 了] @> .",""
"625",625,484,"M1:"," [應 該 不是] .",""
"626",626,485,"M2:"," .. 因 為勝 也 很 討厭 他 ,",""
"627",627,NA,"M2:"," 我 知[[道]] .",""
"628",628,486,"M1:"," [[我 知道]] 勝 很 討厭 他 ,",""
"629",629,NA,"M1:"," 因為 他 ,",""
"630",630,487,"M1:"," .. 他 --",""
"631",631,488,"M1:"," .. 在 劉 --",""
"632",632,489,"M1:"," .. 在 投信 那 邊 跟 勝 對鬥 呀 ,",""
"633",633,490,"M1:"," .. [[[鬥 很 兇]]] .",""
"634",634,491,"M2:"," [[[那 很 無]]]聊 啊 .",""
"635",635,NA,"M2:"," 沒有 意義 嘛 .",""
"636",636,NA,"M2:"," 唉 .",""
"637",637,492,"M1:"," (0) 啊 勝 他 會賺 錢 .",""
"638",638,493,"M2:"," (0) 對 呀 .",""
"639",639,NA,"M2:"," 勝 做 得 還 不 錯 啦 .",""
"640",640,NA,"M2:"," 以 專業 經理人 來講 我 覺得 他 做 得 不 錯 .",""
"641",641,494,"M1:"," .. 他 會賺錢 啊 .",""
"642",642,495,"M2:"," (0) um .",""
"643",643,496,"M2:"," .. 所以 <@ 我 覺 得 很 @ @ 好笑 @> .",""
"644",644,497,"M2:"," .. 然後 後來 好像 沒多久 ,",""
"645",645,498,"M2:"," .. 那 個 <@ 吃 完 飯 以後 我 就 聽說 他 離開 了 @> .",""
"646",646,499,"M1:"," ... 喔對 呀 .",""
"647",647,500,"M1:"," .. 那 一 ,",""
"648",648,NA,"M1:"," 喔 那 一 頓 飯 ,",""
"649",649,501,"M1:"," .. 就是 剛 ,",""
"650",650,502,"M1:"," .. <L2 announce merge L2> 的 時候 .",""
"651",651,503,"M2:"," (0) 對 .",""
"652",652,504,"M2:"," ... 然後 後來 ,",""
"653",653,NA,"M2:"," 他 可能 就 開始 很 積極 .",""
"654",654,NA,"M2:"," 你 也 知道 他 也 是 很 <L2 aggressive L2> ,",""
"655",655,NA,"M2:"," 他 應該 就是 出去 業界 到 處 找到 處 找然 後 就 ,",""
"656",656,NA,"M2:"," [跑] 去 那 邊 .",""
"657",657,505,"M1:"," [um] .",""
"658",658,506,"M1:"," ... um",""
"659",659,507,"M1:"," .. 開發金 ,",""
"660",660,508,"M1:"," ... (1.4) 也 沒理 他 .",""
"661",661,NA,"M1:"," 他 --",""
"662",662,509,"M2:"," X",""
"663",663,510,"M1:"," ... (1.2) 那 個林 不是 去 開發金 ?",""
"664",664,511,"M2:"," (0) 喔 對林 也 不 喜歡 他 嘛 .",""
"665",665,512,"M1:"," (0) 喔 對 ,",""
"666",666,513,"M1:"," .. 也 是 .",""
"667",667,514,"M1:"," .. 他 那 個人 緣 太 差 了 .",""
"668",668,515,"M2:"," (0) 對 呀 ,",""
"669",669,NA,"M2:"," 因為 他 那 時候 ,",""
"670",670,NA,"M2:"," 玩 那些 無聊 的 東西 ,",""
"671",671,516,"M2:"," .. 還管 東 管西 的 ,",""
"672",672,NA,"M2:"," 得罪 很多 人 嘛 .",""
"673",673,517,"M1:"," (0) um .",""
"674",674,NA,"M1:"," 林脾氣 比 他 更 大好 不 好 .",""
"675",675,518,"M2:"," (0) um .",""
"676",676,519,"M1:"," ... 林尤其是 在 白總 那 邊 ,",""
"677",677,520,"M1:"," ... (0.7) 更 得 寵 @ .",""
"678",678,521,"M2:"," .. um .",""
"679",679,NA,"M2:"," 應該 是 .",""
