"id","doc","unitStart","unitEnd","unitSeq","pID","Speaker","TurnSeq","IUSeq","Utterance","docTokenSeqFirst","docTokenSeqLast"
"6644D47B39EB",NA,"","",1,NA,"F:","1","1",".. 而且 我 發覺 啊",1,5
"2847452249607",NA,"","",2,NA,"F:","1","2",".. 現在 不是 都 有 很多 部落客 在 寫 [那種]",6,15
"33BD93A0F36AD",NA,"","",3,NA,"M:","2","3","[嗯]",16,16
"169DC25B62545",NA,"","",4,NA,"F:","1","4",".. 什麼 推薦 文 啊",17,21
"1D0EEA1C665C4",NA,"","",5,NA,"F:","1","5",".. 什麼 的",22,24
"1111D1AE63362",NA,"","",6,NA,"F:","3","6",".. 他們 那些 人 都",25,29
"29045138C50F0",NA,"","",7,NA,"F:","3","7","(...) 都 不約而同 會 同時",30,34
"13060E4F543B7",NA,"","",8,NA,"F:","3","8","(...) 就是 大概 那 個 時間 都 推薦 同 一 間 店",35,46
"1BA96DC7B3DC9",NA,"","",9,NA,"M:","4","9",".. mhm",47,48
"31A7FAF53DD7D",NA,"","",10,NA,"F:","5","10",".. 就 大概 都 是 那些 店 同時間 [2找2] 他們",49,58
"4BEAF9E316D7",NA,"","",11,NA,"M:","6","11","[2對 啊2]",59,60
"186BBBB3BD0F7",NA,"","",12,NA,"F:","5","12","(...) 那 個 嗎",61,64
"5BE86CA9C543",NA,"","",13,NA,"M:","6","13","(...) 差不多",65,66
"262288687E640",NA,"","",14,NA,"F:","7","14",".. 可是 有人 會 因為 這樣",67,72
"2425EB9AB589F",NA,"","",15,NA,"F:","7","15",".. 就 真的 去 買 去 那 個",73,80
"2EA0144A60979",NA,"","",16,NA,"M:","8","16",".. 會 啊",81,83
"CB070A525230",NA,"","",17,NA,"M:","8","17","(...) 不然 為什麼 那些 部落客 那麼 紅",84,90
"310C3158DC625",NA,"","",18,NA,"F:","9","18","(...) 好",91,92
"235314F563F69",NA,"","",19,NA,"F:","9","19",".. 好 無聊",93,95
"211E7D51E6510",NA,"","",20,NA,"F:","9","20","(...) 可是 那 畢竟",96,99
"2580C184F71CB",NA,"","",21,NA,"F:","9","21","(...) 不 是 真實 的 生活",100,105
"32A790C67677",NA,"","",22,NA,"F:","9","22",".. 真實 的 生活 根本 不 會 那麼樣 啊",106,114
"1CA9D4A1F9AD0",NA,"","",23,NA,"M:","10","23","(...) mhm",115,116
"38883C8CB1980",NA,"","",24,NA,"F:","11","24",".. 我 不 是 跟 你 說 我 跟 小氣鬼 討論過 那 話題",117,129
"AC6125FEB22",NA,"","",25,NA,"F:","11","25",".. 就 說 這些 部落客 到底 平常 都 在 幹 嘛",130,140
"6AEFD1616C1B",NA,"","",26,NA,"F:","11","26","(...) 有的 那 樣子 每天 出",141,146
"20A82E7B55E2E",NA,"","",27,NA,"F:","11","27",".. 出去 吃 喝 玩 樂",147,152
"25B0204602A8A",NA,"","",28,NA,"F:","11","28","(...) uh 歐洲 的 遊記 也 可以 寫",153,160
"A4B9442ADFCF",NA,"","",29,NA,"F:","11","29","(...) 日本 的 也 能 寫",161,166
"2498F0C55FDD5",NA,"","",30,NA,"F:","11","30","(...) 然後 東南亞 的 也 寫",167,172
"1A6403875C49F",NA,"","",31,NA,"F:","11","31",".. 台灣 的 也 寫",173,177
"B853449125ED",NA,"","",32,NA,"F:","11","32",".. 所有 的 飯店 什麼 她們 都 住過 了",178,186
"6B913B3DBEDE",NA,"","",33,NA,"M:","12","33",".. mhm",187,188
"30A2A37B3A0D5",NA,"","",34,NA,"F:","13","34",".. 對 啊",189,191
"2BB405D95A714",NA,"","",35,NA,"F:","13","35","(...) 她 老公 不 知道 到底 在 幹 嘛",192,200
"138F848CCA865",NA,"","",36,NA,"M:","14","36",".. @",201,202
"11F712FB4B6EF",NA,"","",37,NA,"F:","15","37",".. 或是 她 本身 到底 在 幹 嘛",203,210
"3A17CE3CED3E",NA,"","",38,NA,"M:","16","38","(...) 問號",211,212
"23CE43990545D",NA,"","",39,NA,"F:","17","39",".. 都 不用 賺錢 都 不用 生活 了",213,220
"13E67C710CC14",NA,"","",40,NA,"F:","17","40",".. 也 都 不用 那 個 嗎",221,227
"6E282FAD21C8",NA,"","",41,NA,"M:","18","41",".. 沒有 [啊]",228,230
"26D217BAC1537",NA,"","",42,NA,"F:","19","42","[都] 沒有 現實 的 考量 嗎",231,236
"E9F4966ADBF6",NA,"","",43,NA,"M:","20","43",".. 偶爾 一定 都 會 有 這 種 人 啦",237,246
"1C7E07F20B179",NA,"","",44,NA,"M:","20","44","(...) 可是 那 不 代表",247,251
"104DFDA021C5D",NA,"","",45,NA,"M:","20","45","(...) 大多數 的 人",252,255
"81EF372A8871",NA,"","",46,NA,"M:","20","46","(...) 對 啊",256,258
"221771FC8F1E4",NA,"","",47,NA,"F:","21","47","(...) 可是 應該 也 不 會 去 羨慕 才 對 啊",259,269
"36D0E8B71B05F",NA,"","",48,NA,"M:","22","48","(...) 妳 看起來 很 羨慕 @@",270,275
"3588EE600017E",NA,"","",49,NA,"F:","23","49","(...) 可是 那",276,278
"1BC43154238F6",NA,"","",50,NA,"F:","23","50",".. 我 覺得 實際 上",279,283
"17CC2FACDB19E",NA,"","",51,NA,"F:","23","51",".. 應該 不 會 是 這樣",284,289
"2F081A053FA30",NA,"","",52,NA,"M:","24","52",".. 沒有 啊",290,292
"A46A74CC050C",NA,"","",53,NA,"M:","24","53",".. 妳 自己",293,295
"147AAF4947793",NA,"","",54,NA,"M:","24","54",".. 現在 沒辦法 那樣",296,299
"1FBA82D2F44F",NA,"","",55,NA,"M:","24","55",".. 所以 妳 會 很 羨慕",300,305
"20059540D68C1",NA,"","",56,NA,"F:","25","56",".. 是 這樣 嗎",306,309
"14DCD00DD16DE",NA,"","",57,NA,"M:","26","57",".. 可是 妳 自己 是 那 樣子 的 時候 妳 就 覺得 沒有 什麼",310,323
"9B36F778F5F2",NA,"","",58,NA,"F:","27","58","(...) mhm",324,325
"22FC530B35875",NA,"","",59,NA,"M:","28","59","(...) 譬如 說 什麼",326,329
"1FE5C280C2043",NA,"","",60,NA,"M:","28","60",".. 我們 去",330,332
"2392887D83C6B",NA,"","",61,NA,"M:","28","61",".. 去 義大利 那 領隊",333,337
"3120AD78F632B",NA,"","",62,NA,"M:","28","62","(...) 去 義大利 已經 去 到 爛掉 了",338,345
"14D063A6766F4",NA,"","",63,NA,"F:","29","63",".. 對 啊",346,348
"4D40FA3E85B",NA,"","",64,NA,"F:","29","64",".. 什麼 地方 對 他 來說 [2都 覺得 一 樣2]",349,358
"2283E695B2717",NA,"","",65,NA,"M:","30","65","[2對 啊2]",359,360
"347752A0AED4C",NA,"","",66,NA,"M:","30","66","(...) 跑來跑去 那",361,363
"1482165971C20",NA,"","",67,NA,"M:","30","67",".. 對 他 來說 都 沒有 什麼",364,370
"32C990326AA68",NA,"","",68,NA,"M:","30","68",".. 還 重遊 義大利 <L3 lei L3>",371,377
"125F86D8A33AB",NA,"","",69,NA,"F:","31","69",".. @@@",378,379
"1488BAAF23561",NA,"","",70,NA,"M:","32","70",".. 他 可能 想到 都 已經",380,385
"2580B44C61CC4",NA,"","",71,NA,"M:","32","71",".. 喔",386,387
"7AC2EB1D57AF",NA,"","",72,NA,"M:","32","72",".. 下次 來到 這裡 的 時候 然後 要 講 什麼 幹嘛 嗯嗯",388,399
"C19934B5BF46",NA,"","",73,NA,"M:","32","73",".. [稿子 都 背 得 一清二楚]",400,405
"19CDD516683A1",NA,"","",74,NA,"F:","33","74","[沒有 你 看",406,408
"5DEECD095CCF",NA,"","",75,NA,"F:","33","75",".. 對 他 來說] 那 是 他 的 工作",409,417
"2364E6B138C6E",NA,"","",76,NA,"M:","34","76",".. 對 啊",418,420
"2DAD5DB9429DB",NA,"","",77,NA,"F:","35","77",".. 然後 例行性 的 就是",421,425
"4680780BEC68",NA,"","",78,NA,"M:","36","78","(...) [2對 啊2]",426,428
"247821C54A7F1",NA,"","",79,NA,"F:","37","79","[2就是 這樣子2]",429,430
"201E354E2B9D6",NA,"","",80,NA,"F:","37","80","(...) 他 可能 今天 到 這裡",431,436
"2F4A0C138F85E",NA,"","",81,NA,"F:","37","81","(...) 就 講 這樣 的 話",437,442
"125EC8A291E4F",NA,"","",82,NA,"F:","37","82","(...) 到 這邊",443,445
"1E86CE3774F4C",NA,"","",83,NA,"F:","37","83",".. 就 [換 這樣 介紹]",446,450
"2E757281F06C9",NA,"","",84,NA,"M:","38","84","[對 啊]",451,452
"170E8A738A1FB",NA,"","",85,NA,"F:","37","85",".. 對 他 來說 沒有 特別 的",453,459
"2C0662B743E86",NA,"","",86,NA,"F:","37","86","(...) 那 個",460,462
"2F91A5F44703F",NA,"","",87,NA,"F:","39","87","(...) 可是 我們",463,465
"19873810FDEAC",NA,"","",88,NA,"F:","39","88",".. 去 的 時候 會 覺得 每 一 個 地方 都 好 驚[奇]",466,478
"27220E0756DAB",NA,"","",89,NA,"M:","40","89","[都] 很 驚奇 啊",479,482
"23B1746477EF1",NA,"","",90,NA,"F:","41","90",".. 然後 都 好好 那 個 喔",483,489
"2A93C16A9BBDE",NA,"","",91,NA,"F:","41","91",".. 好好 玩 喔",490,493
"2FA12BE34B087",NA,"","",92,NA,"M:","42","92","(...) 你 看 所以 同樣 的 行為",494,500
"1EE5F9356A9A9",NA,"","",93,NA,"M:","42","93","(...) 就是 去 義大利",501,504
"21DCD7FC7AB29",NA,"","",94,NA,"M:","42","94","(...) 去 義大利",505,507
"149B440D67FF9",NA,"","",95,NA,"M:","42","95",".. 然後 可是 對",508,511
"366A41255BC6",NA,"","",96,NA,"M:","42","96","(...) 我們",512,513
"20B7588154358",NA,"","",97,NA,"M:","42","97",".. 對 他",514,516
"1D33DB3D01023",NA,"","",98,NA,"M:","42","98","(...) 不同 的 意義",517,520
"155F1ACE8C611",NA,"","",99,NA,"F:","43","99",".. 對 啊",521,523
"A2D44E5EAC20",NA,"","",100,NA,"M:","44","100",".. 然後 差 很 多",524,528
"1537805C30742",NA,"","",101,NA,"F:","45","101","(...) 不過 出",529,531
"8AE55F9AF295",NA,"","",102,NA,"F:","45","102",".. 出去 總 是 增廣見聞",532,536
"1269FB455F290",NA,"","",103,NA,"M:","46","103","(...) mhm",537,538
"2C6D6586AB1C3",NA,"","",104,NA,"F:","47","104",".. 也 還 不錯",539,542
"28F43A9513D34",NA,"","",105,NA,"M:","48","105",".. mhm",543,544
"38BDF0027965",NA,"","",106,NA,"M:","48","106","(...) ei 那 時候 去 義大利 那 時候 他 那 什麼",545,555
"9289D1DA98E6",NA,"","",107,NA,"M:","48","107","(...) 領隊 叫 我們 要 防 那 什麼",556,563
"360CD905EEC81",NA,"","",108,NA,"M:","48","108","(...) 那 是 什麼 人",564,568
"C5253B5779E6",NA,"","",109,NA,"M:","48","109","(...) 他們 叫",569,571
"162CBCEE06EEA",NA,"","",110,NA,"M:","48","110",".. 他們 講 那些 黑人 是 什麼 人",572,579
"33C016223ABC7",NA,"","",111,NA,"F:","49","111",".. 吉普賽",580,581
"C8952D5D114A",NA,"","",112,NA,"M:","50","112",".. 啊 對 對 對",582,586
"1D27F873ED5C8",NA,"","",113,NA,"M:","50","113","[(...) 吉普賽]",587,588
"13E1F28AA638D",NA,"","",114,NA,"F:","51","114","[唉 呦 什麼人 還 不是 都 一樣]",589,595
"136808B061186",NA,"","",115,NA,"F:","51","115","(...) 我 那天 真的 做 那 個 夢 啊",596,604
"2209FEB9D37AA",NA,"","",116,NA,"F:","51","116",".. 我 真的 覺得 超 好笑 的",605,611
"2410C64210C89",NA,"","",117,NA,"F:","51","117",".. 夢見 我們 全家 要 去 西班牙",612,618
"2AF8361343961",NA,"","",118,NA,"F:","51","118","(...) 然後 呢",619,621
"360F58EBBA171",NA,"","",119,NA,"F:","51","119","(...) 十一 點 的 飛機",622,626
"BFADDD2291F8",NA,"","",120,NA,"F:","51","120",".. 然後 八 點 的 時候",627,632
"F4E92821B561",NA,"","",121,NA,"F:","51","121","(...) 我 還 在 跟 我 妹 在 那 邊 爭",633,643
"1411CBDAE7FA0",NA,"","",122,NA,"F:","51","122",".. 誰 要 哪 一 個 旅行箱",644,650
"181DE2EFF05FD",NA,"","",123,NA,"F:","51","123","(...) 在 那邊 爭吵 不休",651,655
"1862593637331",NA,"","",124,NA,"F:","51","124","(...) 然後 我 媽 居然 還 跟 我 說 你 快點 去 幫 Mi寶 綁 頭髮",656,671
"37EA24A7DCA7F",NA,"","",125,NA,"M:","52","125","(...) 嗯 @",672,674
"3208F8CD9171C",NA,"","",126,NA,"F:","53","126",".. 然後 爸爸 也 都 還沒 準備 好",675,682
"1DBAF645DEC4",NA,"","",127,NA,"F:","53","127",".. 然後 說 這樣 要 去 機場",683,689
"33590ED306AE1",NA,"","",128,NA,"M:","54","128",".. 爸爸 還 沒 準備 好 是 比較 不 可能",690,699
"16D858AFFCA96",NA,"","",129,NA,"F:","55","129",".. @@ @ =",700,703
"335D0AC0734C3",NA,"","",130,NA,"F:","55","130",".. [ei",704,705
"138798CC4D8A9",NA,"","",131,NA,"F:","55","131",".. ei]",706,707
"D8A3BEE80A30",NA,"","",132,NA,"M:","56","132","[不過 你們 還 在 那 邊]",708,713
"65015A36D071",NA,"","",133,NA,"M:","56","133","(...) [2你們 還 在 那 邊 東吵西吵 這 是 非常 有 可能2]",714,725
"13D367078D692",NA,"","",134,NA,"F:","57","134","[2@@ @ =2]",726,728
"5FED1291DE31",NA,"","",135,NA,"F:","57","135","(...) 然後 我 還 夢 到 我 媽 跟 我 說 ei 不 知道 我 去 洗 個 頭 來得及 嗎",729,749
"2D312620FA948",NA,"","",136,NA,"M:","58","136","(...) @@",750,751
"1A79180FDF390",NA,"","",137,NA,"F:","59","137",".. 然後 我 還 跟 她 說 十一 點 的 飛機 耶",752,763
"20EEE74F4EDC2",NA,"","",138,NA,"F:","59","138",".. 現在 要 出門 了",764,768
"23C4D075CFB89",NA,"","",139,NA,"M:","60","139","(...) 然後 你 爸 就 爆炸 了",769,775
"385DCA5E47F23",NA,"","",140,NA,"F:","61","140","(...) 沒有 是 我 爆炸",776,780
"21A1C1221B1D5",NA,"","",141,NA,"F:","61","141",".. 後來",781,782
"AFEF7EBCAB8F",NA,"","",142,NA,"F:","61","142",".. 最後 結論 好像 是",783,787
"24BCE81C6EE43",NA,"","",143,NA,"F:","61","143",".. 我 突然",788,790
"28F763D00BFAD",NA,"","",144,NA,"F:","61","144",".. 我 就 知道 我 在 作夢",791,797
"34DF2CE8C69FC",NA,"","",145,NA,"F:","61","145",".. 然後 可是",798,800
"261D7941FE89B",NA,"","",146,NA,"F:","61","146","(...) 夢裡 的 那 一 瞬間 就 覺得",801,808
"379B41A76DFCD",NA,"","",147,NA,"F:","61","147",".. 天啊",809,810
"32EEB5F9DA197",NA,"","",148,NA,"F:","61","148","(...) 我 不 想 去 了",811,816
"1CEEC1CA599ED",NA,"","",149,NA,"F:","61","149",".. 我 不要 去 算了 這樣子",817,822
"18C68E4826257",NA,"","",150,NA,"F:","61","150",".. 她 還 在 那邊 跟 我 爭說 飛機 是 十二 點",823,834
"26F992D1A9B83",NA,"","",151,NA,"F:","61","151",".. 我 說 是 十一 點",835,840
"1DC41BA369060",NA,"","",152,NA,"F:","61","152",".. 然後 就 一直 爭吵不休",841,845
"AB9980745D87",NA,"","",153,NA,"M:","62","153",".. @@[@@]",846,847
"16BC615804290",NA,"","",154,NA,"F:","63","154","[@@@=] 然後 我 妹 還 一直 在 那 邊 跟 我 爭 那 個 粉紅色 的 旅行箱",848,864
"C113063C088",NA,"","",155,NA,"F:","63","155",".. 然後 行李 都 還 沒 收 這樣",865,872
"3DF6F2F7E95D",NA,"","",156,NA,"F:","63","156","(...) 然後 說 這樣 要 去 西班牙",873,879
"E894855A047A",NA,"","",157,NA,"M:","64","157","(...) 有",880,881
"D8EDA16F7268",NA,"","",158,NA,"M:","64","158","(...) 這 非常 有 你們 的 [2風格2]",882,888
"10B1C04E61BB4",NA,"","",159,NA,"F:","65","159","[2@2]",889,889
"2AD88BA245E05",NA,"","",160,NA,"F:","65","160",".. 然後 帶 小孩 去 這樣子 怎麼 可能",890,897
"2B71E8DA25715",NA,"","",161,NA,"M:","66","161","(...) @",898,899
"1A1BFC0009BC",NA,"","",162,NA,"F:","67","162","(...) 然後 我 還 夢 到 就是",900,906
"D549EE1024DB",NA,"","",163,NA,"F:","67","163",".. Mi寶 的 東西 我 什麼 也 都 還 沒 收",907,917
"10CE6919F6314",NA,"","",164,NA,"F:","67","164","(...) 尿布 也 都 沒帶 什麼 也 都 還 沒 用 那 樣子",918,930
"30AC9C100E787",NA,"","",165,NA,"M:","68","165",".. uh m[@@]",931,933
"33C854565B2AB",NA,"","",166,NA,"F:","69","166","[對 啊]",934,935
"E50A47FF5B1E",NA,"","",167,NA,"F:","69","167","(...) 真是 個 怪夢",936,939
"1C550324D8BA9",NA,"","",168,NA,"M:","70","168","(...) @@",940,941
"2CD78D182FEE8",NA,"","",169,NA,"F:","71","169","(...) 就 那 種 慌慌張張 那樣 @@",942,948
"15D6FEFA52318",NA,"","",170,NA,"M:","72","170","(...) 你 看 你們 平常 出門 多 會 拖",949,957
"996EB58FE26E",NA,"","",171,NA,"F:","73","171","(...) 也 還好 吧",958,961
"EF71475994BE",NA,"","",172,NA,"F:","73","172","(...) 我 已經 算 家 裡 第 二 名 了 吧",962,972
"E2A5D7E6B0A2",NA,"","",173,NA,"M:","74","173","(...) 喔",973,974
"19AC7F671852B",NA,"","",174,NA,"F:","75","174",".. 我 爸 之後 換 我 啦",975,981
"1CFFE9343A1F3",NA,"","",175,NA,"M:","76","175",".. huh",982,983
"ABDDAEDA5D3B",NA,"","",176,NA,"F:","77","176","(...) 我 之後 換 我 妹",984,989
"2A4606021B8FA",NA,"","",177,NA,"M:","78","177","(...) mhm",990,991
"759873D976E4",NA,"","",178,NA,"F:","79","178","(...) 最 會 拖 的 大概 就是 媽媽",992,999
"232216CAE6156",NA,"","",179,NA,"M:","80","179","(...) mhm",1000,1001
"34DF4D2B76630",NA,"","",180,NA,"F:","81","180","(...) @@",1002,1003
"48A81383ED73",NA,"","",181,NA,"F:","81","181","(...) 你 動作 也 很 慢 啊",1004,1010
"EE9143163225",NA,"","",182,NA,"F:","81","182","(...) 你 笑 誰 啊",1011,1015
"225919CB28267",NA,"","",183,NA,"M:","82","183",".. 我 哪 有 很 慢",1016,1021
"24E9870F80788",NA,"","",184,NA,"F:","83","184",".. 那 是 因為 你 不用 化妝",1022,1028
"1ABAB62CF5F45",NA,"","",185,NA,"F:","83","185",".. 你 不用 整理 東西",1029,1033
"8587F31D3072",NA,"","",186,NA,"M:","84","186","(...) 我 動作 很 快",1034,1038
"28658891CE5E4",NA,"","",187,NA,"F:","85","187",".. 我 就 想到 那天 小舅媽 講 的",1039,1046
"18B6B7AC66400",NA,"","",188,NA,"F:","85","188","(...) ei 你 知 不 知道 現在 幾點 了",1047,1055
"33A6B3C933170",NA,"","",189,NA,"F:","85","189",".. 你 還 要 洗 衣服",1056,1061
"27621D70D1436",NA,"","",190,NA,"F:","85","190",".. 啊 你 還 要 整理 東西",1062,1068
"D90C694F1671",NA,"","",191,NA,"F:","85","191",".. 你 知 不 知道 我們 明天 幾點 要 出門 啊",1069,1079
"1C7E92FB308C5",NA,"","",192,NA,"F:","85","192","(...) 男人 就 只 會 講 這些 屁話 而已",1080,1088
"16D08C269BDE2",NA,"","",193,NA,"M:","86","193","(...) mhm",1089,1090
"448046D4021D",NA,"","",194,NA,"F:","87","194",".. 然後 也 不 來 幫忙",1091,1096
"1DF1D6C7E516D",NA,"","",195,NA,"F:","87","195","(...) 就 像 那 每次",1097,1101
"1D8679F41FBCA",NA,"","",196,NA,"F:","87","196",".. 禮拜六 晚上 的 時候 你 都 在 那 邊 趕",1102,1112
"8A6C15F46232",NA,"","",197,NA,"F:","87","197","(...) mhm",1113,1114
"1B5F1CB6D234",NA,"","",198,NA,"F:","87","198","(...) 你 好 了 沒",1115,1119
"1D40C26D8865E",NA,"","",199,NA,"F:","87","199","(...) 現在 幾點 了",1120,1123
"183CF1FA6DB6A",NA,"","",200,NA,"F:","87","200",".. 現在 十 點 了",1124,1128
"2F3D9E002FA11",NA,"","",201,NA,"F:","87","201",".. 現在 幾點 了",1129,1132
"1A083DEBD8DC7",NA,"","",202,NA,"F:","87","202",".. 你 知道 嗎",1133,1136
"2BB57BDB4027E",NA,"","",203,NA,"M:","88","203","(...) 唉",1137,1138
"305B88CC86DD",NA,"","",204,NA,"F:","89","204","(...) 還 敢 趕 我",1139,1143
"FF501A22FC8B",NA,"","",205,NA,"F:","89","205","(...) 喔",1144,1145
"1FFD7E85660E2",NA,"","",206,NA,"M:","90","206","(...) mhm",1146,1147
"230B5BB59EDF5",NA,"","",207,NA,"M:","90","207","(...) 那 是 真的 很 晚 了 ne",1148,1155
"23397952935D9",NA,"","",208,NA,"M:","90","208","(...) 啊 我 可以 用 的 我 也 都 用 了",1156,1166
"2777D553DFBE2",NA,"","",209,NA,"F:","91","209","(...) 你 沒 用 什麼 啊 你 用 什麼",1167,1175
"2E0E3819E409E",NA,"","",210,NA,"F:","91","210",".. 每次 [都 說 什麼]",1176,1180
"10D31DACBD41F",NA,"","",211,NA,"M:","92","211","[有 啊]",1181,1182
"C5F071691F8C",NA,"","",212,NA,"F:","93","212",".. 然後 回到 家還 會 highlight 我 就是 什麼",1183,1191
"1F853DC4CA81C",NA,"","",213,NA,"F:","93","213","(...) ei 你 怎麼 沒帶 玩具",1192,1197
"31532EF8BFAC1",NA,"","",214,NA,"F:","93","214","(...) 應該 要 帶 個 玩具 回來 給 她 玩",1198,1207
"365B4F699A754",NA,"","",215,NA,"F:","93","215","(...) 講 那 什麼 屁話",1208,1212
"C3F4EB32D27E",NA,"","",216,NA,"M:","94","216","(...) mhm",1213,1214
"274419913EA35",NA,"","",217,NA,"F:","95","217","(...) 自己 不 會 收 喔",1215,1220
"7892E0897224",NA,"","",218,NA,"M:","96","218","(...) 下次 要 帶 一下",1221,1225
"1707A1932E92B",NA,"","",219,NA,"F:","97","219","(...) 最好 不要 回去 住",1226,1230
"11C50C47B5853",NA,"","",220,NA,"F:","97","220","(...) 你 答應 我 的 喔",1231,1236
"8B16109B9EE8",NA,"","",221,NA,"F:","97","221","(...) 還說",1237,1238
"270B3718B6B5",NA,"","",222,NA,"F:","97","222","(...) 怎麼樣 這次 老闆 跟 你 剪 這 個 頭髮 你 還 滿意 嗎",1239,1252
"EB1884059130",NA,"","",223,NA,"M:","98","223","(...) 還 不錯 啊",1253,1256
"2F67443644BF",NA,"","",224,NA,"F:","99","224","(...) @ =",1257,1259
"2A213451DA9F9",NA,"","",225,NA,"M:","100","225","(...) 可是 老闆 有 點 龜毛",1260,1265
"2629925F0C4EE",NA,"","",226,NA,"M:","100","226","(...) 這樣",1266,1267
"38D58AB2C2880",NA,"","",227,NA,"M:","101","227","(...) 這樣",1268,1269
"1FE0CEC699269",NA,"","",228,NA,"F:","102","228",".. 一 根 一 根 拔 起來 剪",1270,1277
"2ED8CBEAB4B92",NA,"","",229,NA,"F:","102","229",".. 拿 起來 剪",1278,1281
"178BD804B6C6",NA,"","",230,NA,"M:","103","230","(...) 真的 是 一 根 一 根 剪",1282,1289
"2227E802293B4",NA,"","",231,NA,"F:","104","231",".. 對 啊",1290,1292
"14012212978FB",NA,"","",232,NA,"F:","104","232","(...) 然後 要不 就 在 那 邊幫 你 吹 那 個 領子",1293,1304
"744CD8EAE5FF",NA,"","",233,NA,"M:","105","233",".. [@ =]",1305,1307
"178F80AFC2E3C",NA,"","",234,NA,"F:","106","234","[然後] [2吹 了 半天2]",1308,1311
"1A5CA4322A417",NA,"","",235,NA,"M:","107","235","[2@@2]",1312,1312
"2346814E94F3B",NA,"","",236,NA,"M:","107","236",".. 然後 你 爸 揹著 Mi寶 [3在 外面 已經3]",1313,1321
"25704A0C62246",NA,"","",237,NA,"F:","108","237","[3對3]",1322,1322
"1D6E55051F4FD",NA,"","",238,NA,"F:","108","238","(...) 人家 他 還 不慌不忙 的 慢慢 這樣",1323,1330
"25D81FB47C5EA",NA,"","",239,NA,"F:","108","239","(...) 慢慢 吹",1331,1333
"BBCEF2732474",NA,"","",240,NA,"F:","108","240",".. 慢慢 吹",1334,1336
"2B1FD15547170",NA,"","",241,NA,"F:","108","241",".. 你 應該 跟 他 講說",1337,1342
"4DCDDAD67ED3",NA,"","",242,NA,"F:","108","242",".. 不用 吹 了 不用 吹 了",1343,1349
"3280E8BF5A596",NA,"","",243,NA,"M:","109","243",".. 已經 很 [抓狂3]",1350,1353
"242DFD15BE1C",NA,"","",244,NA,"M:","110","244","[我 很 想] 講",1354,1357
"15D2779915D0E",NA,"","",245,NA,"F:","117","245","(...) 你 還說 [我 給 他 按 得]",1358,1365
"1055DF97E173F",NA,"","",246,NA,"M:","118","246","[真的 會 洗 到 睡著]",1366,1370
"2673D6E6195A8",NA,"","",247,NA,"M:","110","247","(...) 可是 那 領子 真的 很 濕",1371,1377
"356973E318A12",NA,"","",248,NA,"F:","111","248","(...) 是 洗頭 時候 用濕 的 [2 <L3 hiou L3> 2]",1378,1388
"1F11D5A3A18E9",NA,"","",249,NA,"M:","112","249","[2嘿2] 真的 很 濕",1389,1392
"20368504D4508",NA,"","",250,NA,"F:","113","250",".. hun 那 那 個",1393,1397
"38D067F5B1D1B",NA,"","",251,NA,"F:","113","251",".. 小弟 很 不 會 洗 喔",1398,1404
"24D84BFEE28BB",NA,"","",252,NA,"M:","114","252",".. 對 啊",1405,1407
"1420B1F9013C5",NA,"","",253,NA,"M:","114","253",".. 沒有",1408,1409
"2C640B55E8AF5",NA,"","",254,NA,"M:","114","254",".. 可",1410,1411
"142E6B9C5AF6E",NA,"","",255,NA,"M:","114","255",".. 我",1412,1413
"26EE1265C4D5D",NA,"","",256,NA,"M:","114","256",".. 不 曉得 是 什麼 時候 弄濕 的",1414,1421
"1E7A248A2AD2A",NA,"","",257,NA,"M:","114","257","(...) 因為 他 都 會 一直 東",1422,1428
"1AE855BBC8D06",NA,"","",258,NA,"M:","114","258",".. 有 東西 電 直 它",1429,1434
"1AC2B424EE65F",NA,"","",259,NA,"F:","115","259","(...) 喔 =",1435,1437
"1261795627ED1",NA,"","",260,NA,"M:","116","260","(...) 對 啊",1438,1440
"344148EAB7D21",NA,"","",261,NA,"M:","116","261","(...) 不過 去 給 人家 洗頭 真的 很 舒服 耶",1441,1450
"2D9F65C2AFD2",NA,"","",262,NA,"F:","119","262",".. 應該 説",1451,1453
"6D166EFB4A84",NA,"","",263,NA,"F:","119","263",".. 按 了 兩天 之後 到 現在 還 在 頭痛",1454,1463
"7F2101EC92FF",NA,"","",264,NA,"M:","120","264","(...) @@",1464,1465
"4F728EE24FEF",NA,"","",265,NA,"F:","121","265",".. 你 知道 那 個",1466,1470
"1D4432BE677DA",NA,"","",266,NA,"F:","121","266","(...) 他 跟 我 掐 得 多 大力 嗎",1471,1479
"2E3ACEE0035AC",NA,"","",267,NA,"M:","122","267","(...) <L3 hiou L3>",1480,1483
"2BD9C3F627B45",NA,"","",268,NA,"M:","122","268",".. 啊",1484,1485
"368F3454CFDE",NA,"","",269,NA,"M:","122","269",".. 你 怎麼 沒有 叫 出來",1486,1491
"92881B2E9714",NA,"","",270,NA,"F:","123","270","(...) 我 就 he= 他 整個 從 後面 這樣子",1492,1500
"27D15FCC85623",NA,"","",271,NA,"F:","123","271","(...) 這樣 er =這樣子",1501,1504
"2D475AA968994",NA,"","",272,NA,"F:","123","272","(...) 然後 這樣 jiang jiang",1505,1509
"28EEF98A2FA85",NA,"","",273,NA,"F:","123","273","(...) 然後 又 壓 這邊",1510,1514
"2BBFF075A06CA",NA,"","",274,NA,"M:","124","274",".. 這樣",1515,1516
"1C32CF7D602F",NA,"","",275,NA,"M:","124","275",".. [應該 蠻 舒服 的]",1517,1521
"1C30F2DE02E7C",NA,"","",276,NA,"F:","125","276","[然後 我 都 覺得]",1522,1525
"89ED773C57AD",NA,"","",277,NA,"F:","125","277",".. 我 好 想 跳 起來 掐 住 他 [2@ =2]",1526,1536
"28D60E156E966",NA,"","",278,NA,"M:","126","278","[2@@ @2]",1537,1538
"1C27A0DBD7451",NA,"","",279,NA,"F:","127","279",".. @@ 真的 很 痛 耶",1539,1544
"176255E4CF0E1",NA,"","",280,NA,"M:","128","280",".. 唉",1545,1546
"B1C05C8FB00F",NA,"","",281,NA,"F:","129","281","(...) 沒有 舒服 的 感覺",1547,1551
"12CDCAC6161D2",NA,"","",282,NA,"F:","129","282","(...) 我 覺得 他 那 個 是 不是 不 太 會 抓 啊",1552,1564
"E701F9D7C048",NA,"","",283,NA,"F:","129","283","(...) 然後 只 知道 用 蠻力",1565,1570
"143837D153206",NA,"","",284,NA,"M:","130","284","(...) 喔",1571,1572
"3FD31B30F3DB",NA,"","",285,NA,"F:","131","285","(...) 對 啊",1573,1575
"20B6BBC8BB368",NA,"","",286,NA,"M:","132","286","(...) mhm",1576,1577
"1F7C77F3BAD56",NA,"","",287,NA,"F:","133","287","(...) 就 很 笨 啊",1578,1582
"6FF20A2E57C7",NA,"","",288,NA,"M:","134","288","(...) @",1583,1584
"1889D6EDAD15C",NA,"","",289,NA,"F:","135","289","(...) 痛 死 我 了",1585,1589
"17CCCC293BFD",NA,"","",290,NA,"M:","136","290","(...) 那 你 弟弟 應該 也 都 不 到 二十 歲 吧",1590,1601
"5D125F045CFE",NA,"","",291,NA,"F:","137","291","(...) 不到 啊",1602,1604
"15CB025F9E188",NA,"","",292,NA,"F:","137","292","(...) [那]",1605,1606
"F529E70AC817",NA,"","",293,NA,"M:","138","293","[年紀] [2都 很 輕2]",1607,1610
"35F3257187C6E",NA,"","",294,NA,"F:","139","294","[2年紀 都 很 輕2]",1611,1614
"12C2CC533E0F3",NA,"","",295,NA,"M:","140","295","(...) 那 他們 是 有 請 一 個 設計師 這樣子",1615,1624
"26CFBFFD5E3F2",NA,"","",296,NA,"F:","141","296","(...) 對",1625,1626
"175D42414B585",NA,"","",297,NA,"F:","141","297","(...) 那 個 nu -",1627,1631
"3089C38867E5D",NA,"","",298,NA,"F:","141","298",".. 另外 [那 個 女]",1632,1636
"28651C65CD4CD",NA,"","",299,NA,"M:","142","299","[另外 那 也 是 設計師]",1637,1641
"B50970702CE6",NA,"","",300,NA,"F:","143","300",".. mhm",1642,1643
"34D242E93E151",NA,"","",301,NA,"F:","143","301","(...) 本來 有 兩個 後來 走 了 一 個 啊",1644,1653
"19599058C934A",NA,"","",302,NA,"M:","144","302","(...) 喔 =",1654,1656
"2B0AAE8DD4F95",NA,"","",303,NA,"F:","145","303","(...) 他們 現在 人手 也 不是 很 夠",1657,1664
"3829632B6011E",NA,"","",304,NA,"M:","146","304","(...) 可是 生意 好像 沒有 特別 好",1665,1671
"1B1EAB8B7CF9",NA,"","",305,NA,"F:","147","305","(...) 不會 耶",1672,1674
"1A4F7A0121F39",NA,"","",306,NA,"F:","147","306","(...) 就是 因為 我們 去 的 那 個 時間 是 因為 吃飯 時間",1675,1687
"F36FE81B4F83",NA,"","",307,NA,"M:","148","307","(...) <L3 hiou L3>",1688,1691
"1EEFC5C25C015",NA,"","",308,NA,"F:","149","308","(...) um",1692,1693
"1FE2A64EC58F8",NA,"","",309,NA,"F:","149","309","(...) 要不然 有 時候 都 要 等",1694,1700
"2ED079C2AFEB8",NA,"","",310,NA,"M:","150","310","喔",1701,1701
"2BE1A75B8E14",NA,"","",311,NA,"F:","151","311",".. 而且 現在 競爭 那麼 激烈 你 看",1702,1709
"2693A6F828EC4",NA,"","",312,NA,"M:","152","312",".. mhm=",1710,1711
"BDB722401119",NA,"","",313,NA,"F:","153","313",".. 一百 公尺 以 內 有 幾間",1712,1718
"EDF6069D4F51",NA,"","",314,NA,"M:","154","314",".. 對 啊",1719,1721
"13E2D373F5DEE",NA,"","",315,NA,"F:","155","315","(...) 從",1722,1723
"1E6D7A546187C",NA,"","",316,NA,"F:","155","316","(...) 這 一 頭 到 那 一 頭",1724,1731
"7B2F2342B8DB",NA,"","",317,NA,"M:","156","317","(...) mhm=",1732,1733
"17174B321E8CF",NA,"","",318,NA,"F:","157","318",".. 到 那 個= 以前 臭臉",1734,1739
"31A3D3A66310C",NA,"","",319,NA,"F:","157","319",".. 那 個",1740,1742
"B4203BE77EAF",NA,"","",320,NA,"F:","157","320",".. 老周 那裡",1743,1745
"13BF6011DDD1D",NA,"","",321,NA,"M:","158","321",".. mhm=",1746,1747
"1581A37076796",NA,"","",322,NA,"F:","159","322","(...) 我 知道 就 五 間 了",1748,1754
"22BC4417033DE",NA,"","",323,NA,"M:","160","323","(...) mhm",1755,1756
"D5E1A707DFDD",NA,"","",324,NA,"F:","161","324","(...) 我 數 得 出來 就 五間 了 喔",1757,1765
"11ACC556B2109",NA,"","",325,NA,"M:","162","325",".. 很多 間",1766,1768
"6AD04DDDBA7C",NA,"","",326,NA,"F:","163","326",".. 對 啊",1769,1771
"946016A91B3A",NA,"","",327,NA,"F:","163","327","(...) 才 短短 一百 公尺 以內 耶",1772,1778
"2A26E0C4615B8",NA,"","",328,NA,"M:","164","328","(...) 那 你們 最後 怎麼 都 習慣 在 東京",1779,1787
"260E4FCCD321E",NA,"","",329,NA,"F:","165","329","(...) 不 知道 啊",1788,1791
"1EFEE9437A240",NA,"","",330,NA,"M:","166","330","(...) 喔",1792,1793
"29A1BD1FFF7EB",NA,"","",331,NA,"F:","167","331","(...) 因為 近 吧",1794,1797
"1F07EF8E24D5E",NA,"","",332,NA,"F:","167","332",".. 然後 又 方便 那樣",1798,1802
"1E78D7DEABEE7",NA,"","",333,NA,"M:","168","333",".. 他 又 用 得 不錯",1803,1808
"1937B28B7B384",NA,"","",334,NA,"F:","169","334","(...) 我 覺得 他 算 用 得 不錯 .",1809,1817
"ABC41264D937",NA,"","",335,NA,"M:","170","335","(...) hm",1818,1819
"1CA271123D3B5",NA,"","",336,NA,"F:","171","336","(...) 唉",1820,1821
"2C45E6C70FCAB",NA,"","",337,NA,"F:","171","337","(...) 唉 之後 天氣 越 來 越 熱",1822,1829
"2DFA5FB6EEBD9",NA,"","",338,NA,"F:","171","338",".. 我 看 午休 還 是 都 待 在 公司 睡覺 好 了",1830,1842
"29C76378C8249",NA,"","",339,NA,"M:","172","339",".. mhm",1843,1844
"A729393EACE9",NA,"","",340,NA,"F:","173","340","(...) 沒事 不要 亂跑 出來 那 [個]",1845,1851
"1C17C1E90D5F3",NA,"","",341,NA,"M:","174","341","[mhm]",1852,1852
"1D6378FAD5526",NA,"","",342,NA,"F:","175","342","(...) 唉 車 趕快 給 我 開 啦",1853,1860
"248E27674C74D",NA,"","",343,NA,"M:","176","343","(...) 等下 給 妳開",1861,1864
"347E0473D4557",NA,"","",344,NA,"F:","177","344","(...) 你 為什麼 要 挑 我 愛 睏 [的 時候 才 給 我 開]",1865,1878
"2D9A4EF8CF26E",NA,"","",345,NA,"M:","178","345","[@ =]",1879,1880
"22DE3E7865BD1",NA,"","",346,NA,"F:","179","346","(...) 我 可以 拒絕 嗎",1881,1885
"2C5B4FB949A4B",NA,"","",347,NA,"M:","180","347",".. 讓 你 練習 一下 啊",1886,1891
"BD96DBF47666",NA,"","",348,NA,"F:","181","348",".. ho= 我 愛睏 了 啦 @ =",1892,1899
"1292E156479B5",NA,"","",349,NA,"M:","182","349",".. 我 也 有 點 愛睏",1900,1905
"2FE9C79EDDA28",NA,"","",350,NA,"F:","183","350",".. @ 我 開 你 睡 得 著 喔",1906,1914
"37754B78BF404",NA,"","",351,NA,"M:","184","351","(...) 也許 可以",1915,1917
"1534221C5D310",NA,"","",352,NA,"F:","185","352",".. 不要 鬧 了",1918,1921
"1B16AD9E85085",NA,"","",353,NA,"F:","185","353",".. 不要 [2開 玩笑2]",1922,1925
"1E09BE755DA13",NA,"","",354,NA,"M:","186","354","[2對 啊2]",1926,1927
"273DD5533A418",NA,"","",355,NA,"F:","187","355","(...) mhm",1928,1929
"B33831E650D0",NA,"","",356,NA,"F:","187","356",".. 給 你 喝",1930,1933
"251A6DD726280",NA,"","",357,NA,"F:","187","357","(...) 快要 喝 完了 耶",1934,1938
"D0AC8F8A0C82",NA,"","",358,NA,"F:","187","358",".. 這 杯",1939,1941
"B5E97F3E8937",NA,"","",359,NA,"F:","187","359","(...) 那 麼 大 杯",1942,1946
"23BFBFC4FD459",NA,"","",360,NA,"F:","188","360","(...) 覺得 今天 晚上 那 個 日本 料理 真的 好好 吃 喔",1947,1958
"144D9884EFBF5",NA,"","",361,NA,"M:","189","361",".. mhm",1959,1960
"C4F77FE2D5E3",NA,"","",362,NA,"F:","190","362",".. 我 現在 越來越 喜歡 吃 日本 料理",1961,1968
"188EB2A1ACD98",NA,"","",363,NA,"F:","190","363","(...) 有的 東西 它 就 比較 [油膩]",1969,1975
"120A907F2FDAF",NA,"","",364,NA,"M:","191","364","[對 啊]",1976,1977
"22452A89922F9",NA,"","",365,NA,"F:","190","365",".. 然後 比較 不 會 加工 那 麼 多",1978,1986
"13E1554A501D4",NA,"","",366,NA,"F:","192","366","(...) 對 啊",1987,1989
"EAE746E59447",NA,"","",367,NA,"M:","193","367",".. 然後 那 炭烤 其實 也",1990,1995
"CB55C85CE199",NA,"","",368,NA,"M:","193","368","(...) 不 會 說",1996,1999
"EB4BC1FDE860",NA,"","",369,NA,"M:","193","369","(...) 看起來 很 不 健康 那 樣",2000,2006
"140C882736462",NA,"","",370,NA,"F:","194","370","(...) 不 會 [耶]",2007,2010
"9A54B4C50026",NA,"","",371,NA,"M:","195","371","[嘿 啊",2011,2012
"18272C5E21BE",NA,"","",372,NA,"M:","195","372",".. 都] [2還 好2]",2013,2016
"31CF986E89B8E",NA,"","",373,NA,"F:","196","373","[2就 也 不 會 說2] [3油 用3]",2017,2023
"1483213ED449C",NA,"","",374,NA,"M:","197","374","[3還 OK3]",2024,2025
"8F08A2DC5880",NA,"","",375,NA,"F:","198","375",".. 而且 我 覺得 它 價錢 沒有 特別 貴 但是 至少 擺盤 什麼 的 都 看起[來] 乾乾淨淨 的",2026,2043
"2064AC87360F1",NA,"","",376,NA,"M:","199","376","[mhm]",2044,2044
"B42B05A90B47",NA,"","",377,NA,"F:","200","377","(...) ho",2045,2046
"12C8ACC7912D2",NA,"","",378,NA,"F:","200","378",".. 你 媽 用 的 菜 都 很 油 <L3 hon L3>",2047,2058
"278A8537B6B06",NA,"","",379,NA,"F:","200","379",".. 你 有 沒有 發現",2059,2063
"3193EFD7F36F2",NA,"","",380,NA,"M:","201","380","(...) mhm",2064,2065
"20B024605D4DD",NA,"","",381,NA,"F:","202","381","(...) 雞腿 用煎 的",2066,2069
"3432DB17E6537",NA,"","",382,NA,"F:","202","382",".. si= @",2070,2072
"E30953754021",NA,"","",383,NA,"M:","203","383",".. @@ @",2073,2075
"1FC71D248E4A8",NA,"","",384,NA,"F:","204","384",".. 然後 浮 一 層 油",2076,2081
"B9BCCB6F825B",NA,"","",385,NA,"M:","205","385","(...) 對 啊",2082,2084
"219A5CE03CA84",NA,"","",386,NA,"F:","206","386",".. 她 都 滷過 再 煎 然後",2085,2091
"1CAFDD4CFD047",NA,"","",387,NA,"M:","207","387","(...) TSK 那天 的 沒有 滷過",2092,2097
"229E9F7D70D00",NA,"","",388,NA,"F:","208","388","(...) 真的 嗎 可 我 發覺 她 很 喜歡 滷 東西",2098,2108
"2E41CAC9ADE1E",NA,"","",389,NA,"M:","209","389","(...) mhm",2109,2110
"6869DF37CF90",NA,"","",390,NA,"F:","210","390","(...) 我 知道 她 蒸魚 是 都 放 蠔油 才 會 都 有 甜甜 的 味道",2111,2126
"BBF4DA6C2858",NA,"","",391,NA,"M:","211","391",".. 對",2127,2128
"115B439F757C8",NA,"","",392,NA,"F:","212","392","(...) 可是 其實 蠔油 加 了 很多",2129,2135
"22BD6376CEB53",NA,"","",393,NA,"F:","212","393",".. 有的沒的 說",2136,2138
"21A6BC4466804",NA,"","",394,NA,"F:","212","394","(...) 給 小朋友 吃 應該 不要",2139,2144
"CB9CEE145D0D",NA,"","",395,NA,"F:","212","395","(...) 不要 用 蠔油",2145,2148
"329FD35FE0A99",NA,"","",396,NA,"M:","213","396","(...) mhm",2149,2150
"2BA15AD618076",NA,"","",397,NA,"F:","214","397","(...) 可是 她 好像 從 以前 就 都 用",2151,2159
"360DA536DD2D8",NA,"","",398,NA,"M:","215","398",".. 對 啊",2160,2162
"237804712E974",NA,"","",399,NA,"F:","216","399",".. 都 習慣 用 蠔油",2163,2167
"191EC0A3DB9BB",NA,"","",400,NA,"M:","217","400","(...) 可 這樣 蒸 的確 是 滿 好吃 的",2168,2176
"3620D20404AA9",NA,"","",401,NA,"F:","218","401","(...) 我 比較 不 喜歡 甜 的",2177,2183
"EECAC29559B5",NA,"","",402,NA,"M:","219","402","(...) <L3 hiou L3>",2184,2187
"324DDB1D52234",NA,"","",403,NA,"F:","220","403","(...) mhm",2188,2189
"2600572B0B382",NA,"","",404,NA,"F:","220","404","(...) 對 我 就 一直 覺得 很 奇怪 為 什麼 每次 吃",2190,2201
"8F9AF62FF164",NA,"","",405,NA,"F:","220","405","(...) 都 有 甜甜 的 味道",2202,2207
"156E65E80EEC3",NA,"","",406,NA,"F:","220","406","(...) 我 本來 以為 是 放 香油 還 是",2208,2216
"12F285E540E70",NA,"","",407,NA,"F:","220","407",".. 後來 想 說 應該 是 蠔油",2217,2223
"15149A18AB85D",NA,"","",408,NA,"F:","220","408","(...) mhm=",2224,2225
"978814CEBDFC",NA,"","",409,NA,"F:","220","409","(...) 簡## 有 回 那 個 耶",2226,2232
"1808777D868DC",NA,"","",410,NA,"F:","220","410","(...) 回家",2233,2234
"13C4BF8C5AFF0",NA,"","",411,NA,"M:","221","411","(...) <L3 hiou L3>",2235,2238
"218E8C0C2EA89",NA,"","",412,NA,"F:","222","412",".. 回 宜蘭",2239,2241
"238EF5457F49B",NA,"","",413,NA,"F:","222","413","(...) 她 不 知道 會 不 會 去 看",2242,2250
"35949A45B03DF",NA,"","",414,NA,"F:","222","414","(...) Mi寶",2251,2252
"45262509CC15",NA,"","",415,NA,"M:","223","415",".. 應該 會 吧",2253,2256
"2201D66F5A4AF",NA,"","",416,NA,"F:","224","416",".. 搞 不 好",2257,2260
"18D66D74ABAC2",NA,"","",417,NA,"M:","225","417",".. ei 啊 君 要 搬離 新竹 喔",2261,2268
"E83C72CDC89D",NA,"","",418,NA,"F:","226","418","(...) 對 啊",2269,2271
"C141F5F0C3C6",NA,"","",419,NA,"F:","226","419","(...) 要不然 <L3 le L3>",2272,2276
"25B8BFE60883C",NA,"","",420,NA,"M:","227","420","(...) 就 暑假",2277,2279
"17C2B7CEAD094",NA,"","",421,NA,"M:","227","421","(...) 放 暑假 就要 [搬離 新竹 了 喔]",2280,2287
"25BAFCB292545",NA,"","",422,NA,"F:","228","422","[mhm]",2288,2288
"794572757220",NA,"","",423,NA,"F:","228","423","(...) 哇= 如果 要 在 哪邊 租 房子 很 貴 耶",2289,2299
"12AF44FE5AF4B",NA,"","",424,NA,"M:","229","424","(...) 沒有 啦",2300,2302
"179A3B41D993B",NA,"","",425,NA,"M:","229","425","(...) 一 年級 應該 都 有 宿舍 可以 住",2303,2311
"2E7B2E0BB493",NA,"","",426,NA,"F:","230","426",".. 不 一定 吧",2312,2315
"337C832AA3DDC",NA,"","",427,NA,"F:","230","427",".. 也 [2都 會 有2]",2316,2320
"2BEC71A4BF2F",NA,"","",428,NA,"M:","231","428","[2幾乎 都 會 有2]",2321,2324
"1A81DA4FF3E21",NA,"","",429,NA,"F:","232","429",".. 是 喔",2325,2327
"1949858FE7CDB",NA,"","",430,NA,"M:","233","430",".. mhm",2328,2329
"C8E88EBC70BB",NA,"","",431,NA,"M:","233","431","(...) 大部分",2330,2331
"1437871650824",NA,"","",432,NA,"M:","233","432","(...) 也 讀 兩年 而已 啊",2332,2337
"3292E839078A2",NA,"","",433,NA,"F:","234","433","(...) 也 還好",2338,2340
"5174D779E823",NA,"","",434,NA,"F:","234","434",".. 不過 那 個 路段",2341,2345
"7B923FC23D36",NA,"","",435,NA,"F:","234","435",".. 那 個 地段 真的 很 貴=",2346,2352
"278ED5B8B7DDF",NA,"","",436,NA,"F:","234","436","(...) 可是 其實",2353,2355
"18C7AC2111976",NA,"","",437,NA,"F:","234","437","(...) 他 是 在 臥龍街 附近 不是 嗎",2356,2363
"13ACC26E819D1",NA,"","",438,NA,"M:","235","438","(...) 對 啊",2364,2366
"30F103F2FB633",NA,"","",439,NA,"F:","236","439","(...) 搞不好 往 那 個",2367,2371
"9C2A6C167E81",NA,"","",440,NA,"M:","237","440","(...) [六張犁]",2372,2373
"17414BACCDED0",NA,"","",441,NA,"F:","238","441","[後面 (往 六張犁) ]",2374,2377
"12F83C67C82AE",NA,"","",442,NA,"F:","238","442",".. 對",2378,2379
"198635D6A171",NA,"","",443,NA,"F:","238","443","(...) 往 [2六張犁2] 那邊 找 比較 不 會 那麼 貴",2380,2389
"BB3A77BDF67",NA,"","",444,NA,"M:","239","444","[2比較 不 會 那 麼貴2]",2390,2394
"34D2AB702AD63",NA,"","",445,NA,"F:","240","445","(...) 之前 一直 有 想 說 要 住在 那 邊 後來 沒住 在 那 邊",2395,2409
"38D06758CECA3",NA,"","",446,NA,"M:","241","446","有 啦",2410,2411
"326955BFEE353",NA,"","",447,NA,"M:","241","447",".. 很多 人 可以 住 一 年 宿舍 就 差 很多 了",2412,2423
"299A9AF8ED745",NA,"","",448,NA,"F:","242","448","(...) 對 啊",2424,2426
"1A4112C10EA9F",NA,"","",449,NA,"F:","242","449","(...) 不過 國立 的 應該",2427,2431
"29821F6C15E3A",NA,"","",450,NA,"F:","242","450","(...) 學費 不 會 [那麼 貴]",2432,2437
"1CE296371A5AE",NA,"","",451,NA,"M:","243","451","[mhm]",2438,2438
"3157A9D8C6FF7",NA,"","",452,NA,"F:","244","452","(...) 到 時候 那 個 小氣鬼 一定 會 叫 我們 去 zu - 去 看 她 的 五萬 塊 的 窗簾 布料",2439,2460
"1983721B1515B",NA,"","",453,NA,"F:","244","453","(...) 進口",2461,2462
"FDD6C5D70959",NA,"","",454,NA,"F:","244","454","(...) 進口 的 [@ =]",2463,2467
"92413EB7339F",NA,"","",455,NA,"M:","245","455","[那 你 去 就 好 了]",2468,2473
"30B30B37F8B75",NA,"","",456,NA,"F:","246","456","(...)",2474,2474
"D55573009072",NA,"","",457,NA,"F:","246","457","(...) 你 幹嘛 這樣",2475,2478
"16FA5BDF10CBD",NA,"","",458,NA,"F:","246","458","(...) 她 之前 也 對 我們 也 還 不錯",2479,2487
"21BD0BD507EF1",NA,"","",459,NA,"F:","246","459",".. 都 請 我們 去 吃 飯 什麼 的",2488,2496
"F2ED7D543C0A",NA,"","",460,NA,"M:","247","460","(...) 我們 也 有 請 她 啊",2497,2503
"2295FF95D0233",NA,"","",461,NA,"M:","247","461",".. 互相 啊",2504,2506
"3A2C9CA67A50",NA,"","",462,NA,"F:","248","462",".. 我們 有 請 她 [嗎",2507,2512
"E679A1D52FB2",NA,"","",463,NA,"F:","248","463",".. 什麼 時候]",2513,2515
"24F91D2940D68",NA,"","",464,NA,"M:","249","464","[有 好 不 好]",2516,2519
"197525DF7D011",NA,"","",465,NA,"M:","249","465","(...) 有 吧",2520,2522
"1D5AE061042E7",NA,"","",466,NA,"F:","250","466",".. 沒有= 都 各 付 各 的 吧",2523,2530
"2F9EF2D905DBC",NA,"","",467,NA,"F:","250","467","(...) 我們 有 請 她 嗎",2531,2536
"15137F5250914",NA,"","",468,NA,"F:","250","468","(...) 我 記得 是 沒有",2537,2541
"228D9A1A5814F",NA,"","",469,NA,"M:","251","469","(...) 沒有 嗎",2542,2544
"23E30E51D14E7",NA,"","",470,NA,"M:","251","470","(...) 有 吧",2545,2547
"60C9D981D260",NA,"","",471,NA,"F:","252","471","(...) 沒有",2548,2549
"10270CE7BEE82",NA,"","",472,NA,"M:","253","472","(...) 真的 沒有 嗎",2550,2553
"378316DF4676F",NA,"","",473,NA,"F:","254","473",".. 好像 沒有",2554,2556
"217EE227B7D95",NA,"","",474,NA,"M:","255","474","(...) 我 怎麼 記得 有",2557,2561
"31B6543A660A2",NA,"","",475,NA,"M:","255","475","(...) 不過 這 個 人",2562,2566
"16CC7FFDC50A9",NA,"","",476,NA,"M:","255","476","(...) 負面 的 能量 太 多 了",2567,2573
"22AEF63359F06",NA,"","",477,NA,"M:","255","477",".. 不 喜歡",2574,2576
"143E84176780",NA,"","",478,NA,"F:","256","478","(...) 對 啊",2577,2579
"E45F4C471D00",NA,"","",479,NA,"F:","256","479",".. 就是",2580,2581
"16B27416C8691",NA,"","",480,NA,"F:","256","480",".. 凡事 都 往 負面 的 想",2582,2588
"E7408FDB74A7",NA,"","",481,NA,"M:","257","481",".. 自己 負面 就 算了 還會 給 人 <# 塞# > ##",2589,2600
"37D75589BFFA2",NA,"","",482,NA,"F:","258","482","(...) 對 啊",2601,2603
"378F8E6F78B43",NA,"","",483,NA,"F:","258","483","(...) 也 不 好",2604,2607
"29A9550FD63BD",NA,"","",484,NA,"F:","258","484","(...) TSK",2608,2609
"6FC05E07E2BF",NA,"","",485,NA,"F:","258","485","(...) 也 不 好",2610,2613
"D4CA9F258765",NA,"","",486,NA,"F:","258","486","(...) mhm=",2614,2615
"15DB7C12E3422",NA,"","",487,NA,"M:","259","487","(...) mhm=",2616,2617
"37EF0F3AE438E",NA,"","",488,NA,"F:","260","488","(...) 接下來 都 沒有 什麼 連假 可以 放",2618,2625
"338CBCE53FE9E",NA,"","",489,NA,"M:","261","489",".. 沒 啦 都 放 完 啦",2626,2632
"185835A537E5A",NA,"","",490,NA,"F:","262","490",".. hunh= 有 啦 明年 元旦 是 不是 四 天 連假",2633,2643
"262971D086445",NA,"","",491,NA,"M:","263","491",".. 我 不 知道 耶",2644,2648
"29696DE24384B",NA,"","",492,NA,"F:","264","492",".. 好像 是",2649,2651
"22E1A24C1558E",NA,"","",493,NA,"F:","264","493","(...) <# 六 排 [四] #>",2652,2657
"2E6BCE62198C",NA,"","",494,NA,"M:","265","494","[還 等 很 久]",2658,2661
"1E3941BD15D46",NA,"","",495,NA,"M:","265","495",".. 現在 [2才 @2] >",2662,2666
"224C1CEAAAD3D",NA,"","",496,NA,"F:","266","496","[2@2]",2667,2667
"1D5BBC8442043",NA,"","",497,NA,"M:","267","497",".. 四",2668,2669
"A5B4FA7482C4",NA,"","",498,NA,"M:","267","498",".. 今天 才 四月 幾號",2670,2674
"25ACDCA46B557",NA,"","",499,NA,"F:","268","499",".. 好 我 知道",2675,2678
"BC2CBFC961CE",NA,"","",500,NA,"M:","269","500",".. 對 啊",2679,2681
"30B673DA0C3D",NA,"","",501,NA,"F:","270","501",".. 元旦 還 有 半年 多 <L3 lei L3>",2682,2690
"388C42294B9A0",NA,"","",502,NA,"M:","271","502",".. 你 看 接下來 就",2691,2695
"20311F42BBA24",NA,"","",503,NA,"M:","271","503",".. 今年 的 連假 都 集中 在 一二月",2696,2703
"384C54A2D6E6A",NA,"","",504,NA,"F:","272","504",".. mhm",2704,2705
"3440F13F1F7F",NA,"","",505,NA,"M:","273","505",".. 所以 覺得 k -",2706,2710
"343D23F5285E7",NA,"","",506,NA,"M:","273","506",".. 快 都 放 光光",2711,2715
"2C2C5ADA98DDA",NA,"","",507,NA,"F:","274","507",".. 春假",2716,2717
"29EC01A288854",NA,"","",508,NA,"F:","274","508",".. 還 有 二二八",2718,2721
"CDABC5C66D60",NA,"","",509,NA,"M:","275","509","(...) mhm",2722,2723
"1888B1BE3BE7A",NA,"","",510,NA,"F:","276","510","(...) 對耶 今年 的 那 個",2724,2729
"11FE3399EB801",NA,"","",511,NA,"F:","276","511","(...) 國慶日 是 不是 也 沒 放",2730,2736
"377BF7401DB59",NA,"","",512,NA,"F:","276","512","(...) 好像 是 六 還 日 對 不 對",2737,2745
"2DD36B3341D6B",NA,"","",513,NA,"M:","277","513","(...) 我 不 知道 耶",2746,2750
"1E783FBFC39A",NA,"","",514,NA,"F:","278","514","(...) 好像 是",2751,2753
"80333D0B5923",NA,"","",515,NA,"F:","278","515","(...) 天啊",2754,2755
"1A20BDB42BC1E",NA,"","",516,NA,"F:","278","516",".. 當 上班族 好 可憐",2756,2760
"A1CA657750D5",NA,"","",517,NA,"F:","278","517",".. 就是 在 那邊",2761,2764
"1B8BF35884B55",NA,"","",518,NA,"M:","279","518",".. 要 斤斤 計較",2765,2768
"2DBF0C608809F",NA,"","",519,NA,"F:","280","519",".. 對 在 那邊 算 連假 然 後",2769,2776
"17AB553BA6095",NA,"","",520,NA,"M:","281","520",".. 對 [啊]",2777,2779
"1263BFA8C785D",NA,"","",521,NA,"F:","282","521","[在] 那邊 算 m 下 一 個 是 什麼 時候",2780,2789
"1608E4E748828",NA,"","",522,NA,"M:","283","522",".. 對 啊",2790,2792
"33E16EC473B96",NA,"","",523,NA,"M:","283","523",".. 然後 等下 放[2假2]",2793,2796
"1109BEC04CFC9",NA,"","",524,NA,"F:","284","524","[2可是2] 我們 已經 很 好 了",2797,2802
"1511713CE0087",NA,"","",525,NA,"F:","284","525",".. 有的 是 沒 什麼 假 可以 那 個 的",2803,2812
"2500E24077A55",NA,"","",526,NA,"M:","285","526","(...) mhm",2813,2814
"2489F6B71A235",NA,"","",527,NA,"F:","286","527","(...) 對 啊",2815,2817
"67F2028FD854",NA,"","",528,NA,"F:","286","528","(...) 不錯 了 啦",2818,2821
"20248F51CAC03",NA,"","",529,NA,"M:","287","529","(...) mhm",2822,2823
"3825536BA8C54",NA,"","",530,NA,"F:","288","530","(...) 怎麼 會 有 可樂",2824,2828
"23F5AB4AD617C",NA,"","",531,NA,"F:","288","531","(...) 剛 就 本來 就 有 了 嗎",2829,2836
"2F146C3A07675",NA,"","",532,NA,"M:","289","532","(...) 對 耶",2837,2839
"23DC8F2BE158",NA,"","",533,NA,"M:","289","533",".. 不 知道 是 什麼 時候 跑出來",2840,2846
"F90342BC0168",NA,"","",534,NA,"F:","290","534","(...) mhm",2847,2848
"5096BA47F0BD",NA,"","",535,NA,"F:","290","535","(...) mhm",2849,2850
"3245E4C6CE12",NA,"","",536,NA,"F:","290","536","(...) 最近 電視 都 沒 什麼 好 看 的",2851,2859
"1E9FE169259A0",NA,"","",537,NA,"F:","290","537",".. 啊 那 個 什麼 雙面膠 不 知道 演 到 哪 裡",2860,2871
"28AD97E2ABE46",NA,"","",538,NA,"M:","291","538","(...) 可 那 都 知道 結局 了",2872,2878
"E6055072C5BC",NA,"","",539,NA,"F:","292","539","(...) 是 啊",2879,2881
"12E8D392E19E3",NA,"","",540,NA,"M:","292","540","(...) mhm",2882,2883
"107F37D4D6F5E",NA,"","",541,NA,"F:","292","541","(...) 悲劇 收場",2884,2886
"155CDD7248286",NA,"","",542,NA,"M:","293","542","(...) mhm",2887,2888
"2F29688E33EEA",NA,"","",543,NA,"F:","294","543",".. 不過 我 覺得 它 好 寫實",2889,2895
"2D8A2CC0B48AB",NA,"","",544,NA,"M:","295","544","(...) mhm",2896,2897
"F97483E2E78A",NA,"","",545,NA,"F:","296","545",".. 就是 很",2898,2900
"3440358ABD0C0",NA,"","",546,NA,"F:","296","546","(...) 演 得 很 那 個",2901,2906
"1A48E3F61BF2F",NA,"","",547,NA,"F:","296","547",".. 很 真實",2907,2909
"2D0E9B8D11E07",NA,"","",548,NA,"M:","297","548","(...) mhm",2910,2911
"32DE4BE66F7FD",NA,"","",549,NA,"M:","297","549","(...) 真實 帶著 有 一 點 誇張",2912,2918
"14CC7E1E48CE0",NA,"","",550,NA,"F:","298","550","(...) 不 會 啊",2919,2922
"50D6628C96AF",NA,"","",551,NA,"F:","298","551","(...) 會 誇張 [嗎]",2923,2926
"7EC43BA723DA",NA,"","",552,NA,"M:","299","552","[有 啦] 他 有點 誇張",2927,2931
"318B4CCBED74F",NA,"","",553,NA,"F:","300","553",".. 我 覺得 還 好",2932,2936
"27ECDB8CD9141",NA,"","",554,NA,"M:","301","554","(...) 沒有 那些 父母 很 疼 小孩 沒 錯",2937,2945
"3051F258D010E",NA,"","",555,NA,"M:","301","555","(...) 可是 不至於 就是 服侍 成 這樣",2946,2952
"12C2A9E114584",NA,"","",556,NA,"F:","302","556","(...) 不 一定 喔",2953,2956
"2FE3E6BE772FF",NA,"","",557,NA,"M:","303","557","(...) 真的 嗎",2957,2959
"2553A7B0277B4",NA,"","",558,NA,"F:","304","558",".. 對 啊",2960,2962
"1AABA9B2CCF14",NA,"","",559,NA,"M:","305","559",".. 我 覺得",2963,2965
"C506258BC51",NA,"","",560,NA,"M:","305","560","(...) 太 誇張 了",2966,2969
"A847B9DA7561",NA,"","",561,NA,"F:","306","561","(...) 連 牙膏 都 幫 你 擠好",2970,2976
"26305299A19CF",NA,"","",562,NA,"M:","307","562","(...) 對 啊",2977,2979
"38F543B68233",NA,"","",563,NA,"F:","308","563","(...) @ =[2是 怎樣2]",2980,2983
"2FC125D67F69",NA,"","",564,NA,"M:","309","564","[2太 誇張 了2]",2984,2986
"1016B03CD94D3",NA,"","",565,NA,"F:","310","565","(...) 沒手 是 不是",2987,2990
"16E8E53550DF4",NA,"","",566,NA,"M:","311","566","(...) uh",2991,2992
"23573D90A80D6",NA,"","",567,NA,"M:","311","567",".. 洗澡水 什麼 的",2993,2996
"122A749B5DA7B",NA,"","",568,NA,"M:","311","568","(...) 跟 大爺 一 樣",2997,3001
"29443DC3D064",NA,"","",569,NA,"F:","312","569","(...) 對 啊",3002,3004
"325D1B7229FFC",NA,"","",570,NA,"M:","313","570","(...) 唉",3005,3006
"8E04C8B340A6",NA,"","",571,NA,"F:","314","571","(...) 四月",3007,3008
"2A19C931752C1",NA,"","",572,NA,"F:","314","572","(...) 三月 又 過 了",3009,3013
"2843F900E99AB",NA,"","",573,NA,"M:","315","573","(...) mhm",3014,3015
"21EEDE9F804F6",NA,"","",574,NA,"M:","315","574","(...) 每 個 月 最 討厭 也 最 期待 就是 要 寫 月報 的 時候",3016,3030
"A796FE906AAA",NA,"","",575,NA,"F:","316","575","(...) 喔 月底",3031,3033
"384EC74BB62FC",NA,"","",576,NA,"F:","316","576","(...) 對 我 發覺 月底 跟 月初 都 特別 忙",3034,3043
"114C05B44DC6A",NA,"","",577,NA,"M:","317","577","(...) 對 啊",3044,3046
"192575B442E90",NA,"","",578,NA,"F:","318","578",".. 中間 會 還 好",3047,3051
"B6B01F36E766",NA,"","",579,NA,"M:","319","579","(...) 要 寫 月報 就 很 煩",3052,3058
"B2FAF2466B60",NA,"","",580,NA,"M:","319","580",".. 要 qi= ## 一起 寫",3059,3064
"1DF566C08BEE3",NA,"","",581,NA,"M:","319","581","(...) 然後 可是",3065,3067
"3059851B0EFAB",NA,"","",582,NA,"M:","319","582",".. 快要 到 寫 月報 表示 月底 了",3068,3075
"1EABE426E676E",NA,"","",583,NA,"M:","319","583",".. 這樣 代表 一 個 月 又 過去 要 下 一 個 月",3076,3088
"22F54D64AC928",NA,"","",584,NA,"M:","319","584","(...) 就 很 開心",3089,3092
"EF2AC0363FAD",NA,"","",585,NA,"F:","320","585","(...) 我 覺得 月",3093,3096
"2249856D2264",NA,"","",586,NA,"F:","320","586",".. 月初 跟 月底 真的 最 忙",3097,3103
"CAB09A81DE1A",NA,"","",587,NA,"M:","321","587","(...) mhm",3104,3105
"C24AF291B5D7",NA,"","",588,NA,"F:","322","588","(...) 月底 一 堆 事 有 的 沒 的",3106,3114
"1D02B530DFBC9",NA,"","",589,NA,"F:","322","589",".. 唉",3115,3116
"1947F4AC705",NA,"","",590,NA,"M:","323","590",".. mhm",3117,3118
"1184A3F56BB40",NA,"","",591,NA,"M:","323","591","(...) mhm",3119,3120
"735BE2432F88",NA,"","",592,NA,"F:","324","592","(...) 好 想 來 學習 黏 假 睫毛 喔",3121,3129
"1C45E65659727",NA,"","",593,NA,"M:","325","593","(...) 沒有 必要 吧",3130,3133
"79AA295AB1F",NA,"","",594,NA,"F:","326","594",".. 最近 就 很 想 學 啊",3134,3140
"CCF4AE37A3EA",NA,"","",595,NA,"F:","326","595",".. 不 知道 為[什麼]",3141,3144
"22C879B616CD4",NA,"","",596,NA,"M:","327","596","[沒有] 妳 已經 想 很 久 了",3145,3151
"8B217B3C1114",NA,"","",597,NA,"F:","328","597","(...) 對 啊",3152,3154
"1F2D79540E954",NA,"","",598,NA,"F:","328","598",".. 可是 都",3155,3157
"3045B72FDD224",NA,"","",599,NA,"F:","328","599","(...) 啊 我 這 人 就 想 很多 想到 說 <L3 hunh L3> 如果 黏 假 睫毛 到 時候 會 不 會 真 睫毛 也 都 掉 光光",3158,3185
"1A90DC19CA6AD",NA,"","",600,NA,"M:","329","600",".. 會",3186,3187
"FF53BBDEEF1",NA,"","",601,NA,"F:","330","601","(...) 現在 有 種 保養 的 東西 叫 睫毛 增生 液",3188,3198
"358D584849850",NA,"","",602,NA,"F:","330","602","(...) 你 知道 嗎",3199,3202
"1B6821E5F4185",NA,"","",603,NA,"F:","330","603",".. 就是 保護 [2睫 -2]",3203,3207
"1BD59B7F5B782",NA,"","",604,NA,"M:","331","604","[2那 你2] 為什麼 要 黏 一 個 東西 讓 妳 會掉",3208,3218
"32458D671D39",NA,"","",605,NA,"M:","331","605",".. 然後 再 去 塗 一 個 東西 讓 妳 會長",3219,3229
"24DD6BA2C5138",NA,"","",606,NA,"F:","332","606",".. @ 唉呦",3230,3232
"1499F86203D07",NA,"","",607,NA,"F:","332","607","(...) 可 人家 說",3233,3236
"3441A3A5763F0",NA,"","",608,NA,"F:","332","608","(...) 戴 上 假 睫毛",3237,3241
"1B9A0F1164300",NA,"","",609,NA,"F:","332","609","(...) 整個 人 都 散發 出 不同 的 光采",3242,3250
"10A65BF259B8B",NA,"","",610,NA,"M:","333","610","(...) [@ =]",3251,3253
"19297AC90D8B",NA,"","",611,NA,"F:","334","611","[@ =]",3254,3255
"2833C21138ED8",NA,"","",612,NA,"M:","335","612","(...) 你 有 看到 有 一些 那 個",3256,3263
"3B51182B2348",NA,"","",613,NA,"M:","335","613",".. 網路",3264,3265
"1B8D03C8B904C",NA,"","",614,NA,"M:","335","614",".. 那 個 什麼",3266,3269
"383A75B8133BA",NA,"","",615,NA,"M:","335","615","(...) 化妝術",3270,3271
"4935DCD9104A",NA,"","",616,NA,"F:","336","616","(...) 喔",3272,3273
"1E9F8ABE2E3CF",NA,"","",617,NA,"F:","336","617",".. 那 個 有 戴 跟 沒戴 真的 [實 在 是] 差",3274,3285
"2BA3D8D766C83",NA,"","",618,NA,"M:","337","618","[對 啊]",3286,3287
"F30EB6DC6852",NA,"","",619,NA,"F:","338","619",".. 差",3288,3289
"8BAF58432B4D",NA,"","",620,NA,"F:","338","620",".. 差 [2天壤之別2]",3290,3292
"24B9639EBE256",NA,"","",621,NA,"M:","339","621","[2誇張2]",3293,3293
"1CA4491E696B5",NA,"","",622,NA,"M:","339","622","(...) 沒有 必要 騙 那麼 大 啦",3294,3300
"2B305DE91D053",NA,"","",623,NA,"F:","340","623","(...) @@ @ 每 一 個 都 [騙 很 大] 基本上 @@",3301,3312
"28AAE0E63292C",NA,"","",624,NA,"M:","341","624","[對 啊]",3313,3314
"D0FBE17B8115",NA,"","",625,NA,"M:","341","625","(...) 沒有 必要 騙 那麼 [2大2]",3315,3320
"1DEDBD75991AF",NA,"","",626,NA,"F:","342","626","[2你 看 那 種2] 沒 化妝 蠟黃",3321,3327
"2A69DBA34B10B",NA,"","",627,NA,"F:","342","627",".. 蠟黃 的 臉",3328,3331
"13B7491CA435C",NA,"","",628,NA,"M:","343","628","(...) 結果 都",3332,3334
"2433FC10E8B6A",NA,"","",629,NA,"M:","343","629",".. 不 敢",3335,3337
"169AAB18A3A97",NA,"","",630,NA,"M:","343","630",".. 不 敢 卸妝 見人",3338,3342
"2D10F27B9ABC3",NA,"","",631,NA,"F:","344","631","(...) mhm 基本上",3343,3345
"27C462F37E0D9",NA,"","",632,NA,"F:","344","632",".. 是 啦",3346,3348
"132179FFCFEFD",NA,"","",633,NA,"M:","345","633","(...) 唉",3349,3350
"2644C98D1560C",NA,"","",634,NA,"F:","346","634","(...) 你 今天 穿 這 件 不 會 熱 喔",3351,3360
"13D675887B23E",NA,"","",635,NA,"F:","346","635","(...) [這 不是] 毛衣 嗎",3361,3365
"D5FECB81CE49",NA,"","",636,NA,"M:","347","636","[還 好 耶",3366,3368
"1A96320DAB7D0",NA,"","",637,NA,"M:","347","637",".. 這件 不 會 很 厚 啊]",3369,3375
"AE0C2FDAB25C",NA,"","",638,NA,"F:","348","638","(...) 是 喔",3376,3378
"21B55645B3D77",NA,"","",639,NA,"M:","349","639","(...) mhm",3379,3380
"17AEDE4000908",NA,"","",640,NA,"M:","349","640","(...) 沒 想 到 它 也 是 會 有點 起 毛球",3381,3391
"20A31430FF6E6",NA,"","",641,NA,"F:","350","641","(...) 這件 不是 義大利 買 那 件 嗎",3392,3399
"A5E074713D55",NA,"","",642,NA,"M:","351","642",".. 是 啊",3400,3402
"1EAAEA444A9A",NA,"","",643,NA,"F:","352","643",".. 起 毛球 還 好 啦",3403,3408
"FE15D570B235",NA,"","",644,NA,"F:","352","644",".. 那 刮一刮 就 好 了",3409,3414
"33C3D28DD7776",NA,"","",645,NA,"M:","353","645",".. mhm",3415,3416
"2FFE4BA7621FD",NA,"","",646,NA,"F:","354","646","(...) 不過 這 真的 是",3417,3421
"21E9F68D529C7",NA,"","",647,NA,"F:","354","647",".. 放 到 洗衣機",3422,3425
"1278923F16796",NA,"","",648,NA,"F:","354","648",".. 捲 也 都 不 會 有 什麼 那 個",3426,3435
"2FA92A2CA182B",NA,"","",649,NA,"M:","355","649",".. 對 啊",3436,3438
"2D593B3B24DE3",NA,"","",650,NA,"F:","356","650","(...) 真 好 @@ @ =@@",3439,3444
"137E36081BBC9",NA,"","",651,NA,"M:","357","651","(...) 好像 是 多少",3445,3448
"2BDC6E3DD65BA",NA,"","",652,NA,"M:","357","652",".. 二十九 歐元",3449,3451
"533FD62DAB9",NA,"","",653,NA,"F:","358","653","(...) 忘記 了",3452,3454
"1853E9E56D33F",NA,"","",654,NA,"F:","358","654",".. 你 怎麼 記 得 那麼 清楚",3455,3461
"18796B201ED2E",NA,"","",655,NA,"M:","359","655","(...) 很 便宜 啊",3462,3465
"4CD1DD72E0A8",NA,"","",656,NA,"F:","360","656","(...) 二十九 歐元",3466,3468
"13EC17F7AC26A",NA,"","",657,NA,"F:","360","657","(...) 喔 對 啊",3469,3472
"9E06CE79E439",NA,"","",658,NA,"F:","360","658",".. 幾 百 塊 而已",3473,3477
"1677D150C96DF",NA,"","",659,NA,"F:","360","659","(...) 義大利 的 東西 都 好好 吃 喔",3478,3485
"A707A43BE7D",NA,"","",660,NA,"M:","361","660","(...) mhm",3486,3487
"33AC2E97E1FBA",NA,"","",661,NA,"F:","362","661",".. 你 有 沒有 覺得",3488,3492
"2C8D79B003F4F",NA,"","",662,NA,"M:","363","662",".. mhm",3493,3494
"106804B773700",NA,"","",663,NA,"F:","364","663",".. 而且 我 覺得 他 的 連 他 的 提拉米蘇 都 特別 好吃",3495,3507
"21D2A7CBC8225",NA,"","",664,NA,"M:","365","664","(...) mhm",3508,3509
"3621D3339FEE8",NA,"","",665,NA,"M:","365","665","(...) 真的",3510,3511
"97387BCB6ECF",NA,"","",666,NA,"M:","365","666","(...) 而且 每 一 餐 都 有 紅酒",3512,3519
"215BC5A57DB86",NA,"","",667,NA,"F:","366","667","(...) 這 不是 重點[@@ @]",3520,3524
"8BCC4238DEFE",NA,"","",668,NA,"M:","367","668","[這 是 重點]",3525,3527
"3193044290747",NA,"","",669,NA,"F:","368","669","對 我 來說 都 不是 重點",3528,3533
"317514947DC68",NA,"","",670,NA,"M:","369","670",".. 唉",3534,3535
"2C47367D7387F",NA,"","",671,NA,"F:","370","671",".. 我 就 覺得 東西 都 很 好吃",3536,3543
"1E6393A15DE7C",NA,"","",672,NA,"M:","371","672","(...) 唉",3544,3545
"F36C68A35CCB",NA,"","",673,NA,"M:","371","673",".. 不會 喝 酒 啊",3546,3550
"22CD3DEB86D9E",NA,"","",674,NA,"F:","372","674","(...) 不 愛 喝",3551,3554
"321598F52BF43",NA,"","",675,NA,"F:","372","675",".. 就 覺得 那 有 什麼 好喝 的",3555,3562
"305268628FCEC",NA,"","",676,NA,"F:","372","676","(...) 苦苦 的 啊",3563,3566
"16E6D5E3949D6",NA,"","",677,NA,"F:","372","677","(...) 我 唯一 覺得 比較 好喝 就 Choya",3567,3574
"600032363CA9",NA,"","",678,NA,"M:","373","678","(...) 喔",3575,3576
"1B3171FAEEAA0",NA,"","",679,NA,"F:","374","679","(...) 那 個 梅酒",3577,3580
"1CC80F70D97CE",NA,"","",680,NA,"F:","374","680","(...) Choya",3581,3582
"175C3B627DBE0",NA,"","",681,NA,"M:","375","681","(...) 梅酒 很 可怕",3583,3586
"263BAE25B6AD6",NA,"","",682,NA,"F:","376","682","(...) @@ @ =",3587,3590
"18286EC53F07B",NA,"","",683,NA,"M:","377","683","(...) 會 讓 你 一直 在 [撞 地上]",3591,3598
"7F987EC95F70",NA,"","",684,NA,"F:","378","684","[@ =]",3599,3600
"21A2A55E19994",NA,"","",685,NA,"F:","378","685","(...) kong kong kong",3601,3604
"218039899123B",NA,"","",686,NA,"F:","378","686","(...) 會 酒 醉",3605,3608
"156C83D12DD08",NA,"","",687,NA,"M:","379","687","(...) 對 啊",3609,3611
"275BFE8ABE21C",NA,"","",688,NA,"F:","380","688","(...) 會 醉 倒 啦",3612,3616
