"","...1","TurnSeq","Speaker","Utterance","...5","IUSeq"
"1",1,1,"M1","(0) eh 啊 ,","Angelina",1
"2",2,2,"M1","(...) (1.4) 最近 都 沒有 跟 那 些 人 ,",NA,2
"3",3,3,"M1","(.) 那個 啊 ?",NA,3
"4",4,4,"M1","(...) [最近 是] --",NA,4
"5",5,5,"M2","[比較 少 一 點 喔] .",NA,5
"6",6,6,"M2","(...) (3.4) 因為 ,",NA,6
"7",7,7,"M2","(...) (1.4) 現在 大家 也 各 忙 各 的 .",NA,7
"8",8,8,"M2","(.) 反正 我 就 做 我 的 <L2 trading L2> .",NA,8
"9",9,9,"M2","(...) (1.5) 搞 我 自己 的 東西 .",NA,9
"10",10,10,"M1","(0) 可是 ,",NA,10
"11",11,10,"M1","走掉 的 也 很多 啊 ?",NA,11
"12",12,11,"M2","(0) um .",NA,12
"13",13,11,"M2","### 像 --",NA,13
"14",14,11,"M2","喔 有 啦 ,",NA,14
"15",15,12,"M2","(.) <L2 Mark L2> 我 最近 比較 常 跟 他 聯絡 .",NA,15
"16",16,13,"M2","(.) 蔡 .",NA,16
"17",17,14,"M1","(.) 蔡喔 .",NA,17
"18",18,15,"M2","(.) 他 自己 --",NA,18
"19",19,15,"M2","現 在 自己 在 做 交易 .",NA,19
"20",20,15,"M2","所以 我們 還 蠻 多 ,",NA,20
"21",21,15,"M2","(.) 互相 交流 的 .",NA,21
"22",22,17,"M1","(.) 我 知道 他 從 自營部 離開 呀 .",NA,22
"23",23,18,"M2","(...) (1.3) 他 現在 在 那 個 什麼 ,",NA,23
"24",24,19,"M2","(...) (1.0) 忠孝敦化 的 路口 .",NA,24
"25",25,20,"M2","(.) 有 一 個 太平洋 證券 .",NA,25
"26",26,20,"M2","它 裡面 弄 了 個 --",NA,26
"27",27,21,"M2","(...) 操盤室 他 在 裡面 弄 .",NA,27
"28",28,21,"M2","因為 好像 那 一 家 分公司 的 經理 .",NA,28
"29",29,21,"M2","跟 他 是 好 朋友 .",NA,29
"30",30,22,"M1","(...) (2.8) 太平洋 證券 還 在 唷 ?",NA,30
"31",31,23,"M2","(0) um ?",NA,31
"32",32,24,"M1","(.) 太平洋 證券 [還 在 ##] ?",NA,32
"33",33,25,"M2","[<@ 對 .",NA,33
"34",34,25,"M2","還 在 @>] @ .",NA,34
"35",35,26,"M2","(.) 全 台灣 有 幾個 點 .",NA,35
"36",36,27,"M1","(.) um .",NA,36
"37",37,28,"M2","(.) 我 是 不 知道 他們 是 靠 什麼 做 .",NA,37
"38",38,28,"M2","反正 那 一 間 --",NA,38
"39",39,28,"M2","那 個 點 還 在 .",NA,39
"40",40,28,"M2","然後 <L2 Mark L2> 還 在 裡面 操盤 .",NA,40
"41",41,29,"M2","(...) (1.0) 所以 最近 我 們 常常 在 那 邊 跟 他 聊 .",NA,41
"42",42,29,"M2","所以 下 -",NA,42
"43",43,29,"M2","接下來 ,",NA,43
"44",44,29,"M2","下個 禮拜 可能 找 他 跟 --",NA,44
"45",45,30,"M2","(.) 李 呀 什麼 吃 個 飯 .",NA,45
"46",46,30,"M2","反正 既然 都 在 操盤 大家 聊 一 聊 交流 [交流] .",NA,46
"47",47,31,"M1","[#]",NA,47
"48",48,32,"M1","(...) 小樓 這件 事 嗎 ?",NA,48
"49",49,33,"M2","(0) um ?",NA,49
"50",50,34,"M1","(.) 小樓 .",NA,50
"51",51,35,"M2","(.) 有 見過 一 兩 次 .",NA,51
"52",52,35,"M2","不 太 熟 .",NA,52
"53",53,36,"M1","(0) um .",NA,53
"54",54,37,"M1","(...) (1.7) 大概 黃 比較 熟 吧 ?",NA,54
"55",55,38,"M2","(.) um .",NA,55
"56",56,39,"M1","(...) (3.9) 那 時候 我 當 小 特助 的 時候 ,",NA,56
"57",57,39,"M1","他 是 董事 .",NA,57
"58",58,40,"M2","(1.9) 他 後來 是不是 在 澳門 當 ,",NA,58
"59",59,41,"M1","(0) um .. 對 .",NA,59
"60",60,43,"M2","(0) [公務員] ?",NA,60
"61",61,44,"M1","[司法] -",NA,61
"62",62,44,"M1","司法 警察 .",NA,62
"63",63,45,"M1","(...) (2.4) 他 老婆 的 問題 還沒 解決 .",NA,63
"64",64,45,"M1","很 麻煩 .",NA,64
"65",65,46,"M2","(...) (1.7) 他 老婆 是 --",NA,65
"66",66,47,"M2","(...) 原本 就 有 那 樣 的 狀況 然後 後來 才 展現 出來 .",NA,66
"67",67,47,"M2","還 是 說 ,",NA,67
"68",68,48,"M2","(...) 後來 才 得 憂鬱症 .",NA,68
"69",69,49,"M1","(0) 後來 更 嚴重 .",NA,69
"70",70,50,"M1","(.) 聽說 原 -",NA,70
"71",71,50,"M1","本來 就 <L3 siau1 siaul L3> .",NA,71
"72",72,51,"M2","(...) (2.7) 幾 年前 我 跟 ,",NA,72
"73",73,52,"M2","(...) (1.9) 嘉 跟 李 跑去 澳門 玩 .",NA,73
"74",74,53,"M1","(.) 喔 .",NA,74
"75",75,54,"M2","(0) 有 跟 他們 一起 吃飯 .",NA,75
"76",76,54,"M2","可是 那 時候 他 老婆 看起來 很 正常 .",NA,76
"77",77,55,"M1","(...) (4.7) 那次 以後 啦 .",NA,77
"78",78,56,"M2","(...) (1.4) 是 喔 .",NA,78
"79",79,57,"M2","(...) 可是 我 上次 見到 她 應該 是 零九 年 喔 .",NA,79
"80",80,58,"M1","(0) um .",NA,80
"81",81,59,"M2","(...) 那 時候 她 還 蠻 正常 的 .",NA,81
"82",82,60,"M2","(...) (2.5) 沒 想到 後來 就 變 那 個 樣子 .",NA,82
"83",83,61,"M1","(0) um ,",NA,83
"84",84,62,"M1","(.) 他 跟 我 講說 ,",NA,84
"85",85,63,"M1","(.) 他 ,",NA,85
"86",86,64,"M1","(...) (1.1) 把 他 丟 --",NA,86
"87",87,65,"M1","(.) 就是 ,",NA,87
"88",88,66,"M1","(.) 落跑 來 台灣 .",NA,88
"89",89,67,"M2","(...) (1.7) 是 喔 .",NA,89
"90",90,68,"M2","(...) (1.7) 那 怎麼 辦 ?",NA,90
"91",91,69,"M1","(...) (1.0) 沒 有 啊 ,",NA,91
"92",92,70,"M1","(.) 就 ,",NA,92
"93",93,71,"M1","(.) 他 司法 警察 也 不能 跑 啊 .",NA,93
"94",94,72,"M1","(...) 總 不 能 跑 走 .",NA,94
"95",95,72,"M1","大概 帶 得 回來 台灣 就 回 台灣 啊 .",NA,95
"96",96,73,"M1","(...) (1.7) 比較 慘 的 地方 就是 說 ,",NA,96
"97",97,74,"M1","(.) 小朋友 那 時候 在 美國 生 的 啊 .",NA,97
"98",98,75,"M1","(...) (1.0) 拿 美國 護照 .",NA,98
"99",99,76,"M1","(.) 他 回來 台灣 ,",NA,99
"100",100,77,"M1","(.) 他 在 台 -",NA,100
"101",101,77,"M1","(.) 他 在 台 -",NA,101
"102",102,78,"M1","(.) 美國 護照 又 過期 .",NA,102
"103",103,78,"M1","他 沒辦法 辦 台灣 護照 .",NA,103
"104",104,79,"M2","(...) (1.7) 這 很 誇張 耶 .",NA,104
"105",105,79,"M2","怎麼 --",NA,105
"106",106,80,"M1","(0) 他 媽媽 扣住 他 的 美國 護照 不 讓 他 動 .",NA,106
"107",107,81,"M1","(...) 就 沒辦法 <L2 renew L2> 啊 .",NA,107
"108",108,82,"M1","(...) (4.2) 小孩子 在 父親 手上 .",NA,108
"109",109,83,"M2","(...) (3.4) 還有 這種 事 喔 .",NA,109
"110",110,84,"M1","(.) um .",NA,110
"111",111,84,"M1","(.) 那 人 反正 既然 在 台灣 不 -",NA,111
"112",112,85,"M2","也 不 能 辦 身分 ?",NA,112
"113",113,86,"M1","(.) 對 .",NA,113
"114",114,87,"M2","(.) 好 奇怪 喔 .",NA,114
"115",115,87,"M2","為什麼 ?",NA,115
"116",116,88,"M1","(0) 他 還 有 一 次 逾期 居留 @ .",NA,116
"117",117,89,"M2","(...) 怎麼 那 麼詭 異 .",NA,117
"118",118,90,"M1","(0) 不是 呀 ,",NA,118
"119",119,90,"M1","了不起 耶 .",NA,119
"120",120,91,"M2","(...) (1.0) 怎麼 會 搞 成 這樣 .",NA,120
"121",121,92,"M1","(...) (4.1) 然後 他 老婆 好像 把 ,",NA,121
"122",122,92,"M1","他們 家 --",NA,122
"123",123,93,"M1","(.) 中間 回去 一 趟 澳門 ,",NA,123
"124",124,93,"M1","把 家裡 的 黃金 ,",NA,124
"125",125,94,"M1","(...) 全部 幫 -",NA,125
"126",126,95,"M1","(.) 搬光 .",NA,126
"127",127,96,"M1","(.) .然後 ,",NA,127
"128",128,97,"M1","(...) (2.5) 然後 最近 靠 --",NA,128
"129",129,98,"M1","(.) 靠 賣黃金 過日子 .",NA,129
"130",130,99,"M2","(.) @ @ @ @ @ <@ 這真 他媽的 了不起 喔 @> .",NA,130
"131",131,100,"M1","(.) ts k",NA,131
"132",132,101,"M2","(...) 因為 那 時候 他 加 我 ,",NA,132
"133",133,101,"M2","在 <L2 Facebook L2> 上 加 我 ,",NA,133
"134",134,101,"M2","# 我 想 這個人 是 誰 ,",NA,134
"135",135,101,"M2","就 等於 是 你 ###",NA,135
"136",136,102,"M2","(...) 結果 點進 去 靠 一 看 我 想 說 ,",NA,136
"137",137,102,"M2","他 那個 憂鬱症 蠻 嚴重 的 .",NA,137
"138",138,102,"M2","他 完全 都 在 ,",NA,138
"139",139,103,"M2","(.) 自問 自答 自言 [自 語] .",NA,139
"140",140,104,"M1","[對 呀] .",NA,140
"141",141,105,"M1","(.) 我 就 把 他 --",NA,141
"142",142,105,"M1","我 後來 把 他 <L2 block L2> 起來 .",NA,142
"143",143,106,"M2","(0) 對呀 ,",NA,143
"144",144,106,"M2","我 也 是 .",NA,144
"145",145,107,"M1","(0) 然後 ,",NA,145
"146",146,108,"M1","(.) 我 還 舉報 他 .",NA,146
"147",147,109,"M1","(...) 我 還 很 難過 的 .",NA,147
"148",148,110,"M1","(.) 真的 我 舉報 他 ,",NA,148
"149",149,110,"M1","之後 我 老婆 跟 我 講說 ,",NA,149
"150",150,110,"M1","你 幹嘛 舉報 他 ,",NA,150
"151",151,111,"M1","(.) 他 看不到 了 @ @ @ .",NA,151
"152",152,112,"M2","(...) (1.4) 你 要 看 那 個 ,",NA,152
"153",153,112,"M2","<@ 你 就 點進 去 他 那  就 看得到 啦 @> .",NA,153
"154",154,113,"M1","(.) um ?",NA,154
"155",155,114,"M2","(.) 你 要 點進 去 他 的 那 一 個 <L2 are a L2> 還是 看得 見 他 寫的 所有 東西 呀 .",NA,155
"156",156,115,"M1","(0) 是 喔 .",NA,156
"157",157,116,"M1","(...) 我 把 他 <L2 block L2> 起 來還 舉報 他 .",NA,157
"158",158,117,"M2","(0) <L2 block L2> 起來 他 就 不會 出現 在 你 那邊 .",NA,158
"159",159,117,"M2","可是 ,",NA,159
"160",160,117,"M2","你 從 朋友 那 裡面 去 搜尋 ,",NA,160
"161",161,117,"M2","他 還 在 你的 <L2 list L2> 裡面 .",NA,161
"162",162,118,"M1","(.) 是 喔 .",NA,162
"163",163,119,"M2","(0) 對 .",NA,163
"164",164,119,"M2","除非 你 把 他 解除 ,",NA,164
"165",165,119,"M2","朋友 關係 .",NA,165
"166",166,120,"M1","(0) 我 好像 把 他 <L2 delete L2> 掉 了 .",NA,166
"167",167,121,"M2","(0) 那 你 可能 就 沒 了 @ @ @ @ .",NA,167
"168",168,121,"M2","因為 呢 ，",NA,168
"169",169,121,"M2","我 是 把 他 <L2 block L2> 住 ,",NA,169
"170",170,121,"M2","然后 呢 那 我 點進 去 還 是 看 得到 .",NA,170
"171",171,122,"M2","(.) 那 我 看 他 其實 ,",NA,171
"172",172,123,"M2","(.) 看 得 出蠻 嚴重 的 .",NA,172
"173",173,124,"M2","(.) 他 那 個 其實 需要 看 醫[生] .",NA,173
"174",174,125,"M1","[他 好像] 現在 --",NA,174
"175",175,126,"M1","(.) 現在 都 是 寫信 給 那個 ,",NA,175
"176",176,127,"M1","(.) 叫 什麼 名字 ,",NA,176
"177",177,128,"M1","(...) 徐## .",NA,177
"178",178,129,"M2","(0) @ @ 他 會 每個 人 發 啦 .",NA,178
"179",179,130,"M2","(.) 他 沒有 發給 我 ,",NA,179
"180",180,131,"M2","(.) 因為 他 不 知道 我 是 誰 .",NA,180
"181",181,132,"M2","(.) 他 只是 把 我 加 -",NA,181
"182",182,132,"M2","他 可能 看出 我 是 --",NA,182
"183",183,133,"M1","(.) 他 可能 ,",NA,183
"184",184,134,"M1","(.) [他 可能] --",NA,184
"185",185,135,"M2","[這些]人 的 [2朋友2] .",NA,185
"186",186,136,"M1","[2他 可能2] 會 --",NA,186
"187",187,136,"M1","會發 到 黃 那邊 去 吧 .",NA,187
"188",188,137,"M1","(.) 不 過黃 應該 不 會理 他 .",NA,188
"189",189,138,"M2","(.) 沒有 啊 完全 沒 任何 反應 啊 .",NA,189
"190",190,139,"M2","(...) 因為 我 也 看 一下 # 黃# 的 那 個 --",NA,190
"191",191,140,"M2","(.) <L2 Facebook L2> 他 好像 也 都 沒 什麼 他 應該 也是 把 他 <L2 block L2> 的 動作 .",NA,191
"192",192,141,"M1","(0) um .",NA,192
"193",193,142,"M1","(...) (1.4) 對 呀 .",NA,193
"194",194,143,"M2","(0) 那 我 有 進 去 看 他 寫 那個 我 就 覺得 說 ,",NA,194
"195",195,144,"M2","(.) 他 那個 思緒 整個 都 亂掉 了 .",NA,195
"196",196,145,"M2","(.) 他 那個 其 實真 的 [就是] --",NA,196
"197",197,146,"M1","[有]嚴 重 被 害妄 想 .",NA,197
"198",198,147,"M2","(0) 他 不管 .",NA,198
"199",199,148,"M2","(.) 他 那個 ho不管 吃 藥 .",NA,199
"200",200,149,"M2","(.) 跟 心 <L2 pro L2> 看 都要 做 .",NA,200
"201",201,150,"M2","(...) 這是 --",NA,201
"202",202,151,"M2","(.) 這個 是 蠻 麻煩 的 事 但是 最 怕 的 就是 他 --",NA,202
"203",201,151,NA,"(.) 我 看 他 他 好像 不 承認 .",NA,203
"204",202,152,"M1","(0) 對 呀 .",NA,204
"205",203,153,"M2","(0)  我 看到 他 有 好 他 朋友 ,",NA,205
"206",204,154,"M2","(.) 在 裡面 寫說 eh[他 是不是 變] 了 或者 說 他 是不是 生病 了 是不是 需要 去 看 醫生 他 也 都 沒 回應 .",NA,206
"207",205,155,"M1","[# ##] .",NA,207
"208",206,156,"M2","(1.8)  他 一定 是 自己 簡單 來說 他 有 這樣 的 狀況 .",NA,208
"209",207,157,"M1","(.) 當然 .",NA,209
"210",208,158,"M1","(.) 沒有 幾個人 覺得 說 自己 有 神經病 .",NA,210
"211",209,159,"M2","(.) @ @ 其實 這是 有 預見 就是 <L2 depression L2> 嘛 .",NA,211
"212",210,160,"M2","(.) 就 看一看 應該 還好 啊 .",NA,212
"213",211,161,"M2","(1.5) 對不對 ?",NA,213
"214",212,162,"M1","(.) 也是 啦 .",NA,214
"215",213,163,"M1","(.) 因為 前幾天 他 才 來 找 我 吃飯 ,",NA,215
"216",214,164,"M1","(.) 小樓 回來 [台 灣] --",NA,216
"217",215,165,"M2","[蛤] 那 我 覺得 他 --",NA,217
"218",216,166,"M2","(.) 他 這 樣子 他 壓力 應該 很 大 耶 .",NA,218
"219",217,167,"M2","(.) 他 有 他 離 了 嗎 ?",NA,219
"220",218,168,"M1","(.) 他 說 在 <L2 file divorce L2> 啊 .",NA,220
"221",219,169,"M2","唉 .",NA,221
"222",220,170,"M1","(1.8)  他 說 他 從 澳 門 <L2 file divorce L2> 在 台灣 <L2 file L2> 保護 令 .",NA,222
"223",221,171,"M1","(2.3)  要 分居 的 時間 夠 --",NA,223
"224",222,172,"M1","(.) 夠久 好像 滿兩年 他 就 --",NA,224
"225",223,173,"M1","(...) 他 就 可以 離婚 了 .",NA,225
"226",224,174,"M2","(0)  很 辛苦 .",NA,226
"227",225,175,"M1","(0)  所以 他 必須 <L3 kin L3> 住 兩年 .",NA,227
"228",226,176,"M2","(0) 然後 ,",NA,228
"229",227,177,"M2","(...) 聽 那個 我 上次 聽 我 忘記 誰講 的 女方 家人 認為 說 他們 女兒 沒有 問[題] .",NA,229
"230",228,178,"M1","[對 呀] .",NA,230
"231",229,179,"M2","(.) 是 真的 被 --",NA,231
"232",230,180,"M2","(.) 女 --",NA,232
"233",231,180,NA,"(.) 他 老公 家暴 靠 .",NA,233
"234",232,181,"M2","(.) <@ 那 問題 就 不是 這樣子 嘛 你 任何 --",NA,234
"235",233,182,"M2","(.) 頭腦 清楚 的 人 @> 看到 他 的 言行 [2就 知道 他 有 問題 啊2] .",NA,235
"236",234,183,"M1","(5.3) [2<L2 so L2> 小樓 跟 我 講說2] ,",NA,236
"237",235,183,NA,"(.) 他 只是 幫個 魚換 個水 因為 有 的 時候 不是 那 個水 用用 --",NA,237
"238",236,184,"M1","(.) 用 那 個 水管 要 用 嘴巴 吸嗎 .",NA,238
"239",237,185,"M1","(...) 就是 把 那個 水 吸出 來 吸出 一 個 <L2 vacuum L2> .",NA,239
"240",238,186,"M1","(.) 就 真空 嘛然 後 再 利用 那 個 真空 的 原理 把 那 個水 倒出 來 .",NA,240
"241",239,187,"M1","(...) 那 他 說 ,",NA,241
"242",240,188,"M1","(.) 他 看到 小樓 那 樣子 說 小樓 吸毒 .",NA,242
"243",241,188,NA,"(.) @ @ @ @ <@ 小樓 就 --",NA,243
"244",242,189,"M1","(...) 最好 魚缸 那 個 是 @> @ @ @ .",NA,244
"245",243,190,"M2","(...) 喔 .",NA,245
"246",244,191,"M2","(.) 我 覺得 他 其實 這樣 他 很 可憐 .",NA,246
"247",245,192,"M2","(.) 如果 ho 他 沒有 --",NA,247
"248",246,193,"M2","(...) 他 其實 可以 強制 就醫 吧 .",NA,248
"249",247,194,"M1","(.) 靠 ### .",NA,249
"250",248,195,"M2","(...) 如果 [他 ## #] --",NA,250
"251",249,196,"M1","[<L2 Hey look bro L2>] <L2 That 's a fine line between L2> --",NA,251
"252",250,196,NA,"(.) 強制 就醫 <L2 and L2> 家 暴 <L2 <@ OK @> ; L2> @ ?",NA,252
"253",251,197,"M2","(...) 所以 要是 我 ,",NA,253
"254",252,198,"M1","(.) 他 強制 就醫 的 話 他 <L2 parents L2> 可以 幫 他 強制 就醫 .",NA,254
"255",253,199,"M1","(.) 我們 不行 .",NA,255
"256",254,200,"M2","(0)  為[什麼] ?",NA,256
"257",255,201,"M1","[我們 做] 老公 的 不行 .",NA,257
"258",256,202,"M2","(.) 可以 吧 ?",NA,258
"259",257,203,"M1","(.) uh 除非 對 我們 造成 --",NA,259
"260",258,204,"M1","(.) <@ 生活 上 的 [損 害] @> .",NA,260
"261",259,205,"M2","[應該 可以] 呀 他 那個 影響 這麼 大 其實 --",NA,261
"262",260,206,"M2","(.) 我 記得 可以 家屬 --",NA,262
"263",261,207,"M2","(.) 你 只要 打電 話 跟 醫院 講 ,",NA,263
"264",262,208,"M2","(.) 像 是 台大 榮總 或是 北醫 都 可以 ,",NA,264
"265",263,209,"M2","(.) 他們 會 查 .",NA,265
"266",264,210,"M2","(.) 他 就 可以 派 人 來 .",NA,266
"267",265,211,"M2","(.) 然後 必要 時 你 可以 跟 他 講說 你 要 警察 一起 來 .",NA,267
"268",266,212,"M2","(.) .然後 <@ 就 把 他 @> --",NA,268
"269",267,213,"M1","[2把 他 綁起來2] .",NA,269
"270",268,214,"M2","[2<@ 輕微 的 @>2] .",NA,270
"271",269,215,"M1","(.) [3@ @ @ @ @ @3]",NA,271
"272",270,216,"M2","(.) [3輕 --",NA,272
"273",271,217,"M2","(.) 不要 說 我 把 他 ,",NA,273
"274",272,218,"M2","(.) 輕微 的 <@ 綁 一下 帶走 @>3] .",NA,274
"275",273,219,"M1","[3@ @ @ @ @ @ @ @ @ @ @ @ @ @3]",NA,275
"276",274,220,"M2","他 [2其實2] 就 這[3樣3] ,",NA,276
"277",275,221,"M1","[2用2] --",NA,277
"278",276,221,"M1","[3用3] 膠帶捆 起來 @ [@] .",NA,278
"279",277,221,"M2","[對] 但是 問題 是 重點 是 如果 他 現在 不 知道 他 老婆 在 哪裡 .",NA,279
"280",278,222,"M1","(.) 對 呀 .",NA,280
"281",279,223,"M2","(.) 那 就 很 麻煩 .",NA,281
"282",280,224,"M1","(0)  可是 他 跟 我 講說 ,",NA,282
"283",281,225,"M1","(...) 他 老婆 現在 好像 在 搞 一些 --",NA,283
"284",282,226,"M1","(.) 他 們家 的 那 個 --",NA,284
"285",283,227,"M1","(...) 這個 給 他 --",NA,285
"286",284,228,"M1","(.) 之前 給 他 兒子 的 那 一些 黃金 大概 加起來 -",NA,286
"287",285,228,"M1","有 半斤 左右 。",NA,287
"288",286,229,"M1","(.) 八 兩 喔 .",NA,288
"289",287,230,"M1","(.) <@ 八兩喔 @> @ @ @ @ @ .",NA,289
"290",288,231,"M2","(.) 這真 的 是 蠻扯 的 .",NA,290
"291",289,232,"M1","(...) 然後 到 --",NA,291
"292",290,233,"M1","(.) 賣到 只 剩下 一 副 .",NA,292
"293",291,234,"M2","(2.2) tsu .",NA,293
"294",292,235,"M1","(0) 然 後說 --",NA,294
"295",293,236,"M1","(.) 這個 --",NA,295
"296",294,237,"M1","(...) 都 --",NA,296
"297",295,238,"M1","(.) 他 到 台北 請 人家 吃飯 都 很 闊氣 的 請 <L2 W Hotel L2> 喔 .",NA,297
"298",296,239,"M2","(.) tsu 他 整個 思緒 跟 --",NA,298
"299",297,240,"M2","(...) [shi] --",NA,299
"300",298,241,"M2","(...) 頭腦 整個 都 亂 了 .",NA,300
"301",299,242,"M1","[um] .",NA,301
"302",300,243,"M1","(0)  想 說 --",NA,302
"303",301,245,"M1","(.) 高雄 哪裡 呀 ?",NA,303
"304",302,246,"M1","(.) 他 說 我 不 知道 .",NA,304
"305",303,247,"M1","(.) 好像 都 不 跟 他 聯絡",NA,305
"306",304,247,"M1","(.) 然後 就 說 他 都 傳 一些 很 奇怪 的 簡訊 給 他 還給 我 看 .",NA,306
"307",305,248,"M1","(.) 然後 他 就 說 看到 就 --",NA,307
"308",306,249,"M1","(.) 真的 就 覺 得 很 --",NA,308
"309",307,249,NA,"(.) 很 詭異 .",NA,309
"310",308,250,"M1","(.) 還 跟 我 說 李昌<U+94B0> 啊 幹 嘛 的 跟 他 當好 朋友 呀 .",NA,310
"311",309,251,"M2","(0) 他 就 寫 一些 很 [奇怪 的 東西 呀] .",NA,311
"312",310,252,"M2","(.) 一 看 就 知道 是 有 點問 題 .",NA,312
"313",311,253,"M2","(.) 不是 很 有 點問 題 是 有 很 大 的 問題 的 .",NA,313
"314",312,254,"M1","[@ @ @] .",NA,314
"315",313,255,"M1","(...) (2.0) 應該 叫 我 老婆 去 看 一下 ,","Minyi",315
"316",314,256,"M1","(.) 看看 有沒 有 辦法 <L2 link it to L2> 這個 --",NA,316
"317",315,257,"M1","(.) 把 他 加起來 當 朋友 # .",NA,317
"318",316,258,"M2","(0) @ @ @ 我 還有 你 要 看 他 的 東西 我 都 看得到 .",NA,318
"319",317,258,NA,"(.) @ 只是 我 把 他 <L2 block L2> -",NA,319
"320",318,258,NA,"但是 我 只要 點進 去 還 是 看 得到 我 覺得 很 好笑 .",NA,320
"321",319,259,"M1","(0) 後來 我 好像 是 把 他 <L2 delete L2> 掉 .",NA,321
"322",320,260,"M2","(0) um .",NA,322
"323",321,261,"M1","<L2 Maybe it ’ s why L2> .",NA,323
"324",322,262,"M1","(.) 因為 我 覺得 -",NA,324
"325",323,263,"M1","(...) 這種人 沒事 的 -",NA,325
"326",324,264,"M1","(.) 沒事 在 那 邊寫 一些 怪裡怪氣 的 東[西] .",NA,326
"327",325,265,"M2","(.) [他]寫 很多 ,",NA,327
"328",326,266,"M2","(.) 我 就是 自從 ,",NA,328
"329",327,267,"M2","(.) 把 他 加進 來 -",NA,329
"330",328,267,NA,"(0) 然 後 我 就 馬上 把 他 <L2 block L2> 住 ,",NA,330
"331",329,267,NA,"(.) 後來 就 不 見 了 .",NA,331
"332",330,268,"M1","(.) ### 喔 .",NA,332
"333",331,269,"M2","(0) 但是 其實 你 要 看 都 還 是 看得到 啦 ,",NA,333
"334",332,269,NA,"(.) 很 好笑 .",NA,334
"335",333,270,"M2","(...) (4.0) 唉 這個 現代 人 的 毛病 也 是 很多 耶 .",NA,335
"336",334,271,"M1","(.) 蛤 那 個 尤其是 --",NA,336
"337",335,272,"M1","(.) 很 嚴重 啊 .",NA,337
"338",336,272,NA,"(.) 小樓 也 講說 他 也 沒有 說 .",NA,338
"339",337,273,"M1","(.) 他 說 覺得 說 如果 說 他 覺得 在 家裡 太 無 聊 .",NA,339
"340",338,274,"M1","(.) 他 就 去 --",NA,340
"341",339,275,"M1","(...) 去 工作 嘛 .",NA,341
"342",340,276,"M1","(...) 賺多 賺少 那 是 一 回 事 啊 .",NA,342
"343",341,277,"M2","(.) um .",NA,343
"344",342,278,"M1","(.) 然後 去 工作 有 點 事情 做 .",NA,344
"345",343,279,"M1","(...) (2.2) 那 --",NA,345
"346",344,280,"M1","(.) 他 又 不要 .",NA,346
"347",345,281,"M2","(...) (1.9) 那 像 --",NA,347
"348",346,282,"M2","(.) 我 想 一下 我 -",NA,348
"349",347,282,NA,"(.) 最後 我 -",NA,349
"350",348,283,"M2","(.) 因為 我 跟 他 不 熟 --",NA,350
"351",349,283,NA,"是 李 跟 嘉認 識 他 .",NA,351
"352",350,284,"M2","(.) 然後 零九 年 那 時候 [我 們 剛好 在 去] --",NA,352
"353",351,285,"M1","[在 他 在]內湖 有 一 段 時間 了 .",NA,353
"354",352,287,"M1","(.) 因為 我 那 時候 剛進 [2寶來 的2] 那 時候 ,",NA,354
"355",353,288,"M2","[2喔 喔2] .",NA,355
"356",354,289,"M1","(.) 他 --",NA,356
"357",355,290,"M1","(...) (1.7) 那 時候 我 寫 <L2 Moodys L2> 信評 他 寫 --",NA,357
"358",356,291,"M1","(.) [3他 寫3] 中華 信評 .",NA,358
"359",357,292,"M2","(...) (3.5) [3喔3] .",NA,359
"360",358,293,"M1","(.) 所以 信評 這個 部分 我 們 算是 有 交[3[集32] .",NA,360
"361",359,294,"M2","[3[那32] 我 在 猜 他 後來 應該 就 --",NA,361
"362",360,295,"M2","(.) 零九年 我 碰到 他 的 時候 --",NA,362
"363",361,296,"M2","(.) 他 看起來 應該 已經有 那樣的 症狀 -",NA,363
"364",362,296,NA,"只是 那 時候 不嚴 重還 是 說 因為 --",NA,364
"365",363,297,"M2","(.) 朋友 來 --",NA,365
"366",364,297,NA,"然後 因為 那 一 天 他 也 沒講 什麼 話 .",NA,366
"367",365,298,"M1","[喔] .",NA,367
"368",366,299,"M2","[我 們 也 感] 受 --",NA,368
"369",367,300,"M2","(.) [2我 們 也 感覺 不 出 來2] .",NA,369
"370",368,301,"M1","[2大概 -",NA,370
"371",369,302,"M1","(.) 大概 就是2] 趕快 他媽的 吃完 跑 了 ,",NA,371
"372",370,303,"M2","(.) 對 那 一 天 我 們 也 感覺 不 出來 他 有 什麼 特殊 的 異樣 說真 的 .",NA,372
"373",371,304,"M1","(...) (1.3) 李 知道 嗎 ?",NA,373
"374",372,305,"M2","(0) 都 知道 阿 .",NA,374
"375",373,306,"M1","(...) (0.9) 李 也 有 被 他 騷擾 過嗎 ?",NA,375
"376",374,307,"M2","(...) (0.7) 好像 有 .",NA,376
"377",375,308,"M1","[@ @ @]",NA,377
"378",376,309,"M2","[但是 呢] --",NA,378
"379",377,310,"M2","(.) 李 應該 也 是 把 他 打發 掉 而已 .",NA,379
"380",378,311,"M1","(...) (1.8) 那 李 那個 比 較 厲害 啦 .",NA,380
"381",379,312,"M2","(.) 應該 就是 把 他 打發 掉 .",NA,381
"382",380,313,"M1","(.) 李 應該 就是 ,",NA,382
"383",381,314,"M1","(...) (1.7) <L3 tseng siau e L3> 啦 .",NA,383
"384",382,315,"M2","(0) 對 呀 .",NA,384
"385",383,316,"M2","(.) @",NA,385
"386",384,317,"M1","(...) (2.3) eh 他 現在 還 -",NA,386
"387",385,318,"M1","(.) 他 現在 還 在 大展 .",NA,387
"388",386,319,"M2","(0) um .",NA,388
"389",387,320,"M2","(.) 他 掛執 副 我 在 猜 他 可能 過 兩年 變 總經理 .",NA,389
"390",388,321,"M1","(0) 總經理 .",NA,390
"391",389,322,"M2","(0) @ @",NA,391
"392",390,323,"M1","(.) eh 你 不要 看 .",NA,392
"393",391,324,"M1","(.) 那個 莉從 投信 離開 了 之後 現在 是 國泰 -",NA,393
"394",392,324,NA,"(0) 國泰證 的 總經理ne .",NA,394
"395",393,325,"M2","(0) 對 我 有 聽說 ,",NA,395
"396",394,325,NA,"(0) 那個 國泰證 想要 --",NA,396
"397",395,326,"M2","(.) 看看 有沒有 辦法 做到 -",NA,397
"398",396,326,NA,"(0) 可是 --",NA,398
"399",397,327,"M2","(.) 我 覺 得 還 是 很小 呀 .",NA,399
"400",398,328,"M2","(...) 他 是不是 才 兩個 店 還 三個 [店] .",NA,400
"401",399,329,"M1","[他] -",NA,401
"402",400,330,"M1","(.) 他 找白 當 總經理 可能 會大 一 點 .",NA,402
"403",401,330,NA,"<@ 找莉 當 總經理 <L3 na u kho liang L3> @> .",NA,403
"404",401,329,"M1","[他] -",NA,404
"405",402,330,"M1","(.) 他 找白 當總 經理 可能 會大 一 點 .",NA,405
"406",403,330,NA,"<@ 找莉 當總 經理 <L3 na u kho liang L3> @> .",NA,406
"407",404,331,"M2","(...) (1.8) 然 後莉 [2也2] 挖 了 幾個 以前 寶來 的 人 過 去 .",NA,407
"408",405,332,"M1","[2不然2] -",NA,408
"409",406,333,"M1","(0) 不然 就 找 那 個 --",NA,409
"410",407,334,"M1","(...) 找 那 個 --",NA,410
"411",408,335,"M1","(.) 找黃 老爹 當總 經理 呀 .",NA,411
"412",409,336,"M1","(.) <@ 那 好 一 點 好不 好 @> .",NA,412
"413",410,337,"M2","(.) 莉",NA,413
"414",411,338,"M2","(.) 我 覺得 他 只 會 做 小事eh .",NA,414
"415",412,339,"M1","(.) 沒有 啊 我 說",NA,415
"416",413,340,"M1","(.) 他 -",NA,416
"417",414,341,"M1","(.) 他 在 -",NA,417
"418",415,341,NA,"(0) 他 在 我 們 之前 那 個 也 就是 穿 著 <L2 Prada L2> 的 惡魔 啊 .",NA,418
"419",416,342,"M2","(0) 對 呀 .",NA,419
"420",417,343,"M1","(0) @ @[@ @ ## #]",NA,420
"421",418,344,"M2","[他 都 管 一些 無]聊 的 小事 .",NA,421
"422",419,345,"M1","[2辦 公桌 放 一 邊2] .",NA,422
"423",420,346,"M2","[2是 蠻無聊 的2] .",NA,423
"424",421,347,"M2","(.) 對沒 什麼意思 [3啊3] .",NA,424
"425",422,348,"M1","[3唉3] .",NA,425
"426",423,349,"M2","(...) (1.4) 那 陣子 我 剛好 [在]",NA,426
"427",424,350,"M1","[喔 對] 你 那 時候 [2在 內湖2] .",NA,427
"428",425,351,"M2","[2我 很 討厭 阿2] 我 覺 得 他 很 煩 .",NA,428
"429",426,351,NA,"(0) 他 一 開 始先 說 什麼 <L2 MSN L2> 不 能 用 .",NA,429
"430",427,352,"M1","(...) 這個 合理 呀 合理 呀 合理 .",NA,430
"431",428,353,"M2","(0) 然 後 大家 就 改用 <L2 Skype L2> .",NA,431
"432",429,353,NA,"(0) 然 後 後來 呢",NA,432
"433",430,354,"M2","(.) 後來 又 說 --",NA,433
"434",431,355,"M2","(...) 你 有 申請 他 就 可以 開放 -",NA,434
"435",432,355,NA,"(0) 反正 我 們 就 大家 去 申請 .",NA,435
"436",433,355,NA,"(0) 然 後 只是 那 陣子 就 比 較少 .",NA,436
"437",434,355,NA,"(0) 然 後 又 說 --",NA,437
"438",435,356,"M2","(...) (.9) 什 麼辦 公桌 上面 什麼 東西 要 怎麼 擺 .",NA,438
"439",436,356,NA,"(0) 然 後 我 想 說 你 -",NA,439
"440",437,356,NA,"(0) 頭腦 有 問題 我 根本 不 甩 他 .",NA,440
"441",438,357,"M2","(...) (.7) 然 後 有 一 陣子 還",NA,441
"442",439,358,"M2","(...) (.8) 人 資還 跟 我 說 什麼 我 -",NA,442
"443",440,359,"M2","(...) (1.0) 我 西裝 外套 吊 後面 不行 .",NA,443
"444",441,360,"M2","(.) 我 想 說 我 吊 在 那 邊關 你 屁事 啊 ?",NA,444
"445",442,360,NA,"(0) 是 怎樣 ?",NA,445
"446",443,360,NA,"(.) 我 就 [不 甩 他] .",NA,446
"447",444,361,"M1","[喔 對] 你 是 說吊 在 椅子 -",NA,447
"448",445,361,NA,"(0) 掛 在 椅子 上 呀 .",NA,448
"449",446,362,"M2","(0) 不是 椅子 上 .",NA,449
"450",447,362,NA,"(0) 後面 那 個",NA,450
"451",448,363,"M2","(.) <L2 cubicle L2> 那 個",NA,451
"452",449,364,"M2","(.) <L2 cubicle wall L2> 上面 .",NA,452
"453",450,365,"M1","(0) 喔 .",NA,453
"454",451,366,"M1","(...) 為 什麼 不行 ?",NA,454
"455",452,367,"M2","(0) 我 那 邊 有 一 根 --",NA,455
"456",453,367,NA,"(0) 那 種 有 一 個 突出 來 .",NA,456
"457",454,367,NA,"(0) 我 就 用 [一 個 衣架 掛] .",NA,457
"458",455,368,"M1","[對 呀] .",NA,458
"459",456,368,NA,"(0) 對 呀 很多 人 都 這樣 啊 .",NA,459
"460",457,369,"M2","(.8) 他 說 什麼 有 礙風化 -",NA,460
"461",458,369,NA,"(0) 我 想 說 我 管 你 的 ?",NA,461
"462",459,369,NA,"(0) 如果 不 高興 就 把 我 趕走 呀 !",NA,462
"463",460,369,NA,"(.) 你 把 我 <L2 fire L2> 掉 好 了 !",NA,463
"464",461,369,NA,"(0) 還 是 你 減 我 薪 -",NA,464
"465",462,369,NA,"(0) 我 就 不 甩 他 -",NA,465
"466",463,369,NA,"(0) 我 就 繼 續掛 -",NA,466
"467",464,370,"M2","(.) 然後 他 還會 來檢 查說 什麼 領帶 .",NA,467
"468",465,371,"M2","(...) 什麼 顏色 .",NA,468
"469",466,372,"M2","(...) (.7) 他 那 個頭 腦 真 得 都 壞掉 了 .",NA,469
"470",467,372,NA,"(0) 反正 我 就 不 甩 .",NA,470
"471",468,372,NA,"(0) 一直 在 那 邊 # 不 甩 不 甩 不 甩 不 [2甩2] .",NA,471
"472",469,373,"M1","[2eh2] 我 們 以前 -",NA,472
"473",470,374,"M1","(.) 以前 -",NA,473
"474",471,375,"M1","(...) (.8) 喔對 了",NA,474
"475",472,375,"M1","你 不是 坐 裡面 哪 .",NA,475
"476",473,376,"M1","(...) (.9) 南海 特區 .",NA,476
"477",474,376,"M1","@ @ @ @",NA,477
"478",475,377,"M2","(.) 一 開始 呢",NA,478
"479",476,377,"M2","我 有 坐 在 裡面",NA,479
"480",477,377,"M2","然後 後 來[因 為] --",NA,480
"481",478,378,"M1","[那 你]為 什麼 搬出 來 ?",NA,481
"482",479,379,"M2","(.) 因為 他們 --",NA,482
"483",480,379,"M2","劉 被 換進 去 .",NA,483
"484",481,380,"M1","(0) 喔",NA,484
"485",482,381,"M1","(...) [對 對對 對對] .",NA,485
"486",483,382,"M2","[然 後 我 就 搬出 來]",NA,486
"487",484,382,"M2","劉坐 到 我 的 位子 上 .",NA,487
"488",485,383,"M1","(0) 對對 對[2對 對2] .",NA,488
"489",486,384,"M2","[2然 後2] 搬出 來 我 想 說 也 沒差",NA,489
"490",487,384,"M2","因 為 --",NA,490
"491",488,385,"M1","(0) 應該 是 坐在 那 個角 落[那 個]",NA,491
"492",489,386,"M2","[對] .",NA,492
"493",490,387,"M1","(0) 之前",NA,493
"494",491,387,"M1","就是",NA,494
"495",492,388,"M1","(...) um",NA,495
"496",493,389,"M1","(...) (.7) 這 個",NA,496
"497",494,389,"M1","蔡秘書 的 後面 的 後面 黃 後[面] 的 位子 .",NA,497
"498",495,390,"M2","[對] .",NA,498
"499",496,391,"M2","(.) 然後 呢 後來 呢 劉 搬進 去",NA,499
"500",497,391,"M2","那 我 就 搬出 來",NA,500
"501",498,391,"M2","那 在 外面",NA,501
"502",499,391,"M2","反正 也 不 會 常常 遇到 ### 或 遇到 什麼 東西",NA,502
"503",500,391,"M2","我 在 外面 也 很 <L2 OK L2> .",NA,503
"504",501,392,"M2","(.) 可是 有 時候 他 就 會 有 一些 人 在 那 邊晃 來晃 去 .",NA,504
"505",502,392,"M2","聽說 啦",NA,505
"506",503,393,"M2","(...) 之前",NA,506
"507",504,393,"M2","莉還 晃到 裡面 去 .",NA,507
"508",505,394,"M2","(.) 好 幾次 .",NA,508
"509",506,395,"M1","(.) um",NA,509
"510",507,395,"M1","[那 最好 --",NA,510
"511",508,395,"M1","最好 看到 --]",NA,511
"512",509,398,"M2","[# ### ## 西]",NA,512
"513",510,396,"M1","(.) 最好 看到 白",NA,513
"514",511,397,"M1","(.) 的 那 個 衣服 是 掛 在 牆壁 上 .",NA,514
"515",512,399,"M2","(0) 他 當然 不會 講 啊",NA,515
"516",513,399,"M2","[2反正2] 後來 就 大家 就 有 在 那 邊",NA,516
"517",514,400,"M2","(...) 抱怨 連天 .",NA,517
"518",515,400,"M2","所以 後來",NA,518
"519",516,400,"M2","一 陣 子 以後 他 就 沒 繼續 弄了 .",NA,519
"520",517,402,"M1","(.) 對 呀 .",NA,520
"521",518,403,"M2","(0) 他 好像 就 玩了 半年 吧 .",NA,521
"522",519,404,"M1","(.) 我 知道 呀 .",NA,522
"523",520,405,"M2","(0) 感覺 那個 非常 愚蠢 .",NA,523
"524",521,406,"M2","(.) 非常 可笑 .",NA,524
"525",522,407,"M1","(.) 我 知道",NA,525
"526",523,407,"M1","後來 好像",NA,526
"527",524,408,"M1","(...) (.8) 好像",NA,527
"528",525,409,"M1","(...) 白總 把 他 --",NA,528
"529",526,410,"M1","(...) (1.0) 扔 去 投信 了 吧 .",NA,529
"530",527,411,"M2","(...) 對 啊",NA,530
"531",528,411,"M2","掛 個 副董 沒事 幹 吧 .",NA,531
"532",529,412,"M1","(.) 對 阿 副董 事 長 在 幹 嘛 ?",NA,532
"533",530,413,"M2","(.) 不 知道 啊",NA,533
"534",531,413,"M2","@ @ @ @",NA,534
"535",532,414,"M1","(0) 不過 我 倒是 很 訝異 國泰証 會 找 他 當 總經理 .",NA,535
"536",533,415,"M2","(0) 因為 國泰証 搞 不 清楚 .",NA,536
"537",534,416,"M1","(0) @ @ @",NA,537
"538",535,417,"M1","(...) (1.0) 我 真 得 很 訝異 .",NA,538
"539",536,418,"M2","(.) 那 時候 呀",NA,539
"540",537,419,"M2","(.) 白總 去 唷",NA,540
"541",538,420,"M1","(.) 他 找 誰 當 總經理 都 <L2 OK L2> 呀",NA,541
"542",539,420,"M1","不要 找 --",NA,542
"543",540,421,"M1","(.) 找 莉當 --",NA,543
"544",541,422,"M2","(.) 國泰 我 覺得 國泰金控 沒有 想 要 花 大錢 吧 .",NA,544
"545",542,422,"M2","他們 的 證券 本來 就 不 做 大 .",NA,545
"546",543,422,"M1","對 呀 .",NA,546
"547",544,424,"M2","(0) 他 只是 找 個人 去 管理 .",NA,547
"548",545,425,"M1","(...) (1.1) 對 呀 .",NA,548
"549",546,426,"M2","(...) (1.0) 那 時候",NA,549
"550",547,426,"M2","元大併 寶來 呀",NA,550
"551",548,426,"M2","然後",NA,551
"552",549,427,"M2","(...) (1.2) 因為 後來 莉 做 得 那些 奇怪 的 事情",NA,552
"553",550,428,"M2","(.) 他 在 寶來 裡面 人緣 很 差 .",NA,553
"554",551,428,"M2","裡面 人緣 很 差 .",NA,554
"555",552,429,"M1","(.) 對 .",NA,555
"556",553,430,"M2","(0) 因為 連 仁 都 很 討厭 他",NA,556
"557",554,430,"M2","然後 一些 其他 高階主管",NA,557
"558",555,430,"M2","洪 什麼 也 都 不 喜歡 他 .",NA,558
"559",556,431,"M1","(0) 洪 很 討厭 他",NA,559
"560",557,431,NA,"[<@這 都 知道 @> @] .",NA,560
"561",558,432,"M2","[因為 大家 --]",NA,561
"562",559,433,"M2","(.) 大家 都 覺 得 他",NA,562
"563",560,434,"M2","(...) (2.0) 在 那 邊",NA,563
"564",561,435,"M1","(...) 啊 --",NA,564
"565",562,436,"M2","(0) 雞蛋 裡 挑 骨頭",NA,565
"566",563,436,"M2","玩 一些 沒有 --",NA,566
"567",564,436,"M2","對[投資 沒有 助益 的 事] .",NA,567
"568",565,437,"M1","[沒有 意義 的 東西] .",NA,568
"569",566,437,"M1","沒有 賺錢 的 東西 阿 .",NA,569
"570",567,438,"M2","(.) 這 --",NA,570
"571",568,439,"M2","(.) 然後 後來 讓 他 想 要 --",NA,571
"572",569,440,"M2","(.) 讓 他 離開 寶來 的 原因 就是 因為 後來",NA,572
"573",570,441,"M2","(...) (1.3) 元大併 了 寶來 後",NA,573
"574",571,441,"M2","有 一 次",NA,574
"575",572,442,"M2","(...) 他 不 是 請 所有 的 董監 ?",NA,575
"576",573,443,"M2","(...) 加上 所有 的 (...)",NA,576
"577",574,444,"M2","(.) 應該 說 是 一級 主管 .",NA,577
"578",575,445,"M1","(0) 寶來 董監 嗎 ?",NA,578
"579",576,446,"M2","(...) (1.5) ts k .",NA,579
"580",577,446,"M2","我 [記得 好像] 是 寶來 總監 .",NA,580
"581",578,447,"M1","[# ## #]",NA,581
"582",579,448,"M2","(.) 整個 集團 的 啦 .",NA,582
"583",580,448,"M2","然後 還有 只 要 好 像 副總級 [2以上",NA,583
"584",581,450,"M1","[2um2] .",NA,584
"585",582,450,"M2","的2] 高階 主管",NA,585
"586",583,449,"M2","(.) 他 幾乎 全部 都 請 .",NA,586
"587",584,451,"M1","(...) (1.3) 莉 ?",NA,587
"588",585,452,"M2","(...) 那個 元大 經控 嘛 .",NA,588
"589",586,453,"M1","(0) 喔對 對對 對對 對對",NA,589
"590",587,453,"M1","我 知道 .",NA,590
"591",588,455,"M2","[在 世貿 的 [# #] .",NA,591
"592",589,454,"M1","(.) [這 我 知道] .",NA,592
"593",590,454,"M1","對對 對 這 我 知道 .",NA,593
"594",591,456,"M2","(0) 可是 那 一 次 呢",NA,594
"595",592,457,"M2","(.) 他們 就 有",NA,595
"596",593,458,"M2","(...) (0.8) 有 漏 掉 幾 個人",NA,596
"597",594,458,"M2","我 覺得 是 刻意 漏掉 .",NA,597
"598",595,459,"M1","(.) 漏掉 莉 ?",NA,598
"599",596,460,"M2","(.) 對 .",NA,599
"600",597,461,"M2","(.) [然後] --",NA,600
"601",598,462,"M1","[對阿 那天 沒] 看到 他 .",NA,601
"602",599,463,"M2","(.) 莉 呢",NA,602
"603",600,463,"M2","就 哭哭啼啼 的 跑去 跟",NA,603
"604",601,464,"M1","(...) 黃董 <L3 哭夭 L3> ?",NA,604
"605",602,465,"M2","(...) (0.7) 跑去 跟 黃監察 哭哭啼啼",NA,605
"606",603,465,"M2","然後 又 跑 去 跟 那個",NA,606
"607",604,466,"M2","(.) 白太太 .",NA,607
"608",605,466,"M2","就 那個",NA,608
"609",606,467,"M2","(...) 魏董 哭哭啼啼 @ .",NA,609
"610",607,467,"M2","你 知道",NA,610
"611",608,467,"M2","那 [兩個人]",NA,611
"612",609,468,"M1","[魏董]",NA,612
"613",610,468,"M1","魏董 根本 不 管事 [2阿2] .",NA,613
"614",611,469,"M2","[2對 呀2] <@ 那 --",NA,614
"615",612,470,"M2","(.) 那 這 兩位 也 只能 兩手 一 攤 [3說3]",NA,615
"616",613,472,"M1","[3對 啊3] .",NA,616
"617",614,471,"M2","(.) 這 這個[3[不是 我 能 決定 的32] @> .",NA,617
"618",615,473,"M1","(...) (0.6) [3[@ @ @ @ @]}2]",NA,618
"619",616,474,"M2","(0) @然後 大家 心裡 就 想 說 可見 他 人緣 多 差",NA,619
"620",617,474,"M2","沒有 人 --",NA,620
"621",618,475,"M2","(.) 因為 元大 那 時候 一定 應該 已經 做過了 一個 <L2 pool L2>",NA,621
"622",619,475,"M2","一個 普查 .",NA,622
"623",620,476,"M1","(0) 沒有 我 覺得 那個 是",NA,623
"624",621,477,"M1","(.) 我 高度 懷疑 是",NA,624
"625",622,478,"M1","(...) 高階 <@ 主管 故意 漏掉 他 @> .",NA,625
"626",623,478,"M1","沒 道理 勝 去 他 沒 去 耶 .",NA,626
"627",624,479,"M1","(.) eh 老實 講 真得 沒 道理 .",NA,627
"628",625,480,"M2","(0) 沒有",NA,628
"629",626,480,"M2","搞 不 好 是 有人 一直 在 馬 家 前面 講 他 壞話",NA,629
"630",627,480,"M2","說 這個 人 很 糟 .",NA,630
"631",628,481,"M1","(0) 應 --",NA,631
"632",629,482,"M1","(.) 應該 不 至於 .",NA,632
"633",630,483,"M2","(0) @ <@ 這 我 就 不 清 [楚了] @> .",NA,633
"634",631,484,"M1","[應該 不是] .",NA,634
"635",632,485,"M2","(.) 因 為 勝也 很 討厭 他",NA,635
"636",633,485,"M2","我 知[2道2] .",NA,636
"637",634,486,"M1","[2我 知道2] 勝 很 討厭 他",NA,637
"638",635,486,"M1","因為 他",NA,638
"639",636,487,"M1","(.) 他 --",NA,639
"640",637,488,"M1","(.) 在 劉 --",NA,640
"641",638,489,"M1","(.) 在 投信 那 邊",NA,641
"642",639,489,"M1","跟 勝 對 鬥 呀",NA,642
"643",640,490,"M1","(.) [3鬥 很 兇3] .",NA,643
"644",641,491,"M2","[3那 很 無3]聊 啊 .",NA,644
"645",642,491,"M2","沒有 意義 嘛 .",NA,645
"646",643,491,"M2","唉 .",NA,646
"647",644,492,"M1","(0) 啊 勝 他 會 賺錢 .",NA,647
"648",645,493,"M2","(0) 對 呀 .",NA,648
"649",646,493,"M2","勝 做 得 還 不錯 啦 .",NA,649
"650",647,493,"M2","以 專業 經理 人 來 講 我 覺得 他 做 得 不錯 .",NA,650
"651",648,494,"M1","(.) 他 會 賺錢 啊 .",NA,651
"652",649,495,"M2","(0) um .",NA,652
"653",650,496,"M2","(.) 所以 <@ 我 覺得 很 @ @ 好笑 @> .",NA,653
"654",651,497,"M2","(.) 然後 後來 好像 沒 多久",NA,654
"655",652,498,"M2","(.) 那個 <@ 吃 完 飯 以後 我 就 聽 說 他 離開了 @> .",NA,655
"656",653,499,"M1","(...) 喔對 呀 .",NA,656
"657",654,500,"M1","(.) 那 一",NA,657
"658",655,500,"M1","喔 那 一 頓 飯",NA,658
"659",656,501,"M1","(.) 就是 剛",NA,659
"660",657,502,"M1","(.) <L2 announce merge L2> 的 時候 .",NA,660
"661",658,503,"M2","(0) 對 .",NA,661
"662",659,504,"M2","(...) 然後 後來",NA,662
"663",660,504,"M2","他 可能 就 開始 很 積極 .",NA,663
"664",661,504,"M2","你 也 知道 他 也是 很 <L2 aggressive L2>",NA,664
"665",662,504,"M2","他 應該 就是 出去 業界 到處 找到 處 找 然後 就",NA,665
"666",663,504,"M2","[跑] 去 那 邊 .",NA,666
"667",664,505,"M1","[um] .",NA,667
"668",665,506,"M1","(...) um",NA,668
"669",666,507,"M1","(.) 開發金",NA,669
"670",667,508,"M1","(...) (1.4) 也 沒 理 他 .",NA,670
"671",668,508,"M1","他 --",NA,671
"672",669,509,"M2","#",NA,672
"673",670,510,"M1","(...) (1.2) 那個 林 不是 去 開發金 ?",NA,673
"674",671,511,"M2","(0) 喔 對 林 也 不 喜歡 他 嘛 .",NA,674
"675",672,512,"M1","(0) 喔 對",NA,675
"676",673,513,"M1","(.) 也 是 .",NA,676
"677",674,514,"M1","(.) 他 那個 人緣 太 差了 .",NA,677
"678",675,515,"M2","(0) 對 呀",NA,678
"679",676,515,"M2","因為 他 那 時候",NA,679
"680",677,515,"M2","玩 那些 無聊 的 東西",NA,680
"681",678,516,"M2","(.) 還 管 東 管 西 的",NA,681
"682",679,516,"M2","得罪 很多 人 嘛 .",NA,682
"683",680,517,"M1","(0) um .",NA,683
"684",681,517,"M1","林 脾氣 比 他 更 大 好不 好 .",NA,684
"685",682,518,"M2","(0) um .",NA,685
"686",683,519,"M1","(...) 林 尤其 是 在 白總 那 邊",NA,686
"687",684,520,"M1","(...) (0.7) 更 得寵 @ .",NA,687
"688",685,521,"M2","(.) um .",NA,688
"689",686,521,"M2","應該 是 .",NA,689
