"id","doc","unitSeq","Speaker","TurnSeq","IUSeq","Utterance","docTokenSeqFirst","docTokenSeqLast"
"6644D47B39EB","NCCU-TM025-CN-FM",1,"F:","1","1","(.) 而且 我 發覺 啊 .",1,6
"2847452249607","NCCU-TM025-CN-FM",2,"F:","1","2","(.) 現在 不是 都 有 很多 部落客 在 寫 [那種] --",7,17
"33BD93A0F36AD","NCCU-TM025-CN-FM",3,"M:","2","3","[嗯] .",18,19
"169DC25B62545","NCCU-TM025-CN-FM",4,"F:","1","4","(.) 什麼 推薦 文 啊 ,",20,25
"1D0EEA1C665C4","NCCU-TM025-CN-FM",5,"F:","1","5","(.) 什麼 的 .",26,29
"1111D1AE63362","NCCU-TM025-CN-FM",6,"F:","3","6","(.) 他們 那些 人 都 ,",30,35
"29045138C50F0","NCCU-TM025-CN-FM",7,"F:","3","7","(.) 都 不約而同 會 同時 ,",36,41
"13060E4F543B7","NCCU-TM025-CN-FM",8,"F:","3","8","(.) 就是 大概 那 個 時間 都 推薦 同 一 間 店 .",42,54
"1BA96DC7B3DC9","NCCU-TM025-CN-FM",9,"M:","4","9","(.) mhm .",55,57
"31A7FAF53DD7D","NCCU-TM025-CN-FM",10,"F:","5","10","(.) 就 大概 都 是 那些 店 同時間 [2找2] 他們 ,",58,68
"4BEAF9E316D7","NCCU-TM025-CN-FM",11,"M:","6","11","[2對 啊2] ,",69,71
"186BBBB3BD0F7","NCCU-TM025-CN-FM",12,"F:","5","12","(.) 那 個 嗎 ?",72,76
"5BE86CA9C543","NCCU-TM025-CN-FM",13,"M:","6","13","(.) 差不多 .",77,79
"262288687E640","NCCU-TM025-CN-FM",14,"F:","7","14","(.) 可是 有人 會 因為 這樣 ,",80,86
"2425EB9AB589F","NCCU-TM025-CN-FM",15,"F:","7","15","(.) 然後 就 真的 去 買 ,",87,93
"55CA9840F4DF","NCCU-TM025-CN-FM",16,"F:","7","15","去 那 個 ,",94,97
"2EA0144A60979","NCCU-TM025-CN-FM",17,"M:","8","16","(.) 會 啊 .",98,101
"CB070A525230","NCCU-TM025-CN-FM",18,"M:","8","17","(.) 不然 為什麼 那些 部落客 那麼 紅 .",102,109
"310C3158DC625","NCCU-TM025-CN-FM",19,"F:","9","18","(.) 好 --",110,112
"235314F563F69","NCCU-TM025-CN-FM",20,"F:","9","19","(.) 好 無聊 .",113,116
"211E7D51E6510","NCCU-TM025-CN-FM",21,"F:","9","20","(.) 可是 那 畢竟 ,",117,121
"2580C184F71CB","NCCU-TM025-CN-FM",22,"F:","9","21","(.) 不 是 真實 的 生活 ,",122,128
"32A790C67677","NCCU-TM025-CN-FM",23,"F:","9","22","(.) 真實 的 生活 根本 不 會 那麼樣 啊 .",129,138
"1CA9D4A1F9AD0","NCCU-TM025-CN-FM",24,"M:","10","23","(.) mhm .",139,141
"38883C8CB1980","NCCU-TM025-CN-FM",25,"F:","11","24","(.) 我 不 是 跟 你 說 我 跟 小氣鬼 討論過 那 話題 .",142,155
"AC6125FEB22","NCCU-TM025-CN-FM",26,"F:","11","25","(.) 就 說 這些 部落客 到底 平常 都 在 幹 嘛 .",156,167
"6AEFD1616C1B","NCCU-TM025-CN-FM",27,"F:","11","26","(.) 有的 那 樣子 每天 出 --",168,174
"20A82E7B55E2E","NCCU-TM025-CN-FM",28,"F:","11","27","(.) 出去 吃 喝 玩 樂 .",175,181
"25B0204602A8A","NCCU-TM025-CN-FM",29,"F:","11","28","(.) uh 歐洲 的 遊記 也 可以 寫 .",182,190
"A4B9442ADFCF","NCCU-TM025-CN-FM",30,"F:","11","29","(.) 日本 的 也 能 寫 .",191,197
"2498F0C55FDD5","NCCU-TM025-CN-FM",31,"F:","11","30","(.) 然後 東南亞 的 也 寫 .",198,204
"1A6403875C49F","NCCU-TM025-CN-FM",32,"F:","11","31","(.) 台灣 的 也 寫 .",205,210
"B853449125ED","NCCU-TM025-CN-FM",33,"F:","11","32","(.) 所有 的 飯店 什麼 她們 都 住過 了 .",211,220
"6B913B3DBEDE","NCCU-TM025-CN-FM",34,"M:","12","33","(.) mhm .",221,223
"30A2A37B3A0D5","NCCU-TM025-CN-FM",35,"F:","13","34","(.) 對 啊 .",224,227
"2BB405D95A714","NCCU-TM025-CN-FM",36,"F:","13","35","(.) 她 老公 不 知道 到底 在 幹 嘛 .",228,237
"138F848CCA865","NCCU-TM025-CN-FM",37,"M:","14","36","(.) @",238,239
"11F712FB4B6EF","NCCU-TM025-CN-FM",38,"F:","15","37","(.) 或是 她 本身 到底 在 幹 嘛 .",240,248
"3A17CE3CED3E","NCCU-TM025-CN-FM",39,"M:","16","38","(.) 問號 .",249,251
"23CE43990545D","NCCU-TM025-CN-FM",40,"F:","17","39","(.) 都 不用 賺錢 ,",252,256
"276E06C43C39B","NCCU-TM025-CN-FM",41,"F:","17","39","都 不用 生活 了 .",257,261
"13E67C710CC14","NCCU-TM025-CN-FM",42,"F:","17","40","(.) 也 都 不用 那 個 嗎 .",262,269
"6E282FAD21C8","NCCU-TM025-CN-FM",43,"M:","18","41","(.) 沒有 [啊] .",270,273
"26D217BAC1537","NCCU-TM025-CN-FM",44,"F:","19","42","[都] 沒有 現實 的 考量 嗎 ?",274,280
"E9F4966ADBF6","NCCU-TM025-CN-FM",45,"M:","20","43","(.) 偶爾 一定 都 會 有 這 種 人 啦 .",281,291
"1C7E07F20B179","NCCU-TM025-CN-FM",46,"M:","20","44","(.) 可是 那 不 代表 ,",292,297
"104DFDA021C5D","NCCU-TM025-CN-FM",47,"M:","20","45","(.) 大多數 的 人 .",298,302
"81EF372A8871","NCCU-TM025-CN-FM",48,"M:","20","46","(.) 對 啊 .",303,306
"221771FC8F1E4","NCCU-TM025-CN-FM",49,"F:","21","47","(.) 可是 應該 也 不 會 去 羨慕 才 對 啊 .",307,318
"36D0E8B71B05F","NCCU-TM025-CN-FM",50,"M:","22","48","(.) 妳 看起來 很 羨慕 @@ ,",319,325
"3588EE600017E","NCCU-TM025-CN-FM",51,"F:","23","49","(.) 可是 那 ,",326,329
"1BC43154238F6","NCCU-TM025-CN-FM",52,"F:","23","50","(.) 我 覺得 實際 上 ,",330,335
"17CC2FACDB19E","NCCU-TM025-CN-FM",53,"F:","23","51","(.) 應該 不 會 是 這樣 .",336,342
"2F081A053FA30","NCCU-TM025-CN-FM",54,"M:","24","52","(.) 沒有 啊 ,",343,346
"A46A74CC050C","NCCU-TM025-CN-FM",55,"M:","24","53","(.) 妳 自己 ,",347,350
"147AAF4947793","NCCU-TM025-CN-FM",56,"M:","24","54","(.) 現在 沒辦法 那樣 ,",351,355
"1FBA82D2F44F","NCCU-TM025-CN-FM",57,"M:","24","55","(.) 所以 妳 會 很 羨慕 .",356,362
"20059540D68C1","NCCU-TM025-CN-FM",58,"F:","25","56","(.) 是 這樣 嗎 .",363,367
"14DCD00DD16DE","NCCU-TM025-CN-FM",59,"M:","26","57","(.) 可是 妳 自己 是 那 樣子 的 時候 妳 就 覺得 沒有 什麼 .",368,382
"9B36F778F5F2","NCCU-TM025-CN-FM",60,"F:","27","58","(.) mhm .",383,385
"22FC530B35875","NCCU-TM025-CN-FM",61,"M:","28","59","(.) 譬如 說 什麼 ,",386,390
"1FE5C280C2043","NCCU-TM025-CN-FM",62,"M:","28","60","(.) 我們 去 --",391,394
"2392887D83C6B","NCCU-TM025-CN-FM",63,"M:","28","61","(.) 去 義大利 那 領隊 .",395,400
"3120AD78F632B","NCCU-TM025-CN-FM",64,"M:","28","62","(.) 去 義大利 已經 去 到 爛掉 了 .",401,409
"14D063A6766F4","NCCU-TM025-CN-FM",65,"F:","29","63","(.) 對 啊 .",410,413
"4D40FA3E85B","NCCU-TM025-CN-FM",66,"F:","29","64","(.) 什麼 地方 對 他 來說 [2都 覺得 一 樣2] .",414,424
"2283E695B2717","NCCU-TM025-CN-FM",67,"M:","30","65","[2對 啊2] ,",425,427
"347752A0AED4C","NCCU-TM025-CN-FM",68,"M:","30","66","(.) 跑來跑去 那 --",428,431
"1482165971C20","NCCU-TM025-CN-FM",69,"M:","30","67","(.) 對 他 來說 都 沒有 什麼 .",432,439
"32C990326AA68","NCCU-TM025-CN-FM",70,"M:","30","68","(.) 還 重遊 義大利 <L3 lei L3> .",440,447
"125F86D8A33AB","NCCU-TM025-CN-FM",71,"F:","31","69","(.) @@@",448,449
"1488BAAF23561","NCCU-TM025-CN-FM",72,"M:","32","70","(.) 他 可能 想到 都 已經 ,",450,456
"2580B44C61CC4","NCCU-TM025-CN-FM",73,"M:","32","71","(.) 喔 .",457,459
"7AC2EB1D57AF","NCCU-TM025-CN-FM",74,"M:","32","72","(.) 下次 來到 這裡 的 時候 然後 要 講 什麼 幹嘛 嗯嗯 .",460,472
"C19934B5BF46","NCCU-TM025-CN-FM",75,"M:","32","73","(.) [稿子 都 背 得 一清二楚] .",473,479
"19CDD516683A1","NCCU-TM025-CN-FM",76,"F:","33","74","[沒有 你 看 .",480,483
"5DEECD095CCF","NCCU-TM025-CN-FM",77,"F:","33","75","(.) 對 他 來說] 那 是 他 的 工作 .",484,493
"2364E6B138C6E","NCCU-TM025-CN-FM",78,"M:","34","76","(.) 對 啊 .",494,497
"2DAD5DB9429DB","NCCU-TM025-CN-FM",79,"F:","35","77","(.) 然後 例行性 的 就是 ,",498,503
"4680780BEC68","NCCU-TM025-CN-FM",80,"M:","36","78","(.) [2對 啊2] .",504,507
"247821C54A7F1","NCCU-TM025-CN-FM",81,"F:","37","79","[2就是 這樣子2] .",508,510
"201E354E2B9D6","NCCU-TM025-CN-FM",82,"F:","37","80","(.) 他 可能 今天 到 這裡 .",511,517
"2F4A0C138F85E","NCCU-TM025-CN-FM",83,"F:","37","81","(.) 就 講 這樣 的 話 .",518,524
"125EC8A291E4F","NCCU-TM025-CN-FM",84,"F:","37","82","(.) 到 這邊 ,",525,528
"1E86CE3774F4C","NCCU-TM025-CN-FM",85,"F:","37","83","(.) 就 [換 這樣 介紹] .",529,534
"2E757281F06C9","NCCU-TM025-CN-FM",86,"M:","38","84","[對 啊] .",535,537
"170E8A738A1FB","NCCU-TM025-CN-FM",87,"F:","37","85","(.) 對 他 來說 沒有 特別 的 .",538,545
"2C0662B743E86","NCCU-TM025-CN-FM",88,"F:","37","86","(.) 那 個 ,",546,549
"2F91A5F44703F","NCCU-TM025-CN-FM",89,"F:","39","87","(.) 可是 我們 (.) 去 的 時候 會 覺得 每 一 個 地方 ,",550,563
"AD0D65C6CE19","NCCU-TM025-CN-FM",90,"F:","39","87","都 好 驚[奇] .",564,567
"27220E0756DAB","NCCU-TM025-CN-FM",91,"M:","40","89","[都] 很 驚奇 啊 .",568,572
"23B1746477EF1","NCCU-TM025-CN-FM",92,"F:","41","90","(.) 然後 都 好好 那 個 喔 .",573,580
"2A93C16A9BBDE","NCCU-TM025-CN-FM",93,"F:","41","91","(.) 好好 玩 喔 .",581,585
"2FA12BE34B087","NCCU-TM025-CN-FM",94,"M:","42","92","(.) 你 看 所以 你 看 同樣 的 行為 .",586,595
"1EE5F9356A9A9","NCCU-TM025-CN-FM",95,"M:","42","93","(.) 就是 去 義大利 .",596,600
"21DCD7FC7AB29","NCCU-TM025-CN-FM",96,"M:","42","94","(.) 去 義大利 .",601,604
"149B440D67FF9","NCCU-TM025-CN-FM",97,"M:","42","95","(.) 然後 可是 對 ,",605,609
"366A41255BC6","NCCU-TM025-CN-FM",98,"M:","42","96","(.) 我們 ,",610,612
"20B7588154358","NCCU-TM025-CN-FM",99,"M:","42","97","(.) 對 他 ,",613,616
"1D33DB3D01023","NCCU-TM025-CN-FM",100,"M:","42","98","(.) 不同 的 意義 .",617,621
"155F1ACE8C611","NCCU-TM025-CN-FM",101,"F:","43","99","(.) 對 啊 .",622,625
"A2D44E5EAC20","NCCU-TM025-CN-FM",102,"M:","44","100","(.) 然後 差 很 多 .",626,631
"1537805C30742","NCCU-TM025-CN-FM",103,"F:","45","101","(.) 不過 出 ,",632,635
"8AE55F9AF295","NCCU-TM025-CN-FM",104,"F:","45","102","(.) 出去 總 是 增廣見聞 .",636,641
"1269FB455F290","NCCU-TM025-CN-FM",105,"M:","46","103","(.) mhm .",642,644
"2C6D6586AB1C3","NCCU-TM025-CN-FM",106,"F:","47","104","(.) 也 還 不錯 .",645,649
"28F43A9513D34","NCCU-TM025-CN-FM",107,"M:","48","105","(.) mhm .",650,652
"38BDF0027965","NCCU-TM025-CN-FM",108,"M:","48","106","(.) ei ?",653,655
"2DB9A27E1B8A5","NCCU-TM025-CN-FM",109,"M:","48","106","那 時候 去 義大利 那 時候 ,",656,662
"18C20EA4A28A6","NCCU-TM025-CN-FM",110,"M:","48","106","他 那 什麼 .",663,666
"9289D1DA98E6","NCCU-TM025-CN-FM",111,"M:","48","107","(.) 領隊 那 叫 我們 要 防 ,",667,674
"1D0CA0F01A46F","NCCU-TM025-CN-FM",112,"M:","48","107","那 個 ,",675,677
"360CD905EEC81","NCCU-TM025-CN-FM",113,"M:","48","108","(.) 那 個 是 什麼 人 .",678,684
"C5253B5779E6","NCCU-TM025-CN-FM",114,"M:","48","109","(.) 他們 叫 --",685,688
"162CBCEE06EEA","NCCU-TM025-CN-FM",115,"M:","48","110","(.) 講 那些 黑人 是 什麼 人 .",689,696
"33C016223ABC7","NCCU-TM025-CN-FM",116,"F:","49","111","(.) 吉普賽 .",697,699
"C8952D5D114A","NCCU-TM025-CN-FM",117,"M:","50","112","(.) 啊 對 對 對 ,",700,705
"1D27F873ED5C8","NCCU-TM025-CN-FM",118,"M:","50","113","(.) 吉普賽] .",706,708
"13E1F28AA638D","NCCU-TM025-CN-FM",119,"F:","51","114","[唉 呦 什麼人 還 不是 都 一樣] .",709,716
"136808B061186","NCCU-TM025-CN-FM",120,"F:","51","115","(.) 我 那天 真的 做 那 個 夢 啊 .",717,726
"2209FEB9D37AA","NCCU-TM025-CN-FM",121,"F:","51","116","(.) 我 真的 覺得 超 好笑 的 .",727,734
"2410C64210C89","NCCU-TM025-CN-FM",122,"F:","51","117","(.) 夢見 我們 全家 要 去 西班牙 .",735,742
"2AF8361343961","NCCU-TM025-CN-FM",123,"F:","51","118","(.) 然後 呢 ,",743,746
"360F58EBBA171","NCCU-TM025-CN-FM",124,"F:","51","119","(.) 十一 點 的 飛機 ,",747,752
"BFADDD2291F8","NCCU-TM025-CN-FM",125,"F:","51","120","(.) 然後 八 點 的 時候 ,",753,759
"F4E92821B561","NCCU-TM025-CN-FM",126,"F:","51","121","(.) 我 還 在 跟 我 妹 在 那 邊 爭 ,",760,771
"1411CBDAE7FA0","NCCU-TM025-CN-FM",127,"F:","51","122","(.) 誰 要 哪 一 個 旅行箱 .",772,779
"181DE2EFF05FD","NCCU-TM025-CN-FM",128,"F:","51","123","(.) 在 那邊 爭吵 不休 .",780,785
"1862593637331","NCCU-TM025-CN-FM",129,"F:","51","124","(.) 然後 我 媽 居然 還 跟 我 說 ,",786,795
"2DE986CA2BB1F","NCCU-TM025-CN-FM",130,"F:","51","124","你 快點 去 幫 Mi寶 綁 頭髮 .",796,803
"37EA24A7DCA7F","NCCU-TM025-CN-FM",131,"M:","52","125","(.) 嗯 @ .",804,807
"3208F8CD9171C","NCCU-TM025-CN-FM",132,"F:","53","126","(.) 然後 ,",808,810
"2B0C331C87500","NCCU-TM025-CN-FM",133,"F:","53","126","爸爸 也 都 還沒 準備 好 .",811,817
"1DBAF645DEC4","NCCU-TM025-CN-FM",134,"F:","53","127","(.) 然後 說 這樣 要 去 機場 .",818,825
"33590ED306AE1","NCCU-TM025-CN-FM",135,"M:","54","128","(.) 爸爸 還 沒 準備 好 是 比較 不 可能 .",826,836
"16D858AFFCA96","NCCU-TM025-CN-FM",136,"F:","55","129","(.) @@@=",837,838
"335D0AC0734C3","NCCU-TM025-CN-FM",137,"F:","55","130","(.) [ei .",839,841
"138798CC4D8A9","NCCU-TM025-CN-FM",138,"F:","55","131","(.) ei] .",842,844
"D8A3BEE80A30","NCCU-TM025-CN-FM",139,"M:","56","132","[不過 你們 還 在 那 邊] ,",845,851
"65015A36D071","NCCU-TM025-CN-FM",140,"M:","56","133","(.) [2你們 還 在 那 邊 東吵西吵 這 是 非常 有 可能2] .",852,864
"13D367078D692","NCCU-TM025-CN-FM",141,"F:","57","134","[2@@ @ =2]",865,867
"5FED1291DE31","NCCU-TM025-CN-FM",142,"F:","57","135","(.) 然後 我 還 夢 到 我 媽 跟 我 說 ,",868,879
"280DA61DC7B07","NCCU-TM025-CN-FM",143,"F:","57","135","ei 不 知道 我 去 洗 個 頭 來得及 嗎 .",880,890
"2D312620FA948","NCCU-TM025-CN-FM",144,"M:","58","136","(.) @@",891,892
"1A79180FDF390","NCCU-TM025-CN-FM",145,"F:","59","137","(.) 然後 我 還 跟 她 說 ,",893,900
"63C9149DDEBE","NCCU-TM025-CN-FM",146,"F:","59","137","十一 點 的 飛機 耶 .",901,906
"20EEE74F4EDC2","NCCU-TM025-CN-FM",147,"F:","59","138","(.) 現在 要 出門 了 .",907,912
"23C4D075CFB89","NCCU-TM025-CN-FM",148,"M:","60","139","(.) 然後 你 爸 就 爆炸 了 .",913,920
"385DCA5E47F23","NCCU-TM025-CN-FM",149,"F:","61","140","(.) 沒有 是 我 爆炸 .",921,926
"21A1C1221B1D5","NCCU-TM025-CN-FM",150,"F:","61","141","(.) 後來 ,",927,929
"AFEF7EBCAB8F","NCCU-TM025-CN-FM",151,"F:","61","142","(.) 最後 結論 好像 是 ,",930,935
"24BCE81C6EE43","NCCU-TM025-CN-FM",152,"F:","61","143","(.) 我 突然 --",936,939
"28F763D00BFAD","NCCU-TM025-CN-FM",153,"F:","61","144","(.) 我 就 知道 我 在 作夢 .",940,947
"34DF2CE8C69FC","NCCU-TM025-CN-FM",154,"F:","61","145","(.) 然後 可是 ,",948,951
"261D7941FE89B","NCCU-TM025-CN-FM",155,"F:","61","146","(.) 夢裡 的 那 一 瞬間 就 覺得 ,",952,960
"379B41A76DFCD","NCCU-TM025-CN-FM",156,"F:","61","147","(.) 天啊 .",961,963
"32EEB5F9DA197","NCCU-TM025-CN-FM",157,"F:","61","148","(.) 我 不 想 去 了 .",964,970
"1CEEC1CA599ED","NCCU-TM025-CN-FM",158,"F:","61","149","(.) 我 不要 去 算了 .",971,976
"318ABC12BF29","NCCU-TM025-CN-FM",159,"F:","61","149","這樣子 .",977,978
"18C68E4826257","NCCU-TM025-CN-FM",160,"F:","61","150","(.) 她 還 在 那邊 跟 我 爭說 飛機 是 十二 點 ,",979,991
"26F992D1A9B83","NCCU-TM025-CN-FM",161,"F:","61","151","(.) 我 說 是 十一 點 .",992,998
"1DC41BA369060","NCCU-TM025-CN-FM",162,"F:","61","152","(.) 然後 就 一直 爭吵不休 .",999,1004
"AB9980745D87","NCCU-TM025-CN-FM",163,"M:","62","153","(.) @@[@@]",1005,1006
"16BC615804290","NCCU-TM025-CN-FM",164,"F:","63","154","[@@@=]",1007,1007
"147E51F28C983","NCCU-TM025-CN-FM",165,"F:","63","154","然後 ,",1008,1009
"CDA618FF49A6","NCCU-TM025-CN-FM",166,"F:","63","154","我 妹 還 一直 在 那 邊 跟 我 爭 那 個 粉紅色 的 旅行箱 .",1010,1025
"C113063C088","NCCU-TM025-CN-FM",167,"F:","63","155","(.) 然後 行李 都 還 沒 收 這樣 .",1026,1034
"3DF6F2F7E95D","NCCU-TM025-CN-FM",168,"F:","63","156","(.) 然後 說 這樣 要 去 西班牙 .",1035,1042
"E894855A047A","NCCU-TM025-CN-FM",169,"M:","64","157","(.) 有 .",1043,1045
"D8EDA16F7268","NCCU-TM025-CN-FM",170,"M:","64","158","(.) 這 非常 有 你們 的 [2風格2] .",1046,1053
"10B1C04E61BB4","NCCU-TM025-CN-FM",171,"F:","65","159","[2@2]",1054,1054
"2AD88BA245E05","NCCU-TM025-CN-FM",172,"F:","65","160","(.) 然後 帶 小孩 去 這樣子 怎麼 可能 .",1055,1063
"2B71E8DA25715","NCCU-TM025-CN-FM",173,"M:","66","161","(.) @",1064,1065
"1A1BFC0009BC","NCCU-TM025-CN-FM",174,"F:","67","162","(.) 然後 我 還 夢 到 就是 ,",1066,1073
"D549EE1024DB","NCCU-TM025-CN-FM",175,"F:","67","163","(.) Mi寶 的 東西 我 什麼 也 都 還 沒 收 .",1074,1085
"10CE6919F6314","NCCU-TM025-CN-FM",176,"F:","67","164","(.) 尿布 也 都 沒帶 ,",1086,1091
"1F6EB431ECF53","NCCU-TM025-CN-FM",177,"F:","67","164","什麼 也 都 還 沒 用 ,",1092,1098
"F3F810AD2CCF","NCCU-TM025-CN-FM",178,"F:","67","164","那 樣子 .",1099,1101
"30AC9C100E787","NCCU-TM025-CN-FM",179,"M:","68","165","(.) uhm [@@] .",1102,1105
"33C854565B2AB","NCCU-TM025-CN-FM",180,"F:","69","166","[對 啊] .",1106,1108
"E50A47FF5B1E","NCCU-TM025-CN-FM",181,"F:","69","167","(.) 真是 個 怪夢 .",1109,1113
"1C550324D8BA9","NCCU-TM025-CN-FM",182,"M:","70","168","(.) @@",1114,1115
"2CD78D182FEE8","NCCU-TM025-CN-FM",183,"F:","71","169","(.) 就 那 種 慌慌張張 那樣 .",1116,1122
"37DFAB86A2D9A","NCCU-TM025-CN-FM",184,"F:","71","169","@@",1123,1123
"15D6FEFA52318","NCCU-TM025-CN-FM",185,"M:","72","170","(.) 你 看 你們 平常 出門 多 會 拖 .",1124,1133
"996EB58FE26E","NCCU-TM025-CN-FM",186,"F:","73","171","(.) 也 還好 吧 .",1134,1138
"EF71475994BE","NCCU-TM025-CN-FM",187,"F:","73","172","(.) 我 已經 算 家 裡 第 二 名 了 吧 .",1139,1150
"E2A5D7E6B0A2","NCCU-TM025-CN-FM",188,"M:","74","173","(.) 喔 .",1151,1153
"19AC7F671852B","NCCU-TM025-CN-FM",189,"F:","75","174","(.) 我 爸 之後 換 我 啦 .",1154,1161
"1CFFE9343A1F3","NCCU-TM025-CN-FM",190,"M:","76","175","(.) huh",1162,1163
"ABDDAEDA5D3B","NCCU-TM025-CN-FM",191,"F:","77","176","(.) 我 之後 換 我 妹 .",1164,1170
"2A4606021B8FA","NCCU-TM025-CN-FM",192,"M:","78","177","(.) mhm",1171,1172
"759873D976E4","NCCU-TM025-CN-FM",193,"F:","79","178","(.) 最 會 拖 的 大概 就是 媽媽 .",1173,1181
"232216CAE6156","NCCU-TM025-CN-FM",194,"M:","80","179","(.) mhm .",1182,1184
"34DF4D2B76630","NCCU-TM025-CN-FM",195,"F:","81","180","(.) @@",1185,1186
"48A81383ED73","NCCU-TM025-CN-FM",196,"F:","81","181","(.) 你 動作 也 很 慢 啊 .",1187,1194
"EE9143163225","NCCU-TM025-CN-FM",197,"F:","81","182","(.) 你 笑 誰 啊 .",1195,1200
"225919CB28267","NCCU-TM025-CN-FM",198,"M:","82","183","(.) 我 哪 有 很 慢 .",1201,1207
"24E9870F80788","NCCU-TM025-CN-FM",199,"F:","83","184","(.) 那 是 因為 你 不用 化妝 .",1208,1215
"1ABAB62CF5F45","NCCU-TM025-CN-FM",200,"F:","83","185","(.) 你 不用 整理 東西 .",1216,1221
"8587F31D3072","NCCU-TM025-CN-FM",201,"M:","84","186","(.) 我 動作 很 快 .",1222,1227
"28658891CE5E4","NCCU-TM025-CN-FM",202,"F:","85","187","(.) 我 就 想到 那天 .",1228,1233
"1348233C19F5B","NCCU-TM025-CN-FM",203,"F:","85","187","小舅媽 講 的 .",1234,1237
"18B6B7AC66400","NCCU-TM025-CN-FM",204,"F:","85","188","(.) ei 你 知 不 知道 現在 幾點 了 .",1238,1247
"33A6B3C933170","NCCU-TM025-CN-FM",205,"F:","85","189","(.) 你 還 要 洗 衣服 .",1248,1254
"27621D70D1436","NCCU-TM025-CN-FM",206,"F:","85","190","(.) 啊 你 還 要 整理 東西 .",1255,1262
"D90C694F1671","NCCU-TM025-CN-FM",207,"F:","85","191","(.) 你 知 不 知道 我們 明天 幾點 要 出門 啊 .",1263,1274
"1C7E92FB308C5","NCCU-TM025-CN-FM",208,"F:","85","192","(.) 男人 就 只 會 講 這些 屁話 而已 .",1275,1284
"16D08C269BDE2","NCCU-TM025-CN-FM",209,"M:","86","193","(.) mhm .",1285,1287
"448046D4021D","NCCU-TM025-CN-FM",210,"F:","87","194","(.) 然後 也 不 來 幫忙 .",1288,1294
"1DF1D6C7E516D","NCCU-TM025-CN-FM",211,"F:","87","195","(.) 就 像 那 每次 ,",1295,1300
"1D8679F41FBCA","NCCU-TM025-CN-FM",212,"F:","87","196","(.) 禮拜六 晚上 的 時候 你 都 在 那 邊 趕 .",1301,1312
"8A6C15F46232","NCCU-TM025-CN-FM",213,"F:","87","197","(.) mhm ,",1313,1315
"1B5F1CB6D234","NCCU-TM025-CN-FM",214,"F:","87","198","(.) 你 好 了 沒 .",1316,1321
"1D40C26D8865E","NCCU-TM025-CN-FM",215,"F:","87","199","(.) 現在 幾點 了 .",1322,1326
"183CF1FA6DB6A","NCCU-TM025-CN-FM",216,"F:","87","200","(.) 現在 十 點 了 .",1327,1332
"2F3D9E002FA11","NCCU-TM025-CN-FM",217,"F:","87","201","(.) 現在 幾點 了 .",1333,1337
"1A083DEBD8DC7","NCCU-TM025-CN-FM",218,"F:","87","202","(.) 你 知道 嗎 .",1338,1342
"2BB57BDB4027E","NCCU-TM025-CN-FM",219,"M:","88","203","(.) 唉 .",1343,1345
"305B88CC86DD","NCCU-TM025-CN-FM",220,"F:","89","204","(.) 還 敢 趕 我 .",1346,1351
"FF501A22FC8B","NCCU-TM025-CN-FM",221,"F:","89","205","(.) 喔 .",1352,1354
"1FFD7E85660E2","NCCU-TM025-CN-FM",222,"M:","90","206","(.) mhm .",1355,1357
"230B5BB59EDF5","NCCU-TM025-CN-FM",223,"M:","90","207","(.) 那 是 真的 很 晚 了 ne .",1358,1366
"23397952935D9","NCCU-TM025-CN-FM",224,"M:","90","208","(.) 啊 我 可以 用 的 我 也 都 用 了 .",1367,1378
"2777D553DFBE2","NCCU-TM025-CN-FM",225,"F:","91","209","(.) 你 沒 用 什麼 啊 ,",1379,1385
"360FB24748C89","NCCU-TM025-CN-FM",226,"F:","91","209","你 用 什麼 .",1386,1389
"2E0E3819E409E","NCCU-TM025-CN-FM",227,"F:","91","210","(.) 每次 [都 說 什麼] .",1390,1395
"10D31DACBD41F","NCCU-TM025-CN-FM",228,"M:","92","211","[有 啊] .",1396,1398
"C5F071691F8C","NCCU-TM025-CN-FM",229,"F:","93","212","(.) 然後 回到 家還 會 highlight 我 就是 什麼 ,",1399,1408
"1F853DC4CA81C","NCCU-TM025-CN-FM",230,"F:","93","213","(.) ei .",1409,1411
"1ED2F78B0CC02","NCCU-TM025-CN-FM",231,"F:","93","213","你 怎麼 沒帶 玩具 .",1412,1416
"31532EF8BFAC1","NCCU-TM025-CN-FM",232,"F:","93","214","(.) 應該 要 帶 個 玩具 回來 給 她 玩 .",1417,1427
"365B4F699A754","NCCU-TM025-CN-FM",233,"F:","93","215","(.) 講 那 什麼 屁話 .",1428,1433
"C3F4EB32D27E","NCCU-TM025-CN-FM",234,"M:","94","216","(.) mhm .",1434,1436
"274419913EA35","NCCU-TM025-CN-FM",235,"F:","95","217","(.) 自己 不 會 收 喔 .",1437,1443
"7892E0897224","NCCU-TM025-CN-FM",236,"M:","96","218","(.) 下次 要 帶 一下 .",1444,1449
"1707A1932E92B","NCCU-TM025-CN-FM",237,"F:","97","219","(.) 最好 不要 回去 住 .",1450,1455
"11C50C47B5853","NCCU-TM025-CN-FM",238,"F:","97","220","(.) 你 答應 我 的 喔 .",1456,1462
"8B16109B9EE8","NCCU-TM025-CN-FM",239,"F:","97","221","(.) 還 説 .",1463,1466
"270B3718B6B5","NCCU-TM025-CN-FM",240,"F:","97","222","(.) 怎麼樣 這次 老闆 跟 你 剪 這 個 頭髮 你 還 滿意 嗎 .",1467,1481
"EB1884059130","NCCU-TM025-CN-FM",241,"M:","98","223","(.) 還 不錯 啊 .",1482,1486
"2F67443644BF","NCCU-TM025-CN-FM",242,"F:","99","224","(.) @=",1487,1488
"2A213451DA9F9","NCCU-TM025-CN-FM",243,"M:","100","225","(.) 可是 老闆 有 點 龜毛 .",1489,1495
"2629925F0C4EE","NCCU-TM025-CN-FM",244,"M:","100","226","(.) 這樣 --",1496,1498
"38D58AB2C2880","NCCU-TM025-CN-FM",245,"M:","101","227","(.) 這樣 ,",1499,1501
"1FE0CEC699269","NCCU-TM025-CN-FM",246,"F:","102","228","(.) 一 根 一 根 拔 起來 剪 .",1502,1510
"2ED8CBEAB4B92","NCCU-TM025-CN-FM",247,"F:","102","229","(.) 拿 起來 剪 .",1511,1515
"178BD804B6C6","NCCU-TM025-CN-FM",248,"M:","103","230","(.) 真的 是 一 根 一 根 剪 .",1516,1524
"2227E802293B4","NCCU-TM025-CN-FM",249,"F:","104","231","(.) 對 啊 .",1525,1528
"14012212978FB","NCCU-TM025-CN-FM",250,"F:","104","232","(.) 然後 要不 就 在 那 邊幫 你 吹 那 個 領子 .",1529,1541
"744CD8EAE5FF","NCCU-TM025-CN-FM",251,"M:","105","233","(.) [@=]",1542,1543
"178F80AFC2E3C","NCCU-TM025-CN-FM",252,"F:","106","234","[然後] [2吹 了 半天2] .",1544,1548
"1A5CA4322A417","NCCU-TM025-CN-FM",253,"M:","107","235","[2@@2]",1549,1549
"2346814E94F3B","NCCU-TM025-CN-FM",254,"M:","107","236","(.) 然後 你 爸 揹著 Mi寶 [3在 外面 已經3] --",1550,1559
"25704A0C62246","NCCU-TM025-CN-FM",255,"F:","108","237","[3對3] --",1560,1561
"1D6E55051F4FD","NCCU-TM025-CN-FM",256,"F:","108","238","(.) 人家 他 還 不慌不忙 的 .",1562,1568
"3280E8BF5A596","NCCU-TM025-CN-FM",257,"M:","109","243","(.) 已經 很 [3抓狂3] .",1569,1573
"DF16DD4EFAD6","NCCU-TM025-CN-FM",258,"F:","108","238","慢慢 這樣 ,",1574,1576
"25D81FB47C5EA","NCCU-TM025-CN-FM",259,"F:","108","239","(.) 慢慢 吹 ,",1577,1580
"BBCEF2732474","NCCU-TM025-CN-FM",260,"F:","108","240","(.) 慢慢 吹 .",1581,1584
"2B1FD15547170","NCCU-TM025-CN-FM",261,"F:","108","241","(.) 你 應該 跟 他 講說 ,",1585,1591
"4DCDDAD67ED3","NCCU-TM025-CN-FM",262,"F:","108","242","(.) 不用 吹 了 不用 吹 了 .",1592,1599
"242DFD15BE1C","NCCU-TM025-CN-FM",263,"M:","110","244","[我 很 想] 講 .",1600,1604
"2673D6E6195A8","NCCU-TM025-CN-FM",264,"M:","110","247","(.) 可是 那 領子 真的 很 濕 .",1605,1612
"356973E318A12","NCCU-TM025-CN-FM",265,"F:","111","248","(.) 是 洗頭 時候 用濕 的 [2 <L3 hiou L3> 2] .",1613,1624
"1F11D5A3A18E9","NCCU-TM025-CN-FM",266,"M:","112","249","[2嘿2] .",1625,1626
"1CE625B7EDD9A","NCCU-TM025-CN-FM",267,"M:","112","249","真的 很 濕 .",1627,1630
"20368504D4508","NCCU-TM025-CN-FM",268,"F:","113","250","(.) hun ,",1631,1633
"6ABA866F3942","NCCU-TM025-CN-FM",269,"F:","113","250","那 那 個 (.) 小弟 很 不 會 洗 喔 .",1634,1644
"24D84BFEE28BB","NCCU-TM025-CN-FM",270,"M:","114","252","(.) 對 啊 .",1645,1648
"1420B1F9013C5","NCCU-TM025-CN-FM",271,"M:","114","253","(.) 沒有 --",1649,1651
"2C640B55E8AF5","NCCU-TM025-CN-FM",272,"M:","114","254","(.) 可 --",1652,1654
"142E6B9C5AF6E","NCCU-TM025-CN-FM",273,"M:","114","255","(.) 我 --",1655,1657
"26EE1265C4D5D","NCCU-TM025-CN-FM",274,"M:","114","256","(.) 不 曉得 是 什麼 時候 弄濕 的 .",1658,1666
"1E7A248A2AD2A","NCCU-TM025-CN-FM",275,"M:","114","257","(.) 因為 他 都 會 一直 東 --",1667,1674
"1AE855BBC8D06","NCCU-TM025-CN-FM",276,"M:","114","258","(.) 有 東西 電 直 它 .",1675,1681
"1AC2B424EE65F","NCCU-TM025-CN-FM",277,"F:","115","259","(.) 喔= .",1682,1684
"1261795627ED1","NCCU-TM025-CN-FM",278,"M:","116","260","(.) 對 啊 .",1685,1688
"344148EAB7D21","NCCU-TM025-CN-FM",279,"M:","116","261","(.) 不過 去 給 人家 洗頭 真的 很 舒服 耶 .",1689,1699
"2D9F65C2AFD2","NCCU-TM025-CN-FM",280,"F:","119","262","(.) 應該 説 ,",1700,1703
"15D2779915D0E","NCCU-TM025-CN-FM",281,"F:","117","245","(.) 你 還說 [我 給 他 按 得] ,",1704,1712
"1055DF97E173F","NCCU-TM025-CN-FM",282,"M:","118","246","[真的 會 洗 到 睡著] .",1713,1718
"6D166EFB4A84","NCCU-TM025-CN-FM",283,"F:","119","263","(.) 按 了 兩天 之後 ,",1719,1724
"10B671020BCF9","NCCU-TM025-CN-FM",284,"F:","119","263","到 現在 還 在 頭痛 .",1725,1730
"7F2101EC92FF","NCCU-TM025-CN-FM",285,"M:","120","264","(.) @@",1731,1732
"4F728EE24FEF","NCCU-TM025-CN-FM",286,"F:","121","265","(.) 你 知道 那 個 ,",1733,1738
"1D4432BE677DA","NCCU-TM025-CN-FM",287,"F:","121","266","(.) 他 跟 我 掐 得 多 大力 嗎 ?",1739,1748
"2E3ACEE0035AC","NCCU-TM025-CN-FM",288,"M:","122","267","(.) <L3 hiou L3> .",1749,1753
"2BD9C3F627B45","NCCU-TM025-CN-FM",289,"M:","122","268","(.) 啊 (.) 你 怎麼 沒有 叫 出來 .",1754,1762
"92881B2E9714","NCCU-TM025-CN-FM",290,"F:","123","270","(.) 我 就 he= ,",1763,1767
"3432FBC65629C","NCCU-TM025-CN-FM",291,"F:","123","270","他 整個 從 後面 這樣子 .",1768,1773
"27D15FCC85623","NCCU-TM025-CN-FM",292,"F:","123","271","(.) 這樣 er =這樣子 .",1774,1778
"2D475AA968994","NCCU-TM025-CN-FM",293,"F:","123","272","(.) 然後 這樣 jiang jiang ,",1779,1784
"28EEF98A2FA85","NCCU-TM025-CN-FM",294,"F:","123","273","(.) 然後 又 壓 這邊 .",1785,1790
"2BBFF075A06CA","NCCU-TM025-CN-FM",295,"M:","124","274","(.) 這樣 ,",1791,1793
"1C32CF7D602F","NCCU-TM025-CN-FM",296,"M:","124","275","(.) [應該 蠻 舒服 的] .",1794,1799
"1C30F2DE02E7C","NCCU-TM025-CN-FM",297,"F:","125","276","[然後 我 都 覺得] ,",1800,1804
"89ED773C57AD","NCCU-TM025-CN-FM",298,"F:","125","277","(.) 我 好 想 跳 起來 掐 住 他 [2@=2] .",1805,1815
"28D60E156E966","NCCU-TM025-CN-FM",299,"M:","126","278","[2@@@2]",1816,1816
"1C27A0DBD7451","NCCU-TM025-CN-FM",300,"F:","127","279","(.) @@ 真的 很 痛 耶 .",1817,1823
"176255E4CF0E1","NCCU-TM025-CN-FM",301,"M:","128","280","(.) 唉 .",1824,1826
"B1C05C8FB00F","NCCU-TM025-CN-FM",302,"F:","129","281","(.) 沒有 舒服 的 感覺 .",1827,1832
"12CDCAC6161D2","NCCU-TM025-CN-FM",303,"F:","129","282","(.) 我 覺得 他 那 個 是 不是 不 太 會 抓 啊 .",1833,1846
"E701F9D7C048","NCCU-TM025-CN-FM",304,"F:","129","283","(.) 然後 只 知道 用 蠻力 .",1847,1853
"143837D153206","NCCU-TM025-CN-FM",305,"M:","130","284","(.) 喔 .",1854,1856
"3FD31B30F3DB","NCCU-TM025-CN-FM",306,"F:","131","285","(.) 對 啊 .",1857,1860
"20B6BBC8BB368","NCCU-TM025-CN-FM",307,"M:","132","286","(.) mhm .",1861,1863
"1F7C77F3BAD56","NCCU-TM025-CN-FM",308,"F:","133","287","(.) 就 很 笨 啊 ,",1864,1869
"6FF20A2E57C7","NCCU-TM025-CN-FM",309,"M:","134","288","(.) @",1870,1871
"1889D6EDAD15C","NCCU-TM025-CN-FM",310,"F:","135","289","(.) 痛 死 我 了 .",1872,1877
"17CCCC293BFD","NCCU-TM025-CN-FM",311,"M:","136","290","(.) 那 你 弟弟 應該 也 都 不 到 二十 歲 吧 .",1878,1890
"5D125F045CFE","NCCU-TM025-CN-FM",312,"F:","137","291","(.) 不到 啊 ,",1891,1894
"15CB025F9E188","NCCU-TM025-CN-FM",313,"F:","137","292","(.) [那] --",1895,1897
"F529E70AC817","NCCU-TM025-CN-FM",314,"M:","138","293","[年紀] [2都 很 輕2] .",1898,1902
"35F3257187C6E","NCCU-TM025-CN-FM",315,"F:","139","294","[2年紀 都 很 輕2] .",1903,1907
"12C2CC533E0F3","NCCU-TM025-CN-FM",316,"M:","140","295","(.) 那 他們 是 有 請 一 個 設計師 這樣子 .",1908,1918
"26CFBFFD5E3F2","NCCU-TM025-CN-FM",317,"F:","141","296","(.) 對 .",1919,1921
"175D42414B585","NCCU-TM025-CN-FM",318,"F:","141","297","(.) 那 個 nu --",1922,1926
"3089C38867E5D","NCCU-TM025-CN-FM",319,"F:","141","298","(.) 另外 [那 個 女] --",1927,1932
"28651C65CD4CD","NCCU-TM025-CN-FM",320,"M:","142","299","[另外 那 也 是 設計師] .",1933,1938
"B50970702CE6","NCCU-TM025-CN-FM",321,"F:","143","300","(.) mhm .",1939,1941
"34D242E93E151","NCCU-TM025-CN-FM",322,"F:","143","301","(.) 本來 有 兩個 後來 走 了 一 個 啊 .",1942,1952
"19599058C934A","NCCU-TM025-CN-FM",323,"M:","144","302","(.) 喔= .",1953,1955
"2B0AAE8DD4F95","NCCU-TM025-CN-FM",324,"F:","145","303","(.) 他們 現在 人手 也 不是 很 夠 .",1956,1964
"3829632B6011E","NCCU-TM025-CN-FM",325,"M:","146","304","(.) 可是 生意 好像 沒有 特別 好 .",1965,1972
"1B1EAB8B7CF9","NCCU-TM025-CN-FM",326,"F:","147","305","(.) 不會 耶 .",1973,1976
"1A4F7A0121F39","NCCU-TM025-CN-FM",327,"F:","147","306","(.) 就是 因為 我們 去 的 那 個 時間 是 因為 吃飯 時間 .",1977,1990
"F36FE81B4F83","NCCU-TM025-CN-FM",328,"M:","148","307","(.) <L3 hiou L3> .",1991,1995
"1EEFC5C25C015","NCCU-TM025-CN-FM",329,"F:","149","308","(.) um .",1996,1998
"1FE2A64EC58F8","NCCU-TM025-CN-FM",330,"F:","149","309","(.) 要不然 有 時候 都 要 等 .",1999,2006
"2ED079C2AFEB8","NCCU-TM025-CN-FM",331,"M:","150","310","喔 .",2007,2008
"2BE1A75B8E14","NCCU-TM025-CN-FM",332,"F:","151","311","(.) 而且 現在 競爭 那麼 激烈 ,",2009,2015
"EB28DB507002","NCCU-TM025-CN-FM",333,"F:","151","311","你 看 ,",2016,2018
"2693A6F828EC4","NCCU-TM025-CN-FM",334,"M:","152","312","(.) mhm= .",2019,2021
"BDB722401119","NCCU-TM025-CN-FM",335,"F:","153","313","(.) 一百 公尺 以 內 有 幾間 .",2022,2029
"EDF6069D4F51","NCCU-TM025-CN-FM",336,"M:","154","314","(.) 對 啊 ,",2030,2033
"13E2D373F5DEE","NCCU-TM025-CN-FM",337,"F:","155","315","(.) 從 ,",2034,2036
"1E6D7A546187C","NCCU-TM025-CN-FM",338,"F:","155","316","(.) 這 一 頭 到 那 一 頭 ,",2037,2045
"7B2F2342B8DB","NCCU-TM025-CN-FM",339,"M:","156","317","(.) mhm=",2046,2047
"17174B321E8CF","NCCU-TM025-CN-FM",340,"F:","157","318","(.) 到 那 個= 以前 臭臉 --",2048,2054
"31A3D3A66310C","NCCU-TM025-CN-FM",341,"F:","157","319","(.) 那 個 ,",2055,2058
"B4203BE77EAF","NCCU-TM025-CN-FM",342,"F:","157","320","(.) 老周 那裡 .",2059,2062
"13BF6011DDD1D","NCCU-TM025-CN-FM",343,"M:","158","321","(.) mhm= ,",2063,2065
"1581A37076796","NCCU-TM025-CN-FM",344,"F:","159","322","(.) 我 知道 就 五 間 了 .",2066,2073
"22BC4417033DE","NCCU-TM025-CN-FM",345,"M:","160","323","(.) mhm ,",2074,2076
"D5E1A707DFDD","NCCU-TM025-CN-FM",346,"F:","161","324","(.) 我 數 得 出來 就 五間 了 喔 .",2077,2086
"11ACC556B2109","NCCU-TM025-CN-FM",347,"M:","162","325","(.) 很多 間 .",2087,2090
"6AD04DDDBA7C","NCCU-TM025-CN-FM",348,"F:","163","326","(.) 對 啊 ,",2091,2094
"946016A91B3A","NCCU-TM025-CN-FM",349,"F:","163","327","(.) 才 短短 一百 公尺 以內 耶 .",2095,2102
"2A26E0C4615B8","NCCU-TM025-CN-FM",350,"M:","164","328","(.) 那 你們 最後 怎麼 都 習慣 在 東京 .",2103,2112
"260E4FCCD321E","NCCU-TM025-CN-FM",351,"F:","165","329","(.) 不 知道 啊 .",2113,2117
"1EFEE9437A240","NCCU-TM025-CN-FM",352,"M:","166","330","(.) 喔 .",2118,2120
"29A1BD1FFF7EB","NCCU-TM025-CN-FM",353,"F:","167","331","(.) 因為 近 吧 .",2121,2125
"1F07EF8E24D5E","NCCU-TM025-CN-FM",354,"F:","167","332","(.) 然後 又 方便 那樣 .",2126,2131
"1E78D7DEABEE7","NCCU-TM025-CN-FM",355,"M:","168","333","(.) 他 又 用 得 不錯 ,",2132,2138
"1937B28B7B384","NCCU-TM025-CN-FM",356,"F:","169","334","(.) 我 覺得 他 算 用 得 不錯 .",2139,2147
"ABC41264D937","NCCU-TM025-CN-FM",357,"M:","170","335","(.) hm .",2148,2150
"1CA271123D3B5","NCCU-TM025-CN-FM",358,"F:","171","336","(.) 唉 .",2151,2153
"2C45E6C70FCAB","NCCU-TM025-CN-FM",359,"F:","171","337","(.) 唉 .",2154,2156
"A500D02B59BB","NCCU-TM025-CN-FM",360,"F:","171","337","之後 天氣 越 來 越 熱 .",2157,2163
"2DFA5FB6EEBD9","NCCU-TM025-CN-FM",361,"F:","171","338","(.) 我 看 午休 還 是 都 待 在 公司 睡覺 好 了 .",2164,2177
"29C76378C8249","NCCU-TM025-CN-FM",362,"M:","172","339","(.) mhm .",2178,2180
"A729393EACE9","NCCU-TM025-CN-FM",363,"F:","173","340","(.) 沒事 不要 亂跑 出來 那 [個] ,",2181,2188
"1C17C1E90D5F3","NCCU-TM025-CN-FM",364,"M:","174","341","[mhm] .",2189,2190
"1D6378FAD5526","NCCU-TM025-CN-FM",365,"F:","175","342","(.) 唉 .",2191,2193
"24065477FCE2C","NCCU-TM025-CN-FM",366,"F:","175","342","車 趕快 給 我 開 啦 .",2194,2200
"248E27674C74D","NCCU-TM025-CN-FM",367,"M:","176","343","(.) 等下 給 妳 開 .",2201,2206
"347E0473D4557","NCCU-TM025-CN-FM",368,"F:","177","344","(.) 你 為什麼 要 挑 我 愛 睏 [的 時候 才 給 我 開] .",2207,2221
"2D9A4EF8CF26E","NCCU-TM025-CN-FM",369,"M:","178","345","[@=]",2222,2222
"22DE3E7865BD1","NCCU-TM025-CN-FM",370,"F:","179","346","(.) 我 可以 拒絕 嗎 .",2223,2228
"2C5B4FB949A4B","NCCU-TM025-CN-FM",371,"M:","180","347","(.) 讓 你 練習 一下 啊 .",2229,2235
"BD96DBF47666","NCCU-TM025-CN-FM",372,"F:","181","348","(.) ho= 我 愛睏 了 啦 @= .",2236,2243
"1292E156479B5","NCCU-TM025-CN-FM",373,"M:","182","349","(.) 我 也 有 點 愛睏 .",2244,2250
"2FE9C79EDDA28","NCCU-TM025-CN-FM",374,"F:","183","350","(.) @ 我 開 你 睡 得 著 喔 .",2251,2260
"37754B78BF404","NCCU-TM025-CN-FM",375,"M:","184","351","(.) 也許 可以 .",2261,2264
"1534221C5D310","NCCU-TM025-CN-FM",376,"F:","185","352","(.) 不要 鬧 了 .",2265,2269
"1B16AD9E85085","NCCU-TM025-CN-FM",377,"F:","185","353","(.) 不要 [2開 玩笑2] .",2270,2274
"1E09BE755DA13","NCCU-TM025-CN-FM",378,"M:","186","354","[2對 啊2] .",2275,2277
"273DD5533A418","NCCU-TM025-CN-FM",379,"F:","187","355","(.) mhm .",2278,2280
"B33831E650D0","NCCU-TM025-CN-FM",380,"F:","187","356","(.) 給 你 喝 .",2281,2285
"251A6DD726280","NCCU-TM025-CN-FM",381,"F:","187","357","(.) 快要 喝 完 了 耶 .",2286,2292
"D0AC8F8A0C82","NCCU-TM025-CN-FM",382,"F:","187","358","(.) 這 杯 .",2293,2296
"B5E97F3E8937","NCCU-TM025-CN-FM",383,"F:","187","359","(.) 那 麼 大 杯 .",2297,2302
"23BFBFC4FD459","NCCU-TM025-CN-FM",384,"F:","188","360","(.) 覺得 今天 晚上 那 個 日本 料理 真的 好好 吃 喔 .",2303,2315
"144D9884EFBF5","NCCU-TM025-CN-FM",385,"M:","189","361","(.) mhm .",2316,2318
"C4F77FE2D5E3","NCCU-TM025-CN-FM",386,"F:","190","362","(.) 我 現在 越來越 喜歡 吃 日本 料理 .",2319,2327
"188EB2A1ACD98","NCCU-TM025-CN-FM",387,"F:","190","363","(.) 有的 東西 它 就 比較 [油膩] .",2328,2335
"120A907F2FDAF","NCCU-TM025-CN-FM",388,"M:","191","364","[對 啊] .",2336,2338
"22452A89922F9","NCCU-TM025-CN-FM",389,"F:","190","365","(.) 然後 比較 ,",2339,2342
"284F4F8BE22A9","NCCU-TM025-CN-FM",390,"F:","190","365","比較 不 會 加工 那 麼 多 .",2343,2350
"13E1554A501D4","NCCU-TM025-CN-FM",391,"F:","192","366","(.) 對 啊 .",2351,2354
"EAE746E59447","NCCU-TM025-CN-FM",392,"M:","193","367","(.) 然後 那 炭烤 其實 也 ,",2355,2361
"CB55C85CE199","NCCU-TM025-CN-FM",393,"M:","193","368","(.) 不 會 說 ,",2362,2366
"EB4BC1FDE860","NCCU-TM025-CN-FM",394,"M:","193","369","(.) 看起來 很 不 健康 那樣 .",2367,2373
"140C882736462","NCCU-TM025-CN-FM",395,"F:","194","370","(.) 不 會 [耶] .",2374,2378
"9A54B4C50026","NCCU-TM025-CN-FM",396,"M:","195","371","[嘿 啊 .",2379,2381
"18272C5E21BE","NCCU-TM025-CN-FM",397,"M:","195","372","(.) 都] [2還 好2] .",2382,2386
"31CF986E89B8E","NCCU-TM025-CN-FM",398,"F:","196","373","[2就 也 不 會 說2] [3油 用3] .",2387,2394
"1483213ED449C","NCCU-TM025-CN-FM",399,"M:","197","374","[3還 OK3] ,",2395,2397
"8F08A2DC5880","NCCU-TM025-CN-FM",400,"F:","198","375","(.) 而且 我 覺得 它 價錢 沒有 特別 貴 ,",2398,2407
"1C922CE3AA3B5","NCCU-TM025-CN-FM",401,"F:","198","375","但是 至少 擺盤 什麼 的 都 看起[來] 乾乾淨淨 的 .",2408,2417
"2064AC87360F1","NCCU-TM025-CN-FM",402,"M:","199","376","[mhm] .",2418,2419
"B42B05A90B47","NCCU-TM025-CN-FM",403,"F:","200","377","(.) ho .",2420,2422
"12C8ACC7912D2","NCCU-TM025-CN-FM",404,"F:","200","378","(.) 你 媽 用 的 菜 都 很 油 <L3 hon L3> .",2423,2435
"278A8537B6B06","NCCU-TM025-CN-FM",405,"F:","200","379","(.) 你 有 沒有 發現 .",2436,2441
"3193EFD7F36F2","NCCU-TM025-CN-FM",406,"M:","201","380","(.) mhm .",2442,2444
"20B024605D4DD","NCCU-TM025-CN-FM",407,"F:","202","381","(.) 雞腿 用 煎 的 .",2445,2450
"3432DB17E6537","NCCU-TM025-CN-FM",408,"F:","202","382","(.) si= @ .",2451,2454
"E30953754021","NCCU-TM025-CN-FM",409,"M:","203","383","(.) @@@",2455,2456
"1FC71D248E4A8","NCCU-TM025-CN-FM",410,"F:","204","384","(.) 然後 浮 一 層 油 .",2457,2463
"B9BCCB6F825B","NCCU-TM025-CN-FM",411,"M:","205","385","(.) 對 啊 .",2464,2467
"219A5CE03CA84","NCCU-TM025-CN-FM",412,"F:","206","386","(.) 她 都 滷過 再 煎 .",2468,2474
"3168A06914FC8","NCCU-TM025-CN-FM",413,"F:","206","386","然後 再 那 個 ,",2475,2479
"1CAFDD4CFD047","NCCU-TM025-CN-FM",414,"M:","207","387","(.) TSK 那天 的 沒有 滷過 .",2480,2486
"229E9F7D70D00","NCCU-TM025-CN-FM",415,"F:","208","388","(.) 真的 嗎 可 我 發覺 她 很 喜歡 滷 東西 .",2487,2498
"2E41CAC9ADE1E","NCCU-TM025-CN-FM",416,"M:","209","389","(.) mhm .",2499,2501
"6869DF37CF90","NCCU-TM025-CN-FM",417,"F:","210","390","(.) 我 知道 .",2502,2505
"30231E117FFF3","NCCU-TM025-CN-FM",418,"F:","210","390","她 蒸魚 是 都 放 蠔油 ,",2506,2512
"1C0259FAD7C54","NCCU-TM025-CN-FM",419,"F:","210","390","才 會 都 有 甜甜 的 味道 .",2513,2520
"BBF4DA6C2858","NCCU-TM025-CN-FM",420,"M:","211","391","(.) 對 .",2521,2523
"115B439F757C8","NCCU-TM025-CN-FM",421,"F:","212","392","(.) 可是 其實 蠔油 加 了 很多 ,",2524,2531
"22BD6376CEB53","NCCU-TM025-CN-FM",422,"F:","212","393","(.) 有的沒的 說 ,",2532,2535
"21A6BC4466804","NCCU-TM025-CN-FM",423,"F:","212","394","(.) 給 小朋友 吃 應該 不要 .",2536,2542
"CB9CEE145D0D","NCCU-TM025-CN-FM",424,"F:","212","395","(.) 不要 用 蠔油 .",2543,2547
"329FD35FE0A99","NCCU-TM025-CN-FM",425,"M:","213","396","(.) mhm .",2548,2550
"2BA15AD618076","NCCU-TM025-CN-FM",426,"F:","214","397","(.) 可是 她 好像 ,",2551,2555
"31D2637CECA1C","NCCU-TM025-CN-FM",427,"F:","214","397","從 以前 就 都 用 .",2556,2561
"360DA536DD2D8","NCCU-TM025-CN-FM",428,"M:","215","398","(.) 對 啊 .",2562,2565
"237804712E974","NCCU-TM025-CN-FM",429,"F:","216","399","(.) 都 習慣 用 蠔油 .",2566,2571
"191EC0A3DB9BB","NCCU-TM025-CN-FM",430,"M:","217","400","(.) 可 這樣 蒸 的確 是 滿 好吃 的 .",2572,2581
"3620D20404AA9","NCCU-TM025-CN-FM",431,"F:","218","401","(.) 我 比較 不 喜歡 甜 的 .",2582,2589
"EECAC29559B5","NCCU-TM025-CN-FM",432,"M:","219","402","(.) <L3 hiou L3> .",2590,2594
"324DDB1D52234","NCCU-TM025-CN-FM",433,"F:","220","403","(.) mhm .",2595,2597
"2600572B0B382","NCCU-TM025-CN-FM",434,"F:","220","404","(.) 對 我 就 一直 覺得 很 奇怪 為 什麼 每次 吃 ,",2598,2610
"8F9AF62FF164","NCCU-TM025-CN-FM",435,"F:","220","405","(.) 都 有 甜甜 的 味道 .",2611,2617
"156E65E80EEC3","NCCU-TM025-CN-FM",436,"F:","220","406","(.) 我 本來 以為 是 放 香油 還 是 ,",2618,2627
"12F285E540E70","NCCU-TM025-CN-FM",437,"F:","220","407","(.) 後來 想 說 應該 是 蠔油 .",2628,2635
"15149A18AB85D","NCCU-TM025-CN-FM",438,"F:","220","408","(.) mhm= ?",2636,2638
"978814CEBDFC","NCCU-TM025-CN-FM",439,"F:","220","409","(.) 簡## 有 回 那 個 耶 ,",2639,2646
"1808777D868DC","NCCU-TM025-CN-FM",440,"F:","220","410","(.) 回家 .",2647,2649
"13C4BF8C5AFF0","NCCU-TM025-CN-FM",441,"M:","221","411","(.) <L3 hiou L3> .",2650,2654
"218E8C0C2EA89","NCCU-TM025-CN-FM",442,"F:","222","412","(.) 回 宜蘭 .",2655,2658
"238EF5457F49B","NCCU-TM025-CN-FM",443,"F:","222","413","(.) 她 不 知道 會 不 會 去 看 .",2659,2668
"35949A45B03DF","NCCU-TM025-CN-FM",444,"F:","222","414","(.) Mi寶 .",2669,2671
"45262509CC15","NCCU-TM025-CN-FM",445,"M:","223","415","(.) 應該 會 吧 .",2672,2676
"2201D66F5A4AF","NCCU-TM025-CN-FM",446,"F:","224","416","(.) 搞 不 好 .",2677,2681
"18D66D74ABAC2","NCCU-TM025-CN-FM",447,"M:","225","417","(.) ei 啊 君 要 搬離 新竹 喔 .",2682,2690
"E83C72CDC89D","NCCU-TM025-CN-FM",448,"F:","226","418","(.) 對 啊 .",2691,2694
"C141F5F0C3C6","NCCU-TM025-CN-FM",449,"F:","226","419","(.) 要不然 <L3 le L3> .",2695,2700
"25B8BFE60883C","NCCU-TM025-CN-FM",450,"M:","227","420","(.) 就 暑假 .",2701,2704
"17C2B7CEAD094","NCCU-TM025-CN-FM",451,"M:","227","421","(.) 放 暑假 就要 [搬離 新竹 了 喔] .",2705,2713
"25BAFCB292545","NCCU-TM025-CN-FM",452,"F:","228","422","[mhm] .",2714,2715
"794572757220","NCCU-TM025-CN-FM",453,"F:","228","423","(.) 哇= .",2716,2718
"C3195D74EA5","NCCU-TM025-CN-FM",454,"F:","228","423","如果 要 在 哪邊 租 房子 很 貴 耶 .",2719,2728
"12AF44FE5AF4B","NCCU-TM025-CN-FM",455,"M:","229","424","(.) 沒有 啦 .",2729,2732
"179A3B41D993B","NCCU-TM025-CN-FM",456,"M:","229","425","(.) 一 年級 應該 都 有 宿舍 可以 住 .",2733,2742
"2E7B2E0BB493","NCCU-TM025-CN-FM",457,"F:","230","426","(.) 不 一定 吧 .",2743,2747
"337C832AA3DDC","NCCU-TM025-CN-FM",458,"F:","230","427","(.) 也 [2都 會 有2] .",2748,2753
"2BEC71A4BF2F","NCCU-TM025-CN-FM",459,"M:","231","428","[2幾乎 都 會 有2] .",2754,2758
"1A81DA4FF3E21","NCCU-TM025-CN-FM",460,"F:","232","429","(.) 是 喔 .",2759,2762
"1949858FE7CDB","NCCU-TM025-CN-FM",461,"M:","233","430","(.) mhm .",2763,2765
"C8E88EBC70BB","NCCU-TM025-CN-FM",462,"M:","233","431","(.) 大部分 .",2766,2768
"1437871650824","NCCU-TM025-CN-FM",463,"M:","233","432","(.) 也 讀 兩年 而已 啊 .",2769,2775
"3292E839078A2","NCCU-TM025-CN-FM",464,"F:","234","433","(.) 也 還好 .",2776,2779
"5174D779E823","NCCU-TM025-CN-FM",465,"F:","234","434","(.) 不過 那 個 路段 .",2780,2785
"7B923FC23D36","NCCU-TM025-CN-FM",466,"F:","234","435","(.) 那 個 地段 真的 很 貴= .",2786,2793
"278ED5B8B7DDF","NCCU-TM025-CN-FM",467,"F:","234","436","(.) 可是 其實 ,",2794,2797
"18C7AC2111976","NCCU-TM025-CN-FM",468,"F:","234","437","(.) 他 是 在 臥龍街 附近 不是 嗎 .",2798,2806
"13ACC26E819D1","NCCU-TM025-CN-FM",469,"M:","235","438","(.) 對 啊 .",2807,2810
"30F103F2FB633","NCCU-TM025-CN-FM",470,"F:","236","439","(.) 搞不好 往 那 個 ,",2811,2816
"9C2A6C167E81","NCCU-TM025-CN-FM",471,"M:","237","440","(.) [六張犁] .",2817,2819
"17414BACCDED0","NCCU-TM025-CN-FM",472,"F:","238","441","[後面 (往 六張犁)] ,",2820,2823
"12F83C67C82AE","NCCU-TM025-CN-FM",473,"F:","238","442","(.) 對 .",2824,2826
"198635D6A171","NCCU-TM025-CN-FM",474,"F:","238","443","(.) 往 [2六張犁2] 那邊 找 比較 不 會 那麼 貴 .",2827,2837
"BB3A77BDF67","NCCU-TM025-CN-FM",475,"M:","239","444","[2比較 不 會 那麼 貴2] .",2838,2843
"34D2AB702AD63","NCCU-TM025-CN-FM",476,"F:","240","445","(.) 之前 一直 有 想 說 要 住在 那邊 ,",2844,2853
"108B6CD5ED721","NCCU-TM025-CN-FM",477,"F:","240","445","後來 沒住 在 那邊 .",2854,2858
"38D06758CECA3","NCCU-TM025-CN-FM",478,"M:","241","446","有 啦 .",2859,2861
"326955BFEE353","NCCU-TM025-CN-FM",479,"M:","241","447","(.) 很多 人 可以 住 一 年 宿舍 就 差 很多 了 .",2862,2874
"299A9AF8ED745","NCCU-TM025-CN-FM",480,"F:","242","448","(.) 對 啊 .",2875,2878
"1A4112C10EA9F","NCCU-TM025-CN-FM",481,"F:","242","449","(.) 不過 國立 的 應該 ,",2879,2884
"29821F6C15E3A","NCCU-TM025-CN-FM",482,"F:","242","450","(.) 學費 不 會 [那麼 貴] .",2885,2891
"1CE296371A5AE","NCCU-TM025-CN-FM",483,"M:","243","451","[mhm] .",2892,2893
"3157A9D8C6FF7","NCCU-TM025-CN-FM",484,"F:","244","452","(.) 到 時候 那 個 小氣鬼 一定 會 叫 我們 去 zu- --",2894,2906
"1574D10CFE6F8","NCCU-TM025-CN-FM",485,"F:","244","452","去 看 她 的 五萬 塊 的 窗簾 布料 ,",2907,2916
"1983721B1515B","NCCU-TM025-CN-FM",486,"F:","244","453","(.) 進口 .",2917,2919
"FDD6C5D70959","NCCU-TM025-CN-FM",487,"F:","244","454","(.) 進口 的 [@=] .",2920,2924
"92413EB7339F","NCCU-TM025-CN-FM",488,"M:","245","455","[那 你 去 就 好 了] .",2925,2931
"30B30B37F8B75","NCCU-TM025-CN-FM",489,"F:","246","456","(.)",2932,2932
"D55573009072","NCCU-TM025-CN-FM",490,"F:","246","457","(.) 你 幹嘛 這樣 .",2933,2937
"16FA5BDF10CBD","NCCU-TM025-CN-FM",491,"F:","246","458","(.) 她 之前 也 對 我們 也 還 不錯 .",2938,2947
"21BD0BD507EF1","NCCU-TM025-CN-FM",492,"F:","246","459","(.) 都 請 我們 去 吃 飯 什麼 的 .",2948,2957
"F2ED7D543C0A","NCCU-TM025-CN-FM",493,"M:","247","460","(.) 我們 也 有 請 她 啊 ,",2958,2965
"2295FF95D0233","NCCU-TM025-CN-FM",494,"M:","247","461","(.) 互相 啊 .",2966,2969
"3A2C9CA67A50","NCCU-TM025-CN-FM",495,"F:","248","462","(.) 我們 有 請 她 [嗎 ,",2970,2976
"E679A1D52FB2","NCCU-TM025-CN-FM",496,"F:","248","463","(.) 什麼 時候] .",2977,2980
"24F91D2940D68","NCCU-TM025-CN-FM",497,"M:","249","464","[有 好 不 好] .",2981,2985
"197525DF7D011","NCCU-TM025-CN-FM",498,"M:","249","465","(.) 有 吧 .",2986,2989
"1D5AE061042E7","NCCU-TM025-CN-FM",499,"F:","250","466","(.) 沒有= .",2990,2992
"2188DD64482AF","NCCU-TM025-CN-FM",500,"F:","250","466","都 各 付 各 的 吧 .",2993,2999
"2F9EF2D905DBC","NCCU-TM025-CN-FM",501,"F:","250","467","(.) 我們 有 請 她 嗎 ,",3000,3006
"15137F5250914","NCCU-TM025-CN-FM",502,"F:","250","468","(.) 我 記得 是 沒有 .",3007,3012
"228D9A1A5814F","NCCU-TM025-CN-FM",503,"M:","251","469","(.) 沒有 嗎 .",3013,3016
"23E30E51D14E7","NCCU-TM025-CN-FM",504,"M:","251","470","(.) 有 吧 .",3017,3020
"60C9D981D260","NCCU-TM025-CN-FM",505,"F:","252","471","(.) 沒有 .",3021,3023
"10270CE7BEE82","NCCU-TM025-CN-FM",506,"M:","253","472","(.) 真的 沒有 嗎 .",3024,3028
"378316DF4676F","NCCU-TM025-CN-FM",507,"F:","254","473","(.) 好像 沒有 .",3029,3032
"217EE227B7D95","NCCU-TM025-CN-FM",508,"M:","255","474","(.) 我 怎麼 記得 有 .",3033,3038
"31B6543A660A2","NCCU-TM025-CN-FM",509,"M:","255","475","(.) 不過 這 個 人 ,",3039,3044
"16CC7FFDC50A9","NCCU-TM025-CN-FM",510,"M:","255","476","(.) 負面 的 能量 太 多 了 .",3045,3052
"22AEF63359F06","NCCU-TM025-CN-FM",511,"M:","255","477","(.) 不 喜歡 .",3053,3056
"143E84176780","NCCU-TM025-CN-FM",512,"F:","256","478","(.) 對 啊 .",3057,3060
"E45F4C471D00","NCCU-TM025-CN-FM",513,"F:","256","479","(.) 就是 ,",3061,3063
"16B27416C8691","NCCU-TM025-CN-FM",514,"F:","256","480","(.) 凡事 都 往 負面 的 想 .",3064,3071
"E7408FDB74A7","NCCU-TM025-CN-FM",515,"M:","257","481","(.) 自己 負面 就 算了 ,",3072,3077
"32DFDAB47EEBD","NCCU-TM025-CN-FM",516,"M:","257","481","還會 給 人 <# 塞# > ## .",3078,3085
"37D75589BFFA2","NCCU-TM025-CN-FM",517,"F:","258","482","(.) 對 啊 .",3086,3089
"378F8E6F78B43","NCCU-TM025-CN-FM",518,"F:","258","483","(.) 也 不 好 .",3090,3094
"29A9550FD63BD","NCCU-TM025-CN-FM",519,"F:","258","484","(.) TSK .",3095,3097
"6FC05E07E2BF","NCCU-TM025-CN-FM",520,"F:","258","485","(.) 也 不 好 .",3098,3102
"D4CA9F258765","NCCU-TM025-CN-FM",521,"F:","258","486","(.) mhm= .",3103,3105
"15DB7C12E3422","NCCU-TM025-CN-FM",522,"M:","259","487","(.) mhm= .",3106,3108
"37EF0F3AE438E","NCCU-TM025-CN-FM",523,"F:","260","488","(.) 接下來 都 沒有 什麼 連假 可以 放 .",3109,3117
"338CBCE53FE9E","NCCU-TM025-CN-FM",524,"M:","261","489","(.) 沒 啦 ,",3118,3121
"194415A15E599","NCCU-TM025-CN-FM",525,"M:","261","489","都 放 完 啦 .",3122,3126
"185835A537E5A","NCCU-TM025-CN-FM",526,"F:","262","490","(.) hunh= ,",3127,3129
"2C699EF65EB28","NCCU-TM025-CN-FM",527,"F:","262","490","有 啦 明年 元旦 是 不是 四 天 連假 .",3130,3139
"262971D086445","NCCU-TM025-CN-FM",528,"M:","263","491","(.) 我 不 知道 耶 .",3140,3145
"29696DE24384B","NCCU-TM025-CN-FM",529,"F:","264","492","(.) 好像 是 ,",3146,3149
"22E1A24C1558E","NCCU-TM025-CN-FM",530,"F:","264","493","(.) <# 六 排 [四] #> .",3150,3156
"2E6BCE62198C","NCCU-TM025-CN-FM",531,"M:","265","494","[還 等 很 久] .",3157,3161
"1E3941BD15D46","NCCU-TM025-CN-FM",532,"M:","265","495","(.) 現在 [2才 @2] > ,",3162,3167
"224C1CEAAAD3D","NCCU-TM025-CN-FM",533,"F:","266","496","[2@2]",3168,3168
"1D5BBC8442043","NCCU-TM025-CN-FM",534,"M:","267","497","(.) 四 --",3169,3171
"A5B4FA7482C4","NCCU-TM025-CN-FM",535,"M:","267","498","(.) 今天 才 四月 幾號 .",3172,3177
"25ACDCA46B557","NCCU-TM025-CN-FM",536,"F:","268","499","(.) 好 我 知道 .",3178,3182
"BC2CBFC961CE","NCCU-TM025-CN-FM",537,"M:","269","500","(.) 對 啊 .",3183,3186
"30B673DA0C3D","NCCU-TM025-CN-FM",538,"F:","270","501","(.) 元旦 還 有 半年 多 <L3 lei L3> .",3187,3196
"388C42294B9A0","NCCU-TM025-CN-FM",539,"M:","271","502","(.) 你 看 接下來 就 --",3197,3202
"20311F42BBA24","NCCU-TM025-CN-FM",540,"M:","271","503","(.) 今年 的 連假 都 集中 在 一二月 .",3203,3211
"384C54A2D6E6A","NCCU-TM025-CN-FM",541,"F:","272","504","(.) mhm .",3212,3214
"3440F13F1F7F","NCCU-TM025-CN-FM",542,"M:","273","505","(.) 所以 覺得 k - --",3215,3220
"343D23F5285E7","NCCU-TM025-CN-FM",543,"M:","273","506","(.) 很 快 都 放 光光 .",3221,3227
"2C2C5ADA98DDA","NCCU-TM025-CN-FM",544,"F:","274","507","(.) 春假 .",3228,3230
"29EC01A288854","NCCU-TM025-CN-FM",545,"F:","274","508","(.) 還 有 二二八 .",3231,3235
"CDABC5C66D60","NCCU-TM025-CN-FM",546,"M:","275","509","(.) mhm .",3236,3238
"1888B1BE3BE7A","NCCU-TM025-CN-FM",547,"F:","276","510","(.) 對耶 .",3239,3241
"1AB12C93C6F80","NCCU-TM025-CN-FM",548,"F:","276","510","今年 的 那 個 <0> ,",3242,3247
"11FE3399EB801","NCCU-TM025-CN-FM",549,"F:","276","511","(.) 國慶日 是 不是 也 沒 放 .",3248,3255
"377BF7401DB59","NCCU-TM025-CN-FM",550,"F:","276","512","(.) 好像 是 六 還 日 對 不 對 .",3256,3265
"2DD36B3341D6B","NCCU-TM025-CN-FM",551,"M:","277","513","(.) 我 不 知道 耶 .",3266,3271
"1E783FBFC39A","NCCU-TM025-CN-FM",552,"F:","278","514","(.) 好像 是 .",3272,3275
"80333D0B5923","NCCU-TM025-CN-FM",553,"F:","278","515","(.) 天啊 ,",3276,3278
"1A20BDB42BC1E","NCCU-TM025-CN-FM",554,"F:","278","516","(.) 當 上班族 好 可憐 .",3279,3284
"A1CA657750D5","NCCU-TM025-CN-FM",555,"F:","278","517","(.) 就是 在 那邊 ,",3285,3289
"1B8BF35884B55","NCCU-TM025-CN-FM",556,"M:","279","518","(.) 要 斤斤 計較 .",3290,3294
"2DBF0C608809F","NCCU-TM025-CN-FM",557,"F:","280","519","(.) 對 在 那邊 算 連假 ,",3295,3301
"28098C17B6101","NCCU-TM025-CN-FM",558,"F:","280","519","然 後 ,",3302,3304
"17AB553BA6095","NCCU-TM025-CN-FM",559,"M:","281","520","(.) 對 [啊] .",3305,3308
"1263BFA8C785D","NCCU-TM025-CN-FM",560,"F:","282","521","[在] 那邊 算 m 下 一 個 是 什麼 時候 .",3309,3319
"1608E4E748828","NCCU-TM025-CN-FM",561,"M:","283","522","(.) 對 啊 .",3320,3323
"33E16EC473B96","NCCU-TM025-CN-FM",562,"M:","283","523","(.) 然後 等下 放[2假2] .",3324,3328
"1109BEC04CFC9","NCCU-TM025-CN-FM",563,"F:","284","524","[2可是2] 我們 已經 很 好 了 .",3329,3335
"1511713CE0087","NCCU-TM025-CN-FM",564,"F:","284","525","(.) 有的 是 沒 什麼 假 可以 那 個 的 .",3336,3346
"2500E24077A55","NCCU-TM025-CN-FM",565,"M:","285","526","(.) mhm .",3347,3349
"2489F6B71A235","NCCU-TM025-CN-FM",566,"F:","286","527","(.) 對 啊 .",3350,3353
"67F2028FD854","NCCU-TM025-CN-FM",567,"F:","286","528","(.) 不錯 了 啦 .",3354,3358
"20248F51CAC03","NCCU-TM025-CN-FM",568,"M:","287","529","(.) mhm .",3359,3361
"3825536BA8C54","NCCU-TM025-CN-FM",569,"F:","288","530","(.) 怎麼 會 有 可樂 .",3362,3367
"23F5AB4AD617C","NCCU-TM025-CN-FM",570,"F:","288","531","(.) 剛 就 本來 就 有 了 嗎 .",3368,3376
"2F146C3A07675","NCCU-TM025-CN-FM",571,"M:","289","532","(.) 對 耶 .",3377,3380
"23DC8F2BE158","NCCU-TM025-CN-FM",572,"M:","289","533","(.) 不 知道 是 什麼 時候 跑出來 .",3381,3388
"F90342BC0168","NCCU-TM025-CN-FM",573,"F:","290","534","(.) mhm .",3389,3391
"5096BA47F0BD","NCCU-TM025-CN-FM",574,"F:","290","535","(.) mhm .",3392,3394
"3245E4C6CE12","NCCU-TM025-CN-FM",575,"F:","290","536","(.) 最近 電視 都 沒 什麼 好 看 的 .",3395,3404
"1E9FE169259A0","NCCU-TM025-CN-FM",576,"F:","290","537","(.) 啊 那 個 什麼 雙面膠 不 知道 演 到 哪 裡 .",3405,3417
"28AD97E2ABE46","NCCU-TM025-CN-FM",577,"M:","291","538","(.) 可 那 都 知道 結局 了 .",3418,3425
"E6055072C5BC","NCCU-TM025-CN-FM",578,"F:","292","539","(.) 是 啊 .",3426,3429
"12E8D392E19E3","NCCU-TM025-CN-FM",579,"M:","292","540","(.) mhm .",3430,3432
"107F37D4D6F5E","NCCU-TM025-CN-FM",580,"F:","292","541","(.) 悲劇 收場 .",3433,3436
"155CDD7248286","NCCU-TM025-CN-FM",581,"M:","293","542","(.) mhm .",3437,3439
"2F29688E33EEA","NCCU-TM025-CN-FM",582,"F:","294","543","(.) 不過 我 覺得 它 好 寫實 .",3440,3447
"2D8A2CC0B48AB","NCCU-TM025-CN-FM",583,"M:","295","544","(.) mhm .",3448,3450
"F97483E2E78A","NCCU-TM025-CN-FM",584,"F:","296","545","(.) 就是 很 ,",3451,3454
"3440358ABD0C0","NCCU-TM025-CN-FM",585,"F:","296","546","(.) 演 得 很 那 個 ,",3455,3461
"1A48E3F61BF2F","NCCU-TM025-CN-FM",586,"F:","296","547","(.) 很 真實 .",3462,3465
"2D0E9B8D11E07","NCCU-TM025-CN-FM",587,"M:","297","548","(.) mhm .",3466,3468
"32DE4BE66F7FD","NCCU-TM025-CN-FM",588,"M:","297","549","(.) 真實 帶著 有 一 點 誇張 .",3469,3476
"14CC7E1E48CE0","NCCU-TM025-CN-FM",589,"F:","298","550","(.) 不 會 啊 .",3477,3481
"50D6628C96AF","NCCU-TM025-CN-FM",590,"F:","298","551","(.) 會 誇張 [嗎] .",3482,3486
"7EC43BA723DA","NCCU-TM025-CN-FM",591,"M:","299","552","[有 啦] 他 有點 誇張 .",3487,3492
"318B4CCBED74F","NCCU-TM025-CN-FM",592,"F:","300","553","(.) 我 覺得 還 好 .",3493,3498
"27ECDB8CD9141","NCCU-TM025-CN-FM",593,"M:","301","554","(.) 沒有 那些 父母 很 疼 小孩 沒 錯 ,",3499,3508
"3051F258D010E","NCCU-TM025-CN-FM",594,"M:","301","555","(.) 可是 不至於 就是 服侍 成 這樣 .",3509,3516
"12C2A9E114584","NCCU-TM025-CN-FM",595,"F:","302","556","(.) 不 一定 喔 .",3517,3521
"2FE3E6BE772FF","NCCU-TM025-CN-FM",596,"M:","303","557","(.) 真的 嗎 .",3522,3525
"2553A7B0277B4","NCCU-TM025-CN-FM",597,"F:","304","558","(.) 對 啊 .",3526,3529
"1AABA9B2CCF14","NCCU-TM025-CN-FM",598,"M:","305","559","(.) 我 覺得 ,",3530,3533
"C506258BC51","NCCU-TM025-CN-FM",599,"M:","305","560","(.) 太 誇張 了 .",3534,3538
"A847B9DA7561","NCCU-TM025-CN-FM",600,"F:","306","561","(.) 連 牙膏 都 幫 你 擠好 .",3539,3546
"26305299A19CF","NCCU-TM025-CN-FM",601,"M:","307","562","(.) 對 啊 .",3547,3550
"38F543B68233","NCCU-TM025-CN-FM",602,"F:","308","563","(.) @ =[2是 怎樣2] .",3551,3555
"2FC125D67F69","NCCU-TM025-CN-FM",603,"M:","309","564","[2太 誇張 了2] .",3556,3559
"1016B03CD94D3","NCCU-TM025-CN-FM",604,"F:","310","565","(.) 沒手 是 不是 .",3560,3564
"16E8E53550DF4","NCCU-TM025-CN-FM",605,"M:","311","566","(.) uh .",3565,3567
"23573D90A80D6","NCCU-TM025-CN-FM",606,"M:","311","567","(.) 洗澡水 什麼 的 .",3568,3572
"122A749B5DA7B","NCCU-TM025-CN-FM",607,"M:","311","568","(.) 跟 大爺 一 樣 .",3573,3578
"29443DC3D064","NCCU-TM025-CN-FM",608,"F:","312","569","(.) 對 啊 .",3579,3582
"325D1B7229FFC","NCCU-TM025-CN-FM",609,"M:","313","570","(.) 唉 .",3583,3585
"8E04C8B340A6","NCCU-TM025-CN-FM",610,"F:","314","571","(.) 四月 .",3586,3588
"2A19C931752C1","NCCU-TM025-CN-FM",611,"F:","314","572","(.) 三月 又 過 了 .",3589,3594
"2843F900E99AB","NCCU-TM025-CN-FM",612,"M:","315","573","(.) mhm .",3595,3597
"21EEDE9F804F6","NCCU-TM025-CN-FM",613,"M:","315","574","(.) 每 個 月 最 討厭 也 最 期待 ,",3598,3607
"359F0BE2B22C0","NCCU-TM025-CN-FM",614,"M:","315","574","就是 要 寫 月報 的 時候 .",3608,3614
"A796FE906AAA","NCCU-TM025-CN-FM",615,"F:","316","575","(.) 喔 月底 .",3615,3618
"384EC74BB62FC","NCCU-TM025-CN-FM",616,"F:","316","576","(.) 對 我 發覺 月底 跟 月初 都 特別 忙 .",3619,3629
"114C05B44DC6A","NCCU-TM025-CN-FM",617,"M:","317","577","(.) 對 啊 .",3630,3633
"192575B442E90","NCCU-TM025-CN-FM",618,"F:","318","578","(.) 中間 會 還 好 .",3634,3639
"B6B01F36E766","NCCU-TM025-CN-FM",619,"M:","319","579","(.) 要 寫 月報 就 很 煩 .",3640,3647
"B2FAF2466B60","NCCU-TM025-CN-FM",620,"M:","319","580","(.) 要 qi= ## 一起 寫 .",3648,3654
"1DF566C08BEE3","NCCU-TM025-CN-FM",621,"M:","319","581","(.) 然後 可是 ,",3655,3658
"3059851B0EFAB","NCCU-TM025-CN-FM",622,"M:","319","582","(.) 快要 到 寫 月報 表示 月底 了 .",3659,3667
"1EABE426E676E","NCCU-TM025-CN-FM",623,"M:","319","583","(.) 這樣 代表 一 個 月 又 過去 要 下 一 個 月 .",3668,3681
"22F54D64AC928","NCCU-TM025-CN-FM",624,"M:","319","584","(.) 就 很 開心 .",3682,3686
"EF2AC0363FAD","NCCU-TM025-CN-FM",625,"F:","320","585","(.) 我 覺得 月 --",3687,3691
"2249856D2264","NCCU-TM025-CN-FM",626,"F:","320","586","(.) 月 --",3692,3694
"2E0B75F9EE6D0","NCCU-TM025-CN-FM",627,"F:","320","586","(.) 真的 月初 跟 月底 真的 最 忙 .",3695,3703
"CAB09A81DE1A","NCCU-TM025-CN-FM",628,"M:","321","587","(.) mhm .",3704,3706
"C24AF291B5D7","NCCU-TM025-CN-FM",629,"F:","322","588","(.) 月底 一 堆 事 有 的 沒 的 .",3707,3716
"1D02B530DFBC9","NCCU-TM025-CN-FM",630,"F:","322","589","(.) 唉 .",3717,3719
"1947F4AC705","NCCU-TM025-CN-FM",631,"M:","323","590","(.) mhm .",3720,3722
"1184A3F56BB40","NCCU-TM025-CN-FM",632,"M:","323","591","(.) mhm .",3723,3725
"735BE2432F88","NCCU-TM025-CN-FM",633,"F:","324","592","(.) 好 想 來 學習 黏 假 睫毛 喔 .",3726,3735
"1C45E65659727","NCCU-TM025-CN-FM",634,"M:","325","593","(.) 沒有 必要 吧 .",3736,3740
"79AA295AB1F","NCCU-TM025-CN-FM",635,"F:","326","594","(.) 最近 就 很 想 學 啊 .",3741,3748
"CCF4AE37A3EA","NCCU-TM025-CN-FM",636,"F:","326","595","(.) 不 知道 為[什麼] .",3749,3753
"22C879B616CD4","NCCU-TM025-CN-FM",637,"M:","327","596","[沒有] 妳 已經 想 很 久 了 .",3754,3761
"8B217B3C1114","NCCU-TM025-CN-FM",638,"F:","328","597","(.) 對 啊 .",3762,3765
"1F2D79540E954","NCCU-TM025-CN-FM",639,"F:","328","598","(.) 可是 都 ,",3766,3769
"3045B72FDD224","NCCU-TM025-CN-FM",640,"F:","328","599","(.) 啊 我 這 人 就 想 很多 ,",3770,3778
"1B92B4368140F","NCCU-TM025-CN-FM",641,"F:","328","599","想到 說 <L3 hunh L3> 如果 黏 假 睫毛 ,",3779,3788
"22100F1EDC6E2","NCCU-TM025-CN-FM",642,"F:","328","599","到 時候 會 不 會 真 睫毛 也 都 掉 光光 .",3789,3800
"1A90DC19CA6AD","NCCU-TM025-CN-FM",643,"M:","329","600","(.) 會 .",3801,3803
"FF53BBDEEF1","NCCU-TM025-CN-FM",644,"F:","330","601","(.) 現在 有 種 保養 的 東西 叫 睫毛 增生 液 ,",3804,3815
"358D584849850","NCCU-TM025-CN-FM",645,"F:","330","602","(.) 你 知道 嗎 .",3816,3820
"1B6821E5F4185","NCCU-TM025-CN-FM",646,"F:","330","603","(.) 就是 保護 [2睫 -2] --",3821,3826
"1BD59B7F5B782","NCCU-TM025-CN-FM",647,"M:","331","604","[2那 你2] 為什麼 要 黏 一 個 東西 ,",3827,3835
"19363FEF0DE26","NCCU-TM025-CN-FM",648,"M:","331","604","讓 妳 會 掉 .",3836,3840
"32458D671D39","NCCU-TM025-CN-FM",649,"M:","331","605","(.) 然後 再 去 塗 一 個 東西 讓 妳 會長 .",3841,3852
"24DD6BA2C5138","NCCU-TM025-CN-FM",650,"F:","332","606","(.) @ 唉呦 .",3853,3856
"1499F86203D07","NCCU-TM025-CN-FM",651,"F:","332","607","(.) 可 人家 說 ,",3857,3861
"3441A3A5763F0","NCCU-TM025-CN-FM",652,"F:","332","608","(.) 戴 上 假 睫毛 ,",3862,3867
"1B9A0F1164300","NCCU-TM025-CN-FM",653,"F:","332","609","(.) 整個 人 ,",3868,3871
"1D3404FCB5EF8","NCCU-TM025-CN-FM",654,"F:","332","609","都 ,",3872,3873
"200FDD9C582BA","NCCU-TM025-CN-FM",655,"F:","332","609","散發 出 不同 的 光采 .",3874,3879
"10A65BF259B8B","NCCU-TM025-CN-FM",656,"M:","333","610","(.) [@=]",3880,3881
"19297AC90D8B","NCCU-TM025-CN-FM",657,"F:","334","611","[@=]",3882,3882
"2833C21138ED8","NCCU-TM025-CN-FM",658,"M:","335","612","(.) 你 有 看到 有 一些 那 個 (.) 網路 ,",3883,3893
"1B8D03C8B904C","NCCU-TM025-CN-FM",659,"M:","335","614","(.) 那 個 什麼 ,",3894,3898
"383A75B8133BA","NCCU-TM025-CN-FM",660,"M:","335","615","(.) 化妝術 .",3899,3901
"4935DCD9104A","NCCU-TM025-CN-FM",661,"F:","336","616","(.) 喔 .",3902,3904
"1E9F8ABE2E3CF","NCCU-TM025-CN-FM",662,"F:","336","617","(.) 那 個 有 戴 跟 沒戴 真的 [實 在 是] 差 --",3905,3917
"2BA3D8D766C83","NCCU-TM025-CN-FM",663,"M:","337","618","[對 啊]",3918,3919
"F30EB6DC6852","NCCU-TM025-CN-FM",664,"F:","338","619","(.) 差 ,",3920,3922
"8BAF58432B4D","NCCU-TM025-CN-FM",665,"F:","338","620","(.) 差 [2天壤之別2] .",3923,3926
"24B9639EBE256","NCCU-TM025-CN-FM",666,"M:","339","621","[2誇張2] .",3927,3928
"1CA4491E696B5","NCCU-TM025-CN-FM",667,"M:","339","622","(.) 沒有 必要 騙 那麼 大 啦 .",3929,3936
"2B305DE91D053","NCCU-TM025-CN-FM",668,"F:","340","623","(.) @@@ 每 一 個 都 [騙 很 大] .",3937,3946
"909BE7EFC8A0","NCCU-TM025-CN-FM",669,"F:","340","623","基本上 @@ .",3947,3949
"28AAE0E63292C","NCCU-TM025-CN-FM",670,"M:","341","624","[對 啊] .",3950,3952
"D0FBE17B8115","NCCU-TM025-CN-FM",671,"M:","341","625","(.) 沒有 必要 騙 那麼 [2大2] .",3953,3959
"1DEDBD75991AF","NCCU-TM025-CN-FM",672,"F:","342","626","[2你 看 那 種2] 沒 化妝 蠟黃 .",3960,3967
"2A69DBA34B10B","NCCU-TM025-CN-FM",673,"F:","342","627","(.) 蠟黃 的 臉 .",3968,3972
"13B7491CA435C","NCCU-TM025-CN-FM",674,"M:","343","628","(.) 結果 都 ,",3973,3976
"2433FC10E8B6A","NCCU-TM025-CN-FM",675,"M:","343","629","(.) 不 敢 .",3977,3980
"169AAB18A3A97","NCCU-TM025-CN-FM",676,"M:","343","630","(.) 不 敢 卸妝 見人 .",3981,3986
"2D10F27B9ABC3","NCCU-TM025-CN-FM",677,"F:","344","631","(.) mhm .",3987,3989
"2992E887D1831","NCCU-TM025-CN-FM",678,"F:","344","631","基本上 ,",3990,3991
"27C462F37E0D9","NCCU-TM025-CN-FM",679,"F:","344","632","(.) 是 啦 .",3992,3995
"132179FFCFEFD","NCCU-TM025-CN-FM",680,"M:","345","633","(.) 唉 .",3996,3998
"2644C98D1560C","NCCU-TM025-CN-FM",681,"F:","346","634","(.) 你 今天 穿 這 件 不 會 熱 喔 .",3999,4009
"13D675887B23E","NCCU-TM025-CN-FM",682,"F:","346","635","(.) [這 不是] 毛衣 嗎 ,",4010,4015
"D5FECB81CE49","NCCU-TM025-CN-FM",683,"M:","347","636","[還 好 耶 ,",4016,4019
"1A96320DAB7D0","NCCU-TM025-CN-FM",684,"M:","347","637","(.) 這件 不 會 很 厚 啊] ,",4020,4027
"AE0C2FDAB25C","NCCU-TM025-CN-FM",685,"F:","348","638","(.) 是 喔 ,",4028,4031
"21B55645B3D77","NCCU-TM025-CN-FM",686,"M:","349","639","(.) mhm ,",4032,4034
"17AEDE4000908","NCCU-TM025-CN-FM",687,"M:","349","640","(.) 沒 想 到 它 也 是 會 有點 起 毛球 ,",4035,4046
"20A31430FF6E6","NCCU-TM025-CN-FM",688,"F:","350","641","(.) 這件 不是 義大利 買 那 件 嗎 ,",4047,4055
"A5E074713D55","NCCU-TM025-CN-FM",689,"M:","351","642","(.) 是 啊 ,",4056,4059
"1EAAEA444A9A","NCCU-TM025-CN-FM",690,"F:","352","643","(.) 起 毛球 還 好 啦 ,",4060,4066
"FE15D570B235","NCCU-TM025-CN-FM",691,"F:","352","644","(.) 那 刮一刮 就 好 了 ,",4067,4073
"33C3D28DD7776","NCCU-TM025-CN-FM",692,"M:","353","645","(.) mhm ,",4074,4076
"2FFE4BA7621FD","NCCU-TM025-CN-FM",693,"F:","354","646","(.) 不過 這 真的 是 ,",4077,4082
"21E9F68D529C7","NCCU-TM025-CN-FM",694,"F:","354","647","(.) 放 到 洗衣機 ,",4083,4087
"1278923F16796","NCCU-TM025-CN-FM",695,"F:","354","648","(.) 捲 也 都 不 會 有 什麼 那 個 ,",4088,4098
"2FA92A2CA182B","NCCU-TM025-CN-FM",696,"M:","355","649","(.) 對 啊 .",4099,4102
"2D593B3B24DE3","NCCU-TM025-CN-FM",697,"F:","356","650","(.) 真 好 @@ @ =@@ .",4103,4109
"137E36081BBC9","NCCU-TM025-CN-FM",698,"M:","357","651","(.) 好像 是 多少 ,",4110,4114
"2BDC6E3DD65BA","NCCU-TM025-CN-FM",699,"M:","357","652","(.) 二十九 歐元 .",4115,4118
"533FD62DAB9","NCCU-TM025-CN-FM",700,"F:","358","653","(.) 忘記 了 .",4119,4122
"1853E9E56D33F","NCCU-TM025-CN-FM",701,"F:","358","654","(.) 你 怎麼 記 得 那麼 清楚 .",4123,4130
"18796B201ED2E","NCCU-TM025-CN-FM",702,"M:","359","655","(.) 很 便宜 啊 .",4131,4135
"4CD1DD72E0A8","NCCU-TM025-CN-FM",703,"F:","360","656","(.) 二十九 歐元 ?",4136,4139
"13EC17F7AC26A","NCCU-TM025-CN-FM",704,"F:","360","657","(.) 喔 對 啊 .",4140,4144
"9E06CE79E439","NCCU-TM025-CN-FM",705,"F:","360","658","(.) 幾 百 塊 而已 呀 .",4145,4151
"1677D150C96DF","NCCU-TM025-CN-FM",706,"F:","360","659","(.) 義大利 的 東西 都 好好 吃 喔 我 覺得 .",4152,4162
"A707A43BE7D","NCCU-TM025-CN-FM",707,"M:","361","660","(.) mhm .",4163,4165
"33AC2E97E1FBA","NCCU-TM025-CN-FM",708,"F:","362","661","(.) 你 有 沒有 覺得 .",4166,4171
"2C8D79B003F4F","NCCU-TM025-CN-FM",709,"M:","363","662","(.) mhm .",4172,4174
"106804B773700","NCCU-TM025-CN-FM",710,"F:","364","663","(.) 而且 我 覺得 他 的 連 他 的 提拉米蘇 都 特別 好吃 .",4175,4188
"21D2A7CBC8225","NCCU-TM025-CN-FM",711,"M:","365","664","(.) mhm .",4189,4191
"3621D3339FEE8","NCCU-TM025-CN-FM",712,"M:","365","665","(.) 真的 .",4192,4194
"97387BCB6ECF","NCCU-TM025-CN-FM",713,"M:","365","666","(.) 而且 每 一 餐 都 有 紅酒 .",4195,4203
"215BC5A57DB86","NCCU-TM025-CN-FM",714,"F:","366","667","(.) 這 不是 重點 [@@@] .",4204,4209
"8BCC4238DEFE","NCCU-TM025-CN-FM",715,"M:","367","668","[這 是 重點] .",4210,4213
"3193044290747","NCCU-TM025-CN-FM",716,"F:","368","669","對 我 來說 都 不是 重點 .",4214,4220
"317514947DC68","NCCU-TM025-CN-FM",717,"M:","369","670","(.) 唉 .",4221,4223
"2C47367D7387F","NCCU-TM025-CN-FM",718,"F:","370","671","(.) 我 就 覺得 東西 都 很 好吃 .",4224,4232
"1E6393A15DE7C","NCCU-TM025-CN-FM",719,"M:","371","672","(.) 唉 .",4233,4235
"F36C68A35CCB","NCCU-TM025-CN-FM",720,"M:","371","673","(.) 不會 喝 酒 啊 .",4236,4241
"22CD3DEB86D9E","NCCU-TM025-CN-FM",721,"F:","372","674","(.) 不 愛 喝 .",4242,4246
"321598F52BF43","NCCU-TM025-CN-FM",722,"F:","372","675","(.) 就 覺得 那 有 什麼 好喝 的 .",4247,4255
"305268628FCEC","NCCU-TM025-CN-FM",723,"F:","372","676","(.) 苦苦 的 啊 .",4256,4260
"16E6D5E3949D6","NCCU-TM025-CN-FM",724,"F:","372","677","(.) 我 唯一 覺得 比較 好喝 就 Choya .",4261,4269
"600032363CA9","NCCU-TM025-CN-FM",725,"M:","373","678","(.) 喔 .",4270,4272
"1B3171FAEEAA0","NCCU-TM025-CN-FM",726,"F:","374","679","(.) 那 個 梅酒 什麼 .",4273,4278
"1CC80F70D97CE","NCCU-TM025-CN-FM",727,"F:","374","680","(.) Choya ?",4279,4281
"175C3B627DBE0","NCCU-TM025-CN-FM",728,"M:","375","681","(.) 梅酒 很 可怕 .",4282,4286
"263BAE25B6AD6","NCCU-TM025-CN-FM",729,"F:","376","682","(.) @@@=",4287,4288
"18286EC53F07B","NCCU-TM025-CN-FM",730,"M:","377","683","(.) 會 讓 你 一直 在 [撞 地上] .",4289,4297
"7F987EC95F70","NCCU-TM025-CN-FM",731,"F:","378","684","[@=]",4298,4298
"21A2A55E19994","NCCU-TM025-CN-FM",732,"F:","378","685","(.) kong kong kong .",4299,4303
"218039899123B","NCCU-TM025-CN-FM",733,"F:","378","686","(.) 會 酒 醉 .",4304,4308
"156C83D12DD08","NCCU-TM025-CN-FM",734,"M:","379","687","(.) 對 啊 .",4309,4312
"275BFE8ABE21C","NCCU-TM025-CN-FM",735,"F:","380","688","(.) 會 醉 倒 啦 .",4313,4318
