"","Turn","Speaker","Utterance","TurnSeq","IUSeq"
"1",1,"F1:"," (.) 今天 去 幫",1,1
"2",1,"F1:"," (...) 幫 妳 領 那 個",1,2
"3",1,"F1:"," (...) 今天 帶 皮皮 下去 啊",1,3
"4",2,"F2:"," (.) um",2,4
"5",3,"F1:"," (.) 結果 上來 啊",3,5
"6",3,"F1:"," (.) [然後]",3,6
"7",4,"F2:"," [um]",4,7
"8",3,"F1:"," (...) 然後 就 順便 幫 妳 領 掛號 啊",3,8
"9",4,"F2:"," (.) um",4,9
"10",5,"F1:"," (.) 然後 又 手上 又 拿 了 兩",5,10
"11",5,"F1:"," (...) 就是",5,11
"12",5,"F1:"," (...) 就是 信",5,12
"13",5,"F1:"," (.) 就是 我們 信箱 裡面 有 兩 張 東西 啊",5,13
"14",6,"F2:"," (.) um",6,14
"15",7,"F1:"," (...) 然後 我 我 不是 都 在 我",7,15
"16",7,"F1:"," (.) 我 都 會 在 電梯 裡面 幫 皮皮 綁",7,16
"17",7,"F1:"," (.) 因為",7,17
"18",7,"F1:"," (.) 剛好",7,18
"19",8,"F2:"," (.) 我 現在 都 不 敢 放 牠 跑 耶",8,19
"20",8,"F2:"," (.) 如果 我 帶 牠 下去",8,20
"21",8,"F2:"," (...) [2我 都 是 拉著2] 牠 耶",8,21
"22",9,"F1:"," [2會 我 會 讓 牠 跑2]",9,22
"23",9,"F1:"," (.) 要不然 牠 怎麼 大便",9,23
"24",10,"F2:"," (...) 我 就 拉著 牠",10,24
"25",10,"F2:"," (.) 到 草叢 那邊 大 啊",10,25
"26",11,"F1:"," (.) 我 都 會 讓 牠 跑",11,26
"27",11,"F1:"," (...) 結果 尿完",11,27
"28",11,"F1:"," (.) 我 就 會 像",11,28
"29",11,"F1:"," (.) 讓 牠 在 斜坡 那邊",11,29
"30",11,"F1:"," (...) 牠 一定 都 會 在 斜坡 [那邊] 尿 啊",11,30
"31",12,"F2:"," [um]",12,31
"32",11,"F1:"," (.) 尿完 然後 就",11,32
"33",11,"F1:"," (.) 把 牠 放開 了",11,33
"34",11,"F1:"," (...) 然後",11,34
"35",11,"F1:"," (...) 就是",11,35
"36",11,"F1:"," (.) 坐 電梯 的 時候 就 好像 有 一 個 從 地下室 坐 上來 的 吧",11,36
"37",11,"F1:"," (...) 那 有 母子 好像 三樓",11,37
"38",13,"F1:"," (.) [2就是 三樓 的2]",13,38
"39",14,"F2:"," [2um2]",14,39
"40",13,"F1:"," (...) 就是",13,40
"41",13,"F1:"," (...) 從 也是",13,41
"42",13,"F1:"," (.) 他們 也是",13,42
"43",13,"F1:"," (...) 他們 是 在 一樓 坐",13,43
"44",13,"F1:"," (...) 我們 是 一起 坐 電梯 的",13,44
"45",14,"F2:"," (.) um",14,45
"46",15,"F1:"," (...) 然後 進去 原來 他們 三 個 都 是",15,46
"47",15,"F1:"," (.) 連 那 個 有 一 個 女 的 [ <# 一 #> ]",15,47
"48",16,"F2:"," [一起 的]",16,48
"49",17,"F1:"," (.) 對 他們 都 三樓 的",17,49
"50",17,"F1:"," (...) 然後 我 就 按 八樓 啊",17,50
"51",17,"F1:"," (.) 那 我 就 想 說",17,51
"52",17,"F1:"," (.) 啊",17,52
"53",17,"F1:"," (.) 他們 三樓",17,53
"54",17,"F1:"," (.) 要 我 要 趕快 [2把 皮皮 綁 起來 要不然 牠 等 一下2]",17,54
"55",18,"F2:"," [2皮皮 綁 起來 要不然 等 一下 跑 出去2]",18,55
"56",17,"F1:"," (.) 對 呀",17,56
"57",17,"F1:"," (...) 結果 蹲 下來 綁",17,57
"58",17,"F1:"," (.) 喔 現在 腳 真的 很 差",17,58
"59",18,"F2:"," (...) 很 酸 是不是",18,59
"60",19,"F1:"," (.) 不是",19,60
"61",19,"F1:"," (.) 蹲 下來 竟然 坐 在 地上",19,61
"62",19,"F1:"," (...) [@@ 很 糗 @@@]",19,62
"63",20,"F2:"," [@@@=]",20,63
"64",19,"F1:"," (...) 坐 在 地上 然後 竟然 爬 不 起來",19,64
"65",19,"F1:"," (.) 因為 我 手上 還 拿著 妳 的 包包 啊",19,65
"66",20,"F2:"," (.) @@ [2坐 在 地2]",20,66
"67",21,"F1:"," [2哇2]",21,67
"68",21,"F1:"," (.) 好 糗 喔",21,68
"69",21,"F1:"," (.) [在 電梯 裡面 出 糗]",21,69
"70",22,"F2:"," [那 怎麼 辦]",22,70
"71",23,"F1:"," (.) [2然後 三樓 那2] 個 我 又 認識 eh 妳 知道 嗎",23,71
"72",24,"F2:"," [2@@2]",24,72
"73",23,"F1:"," (.) 他們 就 <L3 diam diam a L3> 看 我 在 那",23,73
"74",23,"F1:"," (...) 坐在 地上",23,74
"75",23,"F1:"," (...) 喔",23,75
"76",25,"F1:"," (.) [超]",25,76
"77",26,"F2:"," [@@]",26,77
"78",25,"F1:"," (.) 糟糕 的",25,78
"79",26,"F2:"," (.) @@ 好好 笑 喔",26,79
"80",27,"F1:"," (.) 還 好好 笑 我 覺得 好 [2糗喔2]",27,80
"81",28,"F2:"," [2hon2]",28,81
"82",28,"F2:"," (...) 妳 知道 我 今天 跟 L 我 也是 覺得 很 誇張",28,82
"83",29,"F1:"," (.) um",29,83
"84",30,"F2:"," (.) 因為 今天 只有 我們 兩 個",30,84
"85",31,"F1:"," (.) um",31,85
"86",32,"F2:"," (.) 我們 兩 個 上 全班",32,86
"87",32,"F2:"," (...) 然後 早上 我",32,87
"88",32,"F2:"," (.) 因為 我 昨天 就 跟 她 講好 說 我 今天 會 幫 妳 買",32,88
"89",32,"F2:"," (...) 一 碗 [玉米] 濃湯",32,89
"90",33,"F1:"," [um]",33,90
"91",33,"F1:"," (.) um",33,91
"92",34,"F2:"," (.) 因為 我 發現",34,92
"93",34,"F2:"," (.) 就是",34,93
"94",34,"F2:"," (...) 空中 大學 那邊",34,94
"95",34,"F2:"," (...) [新]開 了 一 間 早餐店",34,95
"96",35,"F1:"," [um]",35,96
"97",36,"F2:"," (.) 他 玉米 濃湯 很 好[2喝2]",36,97
"98",37,"F1:"," [2玉米濃2]",37,98
"99",37,"F1:"," (.) <L3 li ((你)) L3>",37,99
"100",37,"F1:"," (.) 啊 那 妳",37,100
"101",37,"F1:"," (.) 沒有 在 那邊 下車 啊",37,101
"102",37,"F1:"," (.) 妳 怎麼",37,102
"103",38,"F2:"," (...) 我 就 會 坐",38,103
"104",38,"F2:"," (...) 坐",38,104
"105",38,"F2:"," (...) 空中 大學 中正路 那邊 也 有 站 吶",38,105
"106",39,"F1:"," (...) 中正 [路]",39,106
"107",40,"F2:"," [我 就]是",40,107
"108",40,"F2:"," (.) 我 不是",40,108
"109",40,"F2:"," (.) 我 沒有 在 總站 下車",40,109
"110",40,"F2:"," (.) [2我 會 在 空中 大學 下車 啊2]",40,110
"111",41,"F1:"," [2um 喔2]",41,111
"112",42,"F2:"," (.) 然後 就 因為 我 前天 喝 了 一 次",42,112
"113",42,"F2:"," (.) 我 覺得 [eh] 好喝 耶",42,113
"114",43,"F1:"," [um]",43,114
"115",43,"F1:"," (.) um",43,115
"116",44,"F2:"," (.) 然後 我 昨天 就 跟 L 講好 說",44,116
"117",44,"F2:"," (.) 明天 我們 兩 個 上 全班",44,117
"118",44,"F2:"," (.) 那 我 買",44,118
"119",44,"F2:"," (...) 我 買 一碗 那 個",44,119
"120",44,"F2:"," (...) 玉米 濃湯 去",44,120
"121",45,"F1:"," (.) um",45,121
"122",46,"F2:"," (...) 就是",46,122
"123",46,"F2:"," (.) 我",46,123
"124",46,"F2:"," (.) 我 幫 妳 買 一 碗",46,124
"125",46,"F2:"," (.) [我 說] 很 好喝",46,125
"126",47,"F1:"," [um]",47,126
"127",47,"F1:"," (.) um",47,127
"128",48,"F2:"," (.) 然後",48,128
"129",48,"F2:"," (...) 結果 我們 兩 個 就是",48,129
"130",48,"F2:"," (.) 明明 就 已經 要 吃 早餐 [2了2]",48,130
"131",49,"F1:"," [2um2]",49,131
"132",48,"F2:"," (.) 十一 點 多",48,132
"133",48,"F2:"," (.) 就 一些 雜事 都",48,133
"134",49,"F1:"," (.) um",49,134
"135",50,"F2:"," (.) 弄 好 了",50,135
"136",50,"F2:"," (.) 才 準備 要 吃",50,136
"137",51,"F1:"," (.) um",51,137
"138",52,"F2:"," (...) 就 開始 有 一",52,138
"139",52,"F2:"," (.) 就 一 組 客人",52,139
"140",53,"F1:"," (.) um",53,140
"141",54,"F2:"," (.) 哇",54,141
"142",54,"F2:"," (...) 弄 超久 的 啊",54,142
"143",55,"F1:"," (.) hon",55,143
"144",56,"F2:"," (.) 我們 很 餓 妳 知道 嗎",56,144
"145",57,"F1:"," (.) 那 結果 有 買 嗎",57,145
"146",58,"F2:"," (...) 有",58,146
"147",58,"F2:"," (.) 就 買 了 一 件 [吶]",58,147
"148",59,"F1:"," [啊] 還 OK 呀",59,148
"149",60,"F2:"," (...) 我們 大概 從 十一 點 多 弄 到 一點 多 耶",60,149
"150",61,"F1:"," (.) 怎麼 這樣",61,150
"151",62,"F2:"," (...) 就 他們 待 了 一 個 多 小時 啊",62,151
"152",63,"F1:"," (...) 啊 幾 個 人",63,152
"153",64,"F2:"," (.) 兩 個 啊",64,153
"154",64,"F2:"," (.) 就 買 了 一 件 啊",64,154
"155",65,"F1:"," (.) hon 時間 還 真 多 耶",65,155
"156",66,"F2:"," (...) 然後 我們 就 很 想 [2吃 妳 知道 嗎2]",66,156
"157",67,"F1:"," [2啊 不2] 就 都 涼 了",67,157
"158",68,"F2:"," (...) 冷 了 都 <L3 go ki [a] ((混 在 一起 啊)) L3>",68,158
"159",69,"F1:"," [對 啊]",69,159
"160",69,"F1:"," (.) 不 好喝 了",69,160
"161",70,"F2:"," (.) 然後 我 就 想 說",70,161
"162",70,"F2:"," (...) eh",70,162
"163",70,"F2:"," (...) 抽 到 什麼 獎",70,163
"164",71,"M:"," (...) 兩萬 塊",71,164
"165",72,"F2:"," (...) 兩萬 塊",72,165
"166",73,"F1:"," (.) 啊 結果 他",73,166
"167",73,"F1:"," (...) <L3 a gan wuwan ((啊 是 五萬)) L3>",73,167
"168",74,"F2:"," (...) 什麼 [兩萬 塊]",74,168
"169",75,"M:"," [ <L3 bowan e kuan m ((五萬 的 樣子)) L3> ]",75,169
"170",76,"F1:"," (...) eh 那 誰",76,170
"171",76,"F1:"," (...) 怎麼 髮型 不 一樣",76,171
"172",76,"F1:"," (...) [2那 祝 你2]",76,172
"173",77,"M:"," [2輸 了2]",77,173
"174",76,"F1:"," (...) 輸 了",76,174
"175",76,"F1:"," (...) 輸 了 什麼 都",76,175
"176",76,"F1:"," (...) 都 不用 說 了",76,176
"177",76,"F1:"," (...) 郭 輸 喔",76,177
"178",77,"M:"," (...) 郭 輸 啊",77,178
"179",78,"F2:"," (...) 兩萬 塊 的 什麼 啊",78,179
"180",79,"M:"," (...) #####",79,180
"181",80,"F2:"," (...) @@",80,181
"182",81,"F1:"," (...) 喔",81,182
"183",81,"F1:"," (.) 喔 <L3 ben L3>",81,183
"184",81,"F1:"," (...) 調理 機",81,184
"185",82,"F2:"," (...) 這 個 要 兩萬 塊",82,185
"186",83,"F1:"," (.) 應該 不用 [吧]",83,186
"187",84,"F2:"," [兩萬] 還 兩千 啊",84,187
"188",85,"F1:"," (...) 啊 可是 他 沒有 贏 啊",85,188
"189",85,"F1:"," (.) 那 個 拿 出來 幹 嘛",85,189
"190",86,"F2:"," (...) 然後 我 還沒 講",86,190
"191",86,"F2:"," (.) 結果 只 賣 了 一 件 嘛",86,191
"192",87,"F1:"," (.) um",87,192
"193",88,"F2:"," (.) 結果 好 不容",88,193
"194",88,"F2:"," (...) 就是",88,194
"195",88,"F2:"," (.) 賣完 之後",88,195
"196",88,"F2:"," (.) 我們 就 開始",88,196
"197",88,"F2:"," (.) [2狂 吃2] 啊",88,197
"198",89,"F1:"," [2要 吃2]",89,198
"199",89,"F1:"," (.) <L3 hei ((對)) L3>",89,199
"200",90,"F2:"," (.) 就 狂 吃 啊",90,200
"201",90,"F2:"," (.) 就 吃 完 之後",90,201
"202",90,"F2:"," (...) 到 下午 就",90,202
"203",90,"F2:"," (...) 明明 很 閒 就 很 閒",90,203
"204",90,"F2:"," (.) 沒有 事 啊",90,204
"205",91,"F1:"," (.) um",91,205
"206",92,"F2:"," (.) 沒有 事 就 都 沒有",92,206
"207",92,"F2:"," (...) eh",92,207
"208",92,"F2:"," (...) 沒有 事 然後 就 都 沒有 人 來 妳 [知道 嗎]",92,208
"209",93,"F1:"," [um]",93,209
"210",92,"F2:"," (...) 然後 一直 到",92,210
"211",92,"F2:"," (...) 五 點 多",92,211
"212",92,"F2:"," (...) 五 點 多 我 說 L 那 我 去",92,212
"213",92,"F2:"," (...) 我 去",92,213
"214",92,"F2:"," (...) 我 去 買",92,214
"215",92,"F2:"," (...) 一 個 麵 一 個 飯",92,215
"216",93,"F1:"," (.) um",93,216
"217",94,"F2:"," (...) 我們 去 員工 餐廳",94,217
"218",94,"F2:"," (.) 我 說 我 去",94,218
"219",94,"F2:"," (...) 寄件",94,219
"220",94,"F2:"," (.) 然後 [2順便2] 買 一 個 麵 一 個 飯 上來",94,220
"221",95,"F1:"," [2um2]",95,221
"222",95,"F1:"," (.) um",95,222
"223",96,"F2:"," (.) 我們 兩 個 人 share 就 對 了",96,223
"224",97,"F1:"," (.) um",97,224
"225",98,"F2:"," (.) 她 說 好 啊",98,225
"226",99,"F1:"," (.) um",99,226
"227",100,"F2:"," (.) 然後 我 下",100,227
"228",100,"F2:"," (.) 我 下去 之後 她 就 已經 在 接 一 個",100,228
"229",100,"F2:"," (...) 她 還 在 接 一 個 客人",100,229
"230",100,"F2:"," (...) 買 完 之後",100,230
"231",100,"F2:"," (.) [我 買 完] 上來 之後",100,231
"232",101,"F1:"," [um]",101,232
"233",100,"F2:"," (.) 她 在 接 一 個 客人",100,233
"234",101,"F1:"," (.) um",101,234
"235",102,"F2:"," (...) 然後 她 好不 容易",102,235
"236",102,"F2:"," (.) 就是",102,236
"237",102,"F2:"," (.) 這個 客人 好不 容易",102,237
"238",102,"F2:"," (...) 走 了",102,238
"239",102,"F2:"," (.) [2然後2] 我們 就 說",102,239
"240",103,"F1:"," [2um2]",103,240
"241",102,"F2:"," (.) 來 吃 吃 吃",102,241
"242",102,"F2:"," (.) 我們 要 在 櫃上 吃 啊",102,242
"243",103,"F1:"," (.) um",103,243
"244",104,"F2:"," (.) 然後 都",104,244
"245",104,"F2:"," (.) 便當 打開 啊",104,245
"246",104,"F2:"," (.) 還 分 麵 都 分 好 了",104,246
"247",104,"F2:"," (.) 就 準備",104,247
"248",104,"F2:"," (.) 吃 沒 三 口",104,248
"249",105,"F1:"," (...) um 又 有 客人 [來 了]",105,249
"250",106,"F2:"," [對]",106,250
"251",106,"F2:"," (...) 而且 我們 [2這 一 忙2]",106,251
"252",107,"F1:"," [2 <L3 hei ((對)) L3> 2]",107,252
"253",106,"F2:"," (.) 忙 到 快 七 點",106,253
"254",107,"F1:"," (.) hon",107,254
"255",107,"F1:"," (...) 超 離譜 的",107,255
"256",108,"F2:"," (...) 我 就 說",108,256
"257",108,"F2:"," (.) L",108,257
"258",108,"F2:"," (.) 我 看 我們 今天 一整天 都 在 吃 東西 好 了",108,258
"259",109,"F1:"," (.) um",109,259
"260",110,"F2:"," (.) 我 說 妳 看 我",110,260
"261",110,"F2:"," (.) 們 要 吃 東西 就 有 客人 來",110,261
"262",111,"F1:"," (.) um",111,262
"263",112,"F2:"," (.) 然後 不 吃",112,263
"264",112,"F2:"," (...) 真的 想",112,264
"265",112,"F2:"," (...) [就是] 真的 很 閒",112,265
"266",113,"F1:"," [對]",113,266
"267",114,"F2:"," (.) 想 賣 東西 的 時候 [2都 沒有 人 要 來2]",114,267
"268",115,"F1:"," [2都 沒有 客人 來2]",115,268
"269",114,"F2:"," (...) 但是 準備 要 吃 的 時候",114,269
"270",115,"F1:"," (.) um",115,270
"271",116,"F2:"," (.) 我 說 拜託 你 趕快 走 好不好",116,271
"272",116,"F2:"," (.) 不要 試穿 不要 試穿",116,272
"273",116,"F2:"," (.) 妳 趕快 走 [好不好]",116,273
"274",117,"F1:"," [結果 有 賣 嗎]",117,274
"275",116,"F2:"," (...) 有 啊",116,275
"276",116,"F2:"," (.) 就 那 時候 有 接 幾 筆 啊",116,276
"277",117,"F1:"," (.) um",117,277
"278",118,"F2:"," (...) 妳 說 今天 一整天 怪不怪",118,278
"279",119,"F1:"," (.) um",119,279
"280",119,"F1:"," (...) 對 啊",119,280
"281",120,"F2:"," (...) 而且 妳 知道 嗎",120,281
"282",120,"F2:"," (.) SOGO 這 幾天 生意 都 超好 的",120,282
"283",121,"F1:"," (...) SOGO 喔",121,283
"284",122,"F2:"," (...) 它 九 號 開始 週年慶 嘛",122,284
"285",123,"F1:"," (.) um",123,285
"286",124,"F2:"," (.) 它 九 號 十 號 都 做 十八萬",124,286
"287",125,"F1:"," (.) 喔",125,287
"288",126,"F2:"," (.) 然後",126,288
"289",126,"F2:"," (...) um",126,289
"290",126,"F2:"," (...) 十一 號 做 十一萬",126,290
"291",127,"F1:"," (.) hon",127,291
"292",128,"F2:"," (.) 然後 十二 號 做 十六萬",128,292
"293",128,"F2:"," (.) 它 每 一 天",128,293
"294",128,"F2:"," (...) 起碼 都 賣 了 十 件 的 外套",128,294
"295",129,"F1:"," (...) hon 就 外套 西",129,295
"296",129,"F1:"," (.) 外套",129,296
"297",129,"F1:"," (.) 那 個 喔",129,297
"298",130,"F2:"," (.) 四 天 就 四十 件",130,298
"299",130,"F2:"," (.) 四十 件 就 十六萬 了 耶",130,299
"300",131,"F1:"," (.) 對 啊",131,300
"301",131,"F1:"," (.) 我 覺得 那 時候 沒有 讓 你們 賣 外套",131,301
"302",131,"F1:"," (.) 我 覺得 真的 是",131,302
"303",132,"F2:"," (.) 妳 說 公不公平",132,303
"304",133,"F1:"," (.) 對 啊",133,304
"305",133,"F1:"," (.) 我 看 你們 如果 賣 外套 的 話",133,305
"306",133,"F1:"," (.) 可能 也",133,306
"307",133,"F1:"," (.) 應該 也 不 賴",133,307
"308",134,"F2:"," (.) 當然 吶",134,308
"309",134,"F2:"," (...) 就是",134,309
"310",134,"F2:"," (...) 妳",134,310
"311",134,"F2:"," (.) 冬天 了",134,311
"312",135,"F1:"," (.) um",135,312
"313",136,"F2:"," (.) 就是",136,313
"314",136,"F2:"," (.) 因為 而且 現在 天氣 又 偏",136,314
"315",136,"F2:"," (.) [涼]",136,315
"316",137,"F1:"," [um]",137,316
"317",138,"F2:"," (.) 我 覺得 客人",138,317
"318",138,"F2:"," (.) 當然 都 比較 喜歡 厚重 一點 的 東西",138,318
"319",139,"F1:"," (.) 對 啊",139,319
"320",139,"F1:"," (...) 而且 單價 也 還 OK 啊",139,320
"321",140,"F2:"," (...) 而且",140,321
"322",140,"F2:"," (...) 妳 知道 就是",140,322
"323",141,"F1:"," (.) um",141,323
"324",142,"F2:"," (.) 它",142,324
"325",142,"F2:"," (...) 我們 公司 本來 答應 給 樓管",142,325
"326",143,"F1:"," (.) um",143,326
"327",144,"F2:"," (.) 就是 說要 給 我們 幾 件",144,327
"328",144,"F2:"," (.) 反正 我們 老闆 就 一直 拖 就 對 了",144,328
"329",145,"F1:"," (.) um",145,329
"330",146,"F2:"," (.) 然後 因為 我 今天",146,330
"331",146,"F2:"," (.) 我 今天",146,331
"332",146,"F2:"," (.) 因為 我們 從 電腦 上面 可以 看到 說",146,332
"333",146,"F2:"," (...) SOGO 到底 賣 了 些 什麼 東西",146,333
"334",146,"F2:"," (.) [2然後 我們 就2] 看",146,334
"335",147,"F1:"," [2可以 這樣 喔2]",147,335
"336",147,"F1:"," (.) 喔",147,336
"337",148,"F2:"," (.) 然後 我 就 發現",148,337
"338",148,"F2:"," (.) 它 每天 都 賣 了",148,338
"339",148,"F2:"," (...) 幾",148,339
"340",148,"F2:"," (.) 就是 超過 十件 的 外套",148,340
"341",149,"F1:"," (.) 這樣 喔",149,341
"342",150,"F2:"," (...) 我 超 不 高興 的",150,342
"343",150,"F2:"," (.) 我 真的 [很] 不 高興 耶",150,343
"344",151,"F1:"," [um]",151,344
"345",152,"F2:"," (.) [2我2] 就 打 電話 給",152,345
"346",153,"F1:"," [2um2]",153,346
"347",153,"F1:"," (.) um",153,347
"348",154,"F2:"," (...) 樓管 我 說",154,348
"349",154,"F2:"," (...) 我 就 說",154,349
"350",154,"F2:"," (.) 泰 你 可不可以",154,350
"351",154,"F2:"," (...) 再 幫 我們 要 一下 那 個 外套",154,351
"352",155,"F1:"," (.) um",155,352
"353",156,"F2:"," (.) 我 說",156,353
"354",156,"F2:"," (...) 我 說 SOGO 這 幾天 業績 都 很 好",156,354
"355",157,"F1:"," (.) um um",157,355
"356",158,"F2:"," (.) 每天 都 賣 了 將",158,356
"357",158,"F2:"," (.) 就是 十幾 件 的 外套",158,357
"358",158,"F2:"," (.) 我 說 我 真的",158,358
"359",158,"F2:"," (...) 我 不 知道 該 說 什麼 了",158,359
"360",158,"F2:"," (.) 他 說 我 知道",158,360
"361",159,"F1:"," (.) <L3 hei ((對)) L3>",159,361
"362",160,"F2:"," (.) 他 說 我 一定 會",160,362
"363",160,"F2:"," (.) 就是",160,363
"364",160,"F2:"," (.) 他們 一定 會 盡 盡",160,364
"365",160,"F2:"," (...) 盡 全力 就 對 了",160,365
"366",160,"F2:"," (...) 他 說 因為 他 覺得 我們 老闆 很",160,366
"367",161,"F1:"," (.) um",161,367
"368",162,"F2:"," (.) 很 沒有",162,368
"369",162,"F2:"," (...) 就是 他 很 沒有 意",162,369
"370",162,"F2:"," (.) 很 不 夠 意思",162,370
"371",162,"F2:"," (.) 因為 當初",162,371
"372",162,"F2:"," (...) 當初",162,372
"373",162,"F2:"," (.) 當初 我們 Jean ’s Bar 是",162,373
"374",162,"F2:"," (...) [可以] 多麼 成功 都 是 靠 新光三越 A4",162,374
"375",163,"F1:"," [um]",163,375
"376",163,"F1:"," (.) um",163,376
"377",164,"F2:"," (.) 幫 他 打 了 多 大 的 廣告 [2啊2]",164,377
"378",165,"F1:"," [2這樣2] 喔",165,378
"379",166,"F2:"," (...) 剛 開幕 的 時候 啊",166,379
"380",166,"F2:"," (...) 就是 因為",166,380
"381",166,"F2:"," (.) 新光三越 幫",166,381
"382",166,"F2:"," (.) 就是",166,382
"383",166,"F2:"," (...) 幫 我們 打 了",166,383
"384",166,"F2:"," (.) 這麼 大 的 廣告 它",166,384
"385",166,"F2:"," (...) 它 這 個 牛仔褲",166,385
"386",166,"F2:"," (.) 它 才 可以 做 起來 的 耶",166,386
"387",166,"F2:"," (...) 結果 它 現在 居然 這樣",166,387
"388",166,"F2:"," (...) 居然 這樣 [對 我們]",166,388
"389",167,"F1:"," [過]",167,389
"390",167,"F1:"," (.) 過河拆橋",167,390
"391",168,"F2:"," (...) 太 過[2份 了2]",168,391
"392",169,"F1:"," [2um2]",169,392
"393",169,"F1:"," (...) 像 這種 我 覺得 真的 有 時候 也 覺得 很 玄 耶",169,393
"394",170,"F2:"," (.) 什麼 東西",170,394
"395",171,"F1:"," (.) 這種 啊",171,395
"396",171,"F1:"," (...) 今天 我們",171,396
"397",171,"F1:"," (.) 我 就",171,397
"398",171,"F1:"," (...) eh",171,398
"399",171,"F1:"," (.) 啊 妳",171,399
"400",171,"F1:"," (.) 飯糰 幾點 吃",171,400
"401",172,"F2:"," (.) 就",172,401
"402",172,"F2:"," (...) 之後 才 吃 [啊]",172,402
"403",173,"F1:"," [hon]",173,403
"404",173,"F1:"," (...) 我 又 多 買 了 一 個 想 要 中午 吃 啊",173,404
"405",173,"F1:"," (...) 結果 我們 老闆娘 就 說 他們 中午 要 吃",173,405
"406",173,"F1:"," (.) 吃 <L3 ke a tiao L3>",173,406
"407",173,"F1:"," (.) 然後 <L3 ke a tiao L3> 我 也 很 愛 吃",173,407
"408",173,"F1:"," (.) 因為 那 個",173,408
"409",173,"F1:"," (.) 用 用 乾",173,409
"410",173,"F1:"," (.) 乾 的 很 好吃",173,410
"411",174,"F2:"," (.) um",174,411
"412",175,"F1:"," (.) 然後 我 就 說 [2哇2]",175,412
"413",176,"F2:"," [2你們 店 賣 的2] 喔",176,413
"414",177,"F1:"," (.) han",177,414
"415",178,"F2:"," (.) 你們 店 裡 賣 的 [喔]",178,415
"416",179,"F1:"," [沒有] 啊",179,416
"417",179,"F1:"," (.) 就",179,417
"418",179,"F1:"," (.) 就 叫 那 個 賣 麵 的 拿 [2一 包 來 自己 吃2] 的",179,418
"419",180,"F2:"," [2送 <L3 ke a tiao L3>2]",180,419
"420",181,"F1:"," (.) [對 啊]",181,420
"421",182,"F1:"," [um]",182,421
"422",181,"F1:"," (...) 那 我 說 哇",181,422
"423",181,"F1:"," (.) 啊 我 我 買 了 一 個 飯糰 要 吃 耶",181,423
"424",181,"F1:"," (.) 然後 我們 老闆娘 就 在 那 邊 很 高興 地 說",181,424
"425",181,"F1:"," (...) 哇",181,425
"426",181,"F1:"," (...) 喔",181,426
"427",181,"F1:"," (.) 妳 要 吃 妳 的 飯糰 喔",181,427
"428",181,"F1:"," (.) 妳 不 能 吃 我們 的 <L3 ke a tiao L3> 喔",181,428
"429",183,"F2:"," (.) @@",183,429
"430",184,"F1:"," (.) 然後",184,430
"431",184,"F1:"," (.) 那 時候 他們 在",184,431
"432",184,"F1:"," (.) 我們 老闆娘 在 弄 紅燒肉 的 時候",184,432
"433",184,"F1:"," (.) 她 就 問 我 說 要不要 吃 紅燒肉",184,433
"434",184,"F1:"," (...) 然後 問 <L3 a mei a ((妹妹)) L3>",184,434
"435",184,"F1:"," (.) <L3 a mei a ((妹妹)) L3> 就 說 要",184,435
"436",185,"F2:"," (.) @@",185,436
"437",186,"F1:"," (.) 啊 問 我 說",186,437
"438",186,"F1:"," (.) 我 說",186,438
"439",186,"F1:"," (.) 是不是",186,439
"440",186,"F1:"," (.) 新鮮 貨",186,440
"441",186,"F1:"," (...) 她 說",186,441
"442",186,"F1:"," (.) 不是",186,442
"443",186,"F1:"," (...) [2啊 我 說2]",186,443
"444",187,"F2:"," [2不是2]",187,444
"445",188,"F1:"," (...) 就 昨天 的 啊",188,445
"446",189,"F2:"," (.) 喔",189,446
"447",190,"F1:"," (.) 那 我 就 說 我 不 要 啊",190,447
"448",190,"F1:"," (.) [結果]",190,448
"449",191,"F2:"," [@@]",191,449
"450",192,"F1:"," (.) 他們 中午",192,450
"451",192,"F1:"," (...) 我 就",192,451
"452",192,"F1:"," (...) 我 就 說",192,452
"453",192,"F1:"," (...) 好 啦 好 啦",192,453
"454",192,"F1:"," (.) 我 就 來 吃 我 的",192,454
"455",193,"F2:"," (.) 飯糰",193,455
"456",194,"F1:"," (.) 飯糰 吶 hon",194,456
"457",195,"F2:"," (.) @@",195,457
"458",196,"F1:"," (.) 然後",196,458
"459",196,"F1:"," (...) 那 個 什麼",196,459
"460",196,"F1:"," (...) 我 們 老闆娘# 跟 那 <L3 a mei a ((妹妹)) L3> 就 在 裡面 吃 那 個 <L3 ke a tiao L3> 跟",196,460
"461",196,"F1:"," (...) 配 紅燒[肉]",196,461
"462",197,"F2:"," [哇]",197,462
"463",196,"F1:"," (.) 喔",196,463
"464",196,"F1:"," (.) 妳 看",196,464
"465",196,"F1:"," (.) 哇",196,465
"466",196,"F1:"," (.) <L3 mei a mei a ((妹妹)) L3> 是不是 很 好吃",196,466
"467",196,"F1:"," (.) <L3 a mei a ((妹妹)) L3> 就 說",196,467
"468",196,"F1:"," (.) 對 啊",196,468
"469",196,"F1:"," (.) 她 就 說",196,469
"470",196,"F1:"," (.) 妳 看",196,470
"471",196,"F1:"," (.) 我 夾 這麼",196,471
"472",196,"F1:"," (...) 我們 老闆娘 就 在 那邊",196,472
"473",196,"F1:"," (...) 就 在 那邊",196,473
"474",196,"F1:"," (.) 那 個 啊",196,474
"475",198,"F1:"," (.) [2表演2]",198,475
"476",199,"F2:"," [2表演2]",199,476
"477",198,"F1:"," (.) 就 說 妳 看",198,477
"478",198,"F1:"," (.) 我 夾 這麼",198,478
"479",198,"F1:"," (...) 這麼 大口",198,479
"480",198,"F1:"," (.) 哇",198,480
"481",198,"F1:"," (.) 好 好吃 喔",198,481
"482",199,"F2:"," (.) @@",199,482
"483",200,"F1:"," (.) 然後 吃 一 吃",200,483
"484",200,"F1:"," (.) 他們 就 出來 啊",200,484
"485",200,"F1:"," (...) 我 就 說",200,485
"486",200,"F1:"," (...) 沒關係",200,486
"487",200,"F1:"," (.) 我 的 <L3 ke a tiao L3> 我 明天 才 要 吃",200,487
"488",200,"F1:"," (...) 幫 我 留著",200,488
"489",200,"F1:"," (.) 我 明天 [要 吃]",200,489
"490",201,"F2:"," [妳 這樣] 講 喔",201,490
"491",202,"F1:"," (.) 對 啊",202,491
"492",202,"F1:"," (.) [2然後2] 她 就 說",202,492
"493",203,"F2:"," [2@@2]",203,493
"494",202,"F1:"," (...) 我們 老闆娘 就 說",202,494
"495",202,"F1:"," (.) 不 要 啦",202,495
"496",202,"F1:"," (.) 今天 就 把 它 吃 光光",202,496
"497",204,"F1:"," (...) 然後 妳 [明天]",204,497
"498",205,"F2:"," [你們 對話 好] 幼稚 [2喔2]",205,498
"499",206,"F1:"," [2對 啊2] 她 就 說",206,499
"500",206,"F1:"," (...) 啊 妳 明天 <L3 li li ma bo tang ho jia ((妳 也 沒 辦法 給 他 吃)) L3>",206,500
"501",206,"F1:"," (.) 我 才 想 說",206,501
"502",206,"F1:"," (.) eh",206,502
"503",206,"F1:"," (.) 我 明天 是",206,503
"504",206,"F1:"," (...) 休假",206,504
"505",207,"F2:"," (.) 喔 對 [耶]",207,505
"506",208,"F1:"," [對]",208,506
"507",208,"F1:"," (.) 那 我們 老闆 就 說",208,507
"508",208,"F1:"," (...) <L3 ji a li ming a zai lai ((姊姊 妳 明天 再 來)) L3>",208,508
"509",208,"F1:"," (.) <L3 wa bei ji bao ho li jia ((我 買 一 包 給 妳 吃)) L3>",208,509
"510",208,"F1:"," (.) [2@@2]",208,510
"511",209,"F2:"," [2@@@2]=",209,511
"512",209,"F2:"," (...) 好好 笑 喔",209,512
"513",210,"F1:"," (.) 對 啊",210,513
"514",210,"F1:"," (.) 她 說 要 買 一 包 給 我 吃",210,514
"515",210,"F1:"," (.) 叫 我 明天 去",210,515
"516",210,"F1:"," (...) 我 就 說 我 才 不 會 上當 呢",210,516
"517",211,"F2:"," (.) @@",211,517
"518",212,"F1:"," (.) 我 說 我 寧願 不 吃",212,518
"519",213,"F2:"," (.) 那 你們 明天 要不要 去 買 <L3 pe ke a L3> 啊",213,519
"520",214,"F1:"," (.) 看 爸爸 啊",214,520
"521",215,"F2:"," (...) 爸爸 你 要不要 載 媽媽 去",215,521
"522",216,"M:"," (.) <# 要 去 拿 東西 #>",216,522
"523",217,"F2:"," (.) han",217,523
"524",218,"F1:"," (.) 爸爸 說 明天 要 去 公司 拿 東",218,524
"525",218,"F1:"," (...) 去 工廠 拿 東西 <L3 li kumi tiam be ki ( (你 幾點 要 去) ) L3>",218,525
"526",219,"M:"," (...) <L3 za diam xi zap e sai ki ((十點 四十一 再 去) ) L3>",219,526
"527",219,"M:"," (...) <L3 yi za diam jia wum siong ban ((他 十點 才 有 上班)) L3>",219,527
"528",220,"F1:"," (...) 可是 我 明天 想 要 睡 到 自然 醒",220,528
"529",221,"F2:"," (...) 妳 睡 到 自然 醒 也 不 會 睡 到 多 晚 好不好",221,529
"530",222,"F1:"," (...) 也 八九 點 啊",222,530
"531",223,"F2:"," (...) 今天 張 啊",223,531
"532",223,"F2:"," (.) 去 那 個",223,532
"533",223,"F2:"," (.) 他 今天 晚上",223,533
"534",223,"F2:"," (.) 蹺課",223,534
"535",224,"F1:"," (.) 妳 說 他 去 哪裡 啊",224,535
"536",225,"F2:"," (.) han",225,536
"537",226,"F1:"," (.) 妳 說 他 去 哪裡 啊",226,537
"538",227,"F2:"," (.) 他",227,538
"539",227,"F2:"," (.) 因為 他們 今天 台中 要 撤櫃 啊",227,539
"540",227,"F2:"," (.) [還 是] 什麼 的",227,540
"541",228,"F1:"," [hm]",228,541
"542",229,"F2"," (.) [2他們2] 就是",229,542
"543",230,"F1:"," [2um2]",230,543
"544",229,"F2"," (.) 他們 一下班 就 要 去",229,544
"545",230,"F1:"," (.) um",230,545
"546",231,"F2:"," (...) 要 去",231,546
"547",231,"F2:"," (.) 幫忙",231,547
"548",231,"F2:"," (.) [要 去] 台中",231,548
"549",232,"F1:"," [um]",232,549
"550",232,"F1:"," (.) 那 他 沒有 去 上課 喔",232,550
"551",233,"F2:"," (...) 我 說",233,551
"552",233,"F2:"," (.) 他 被 人家 陷害 當 風紀 股長",233,552
"553",234,"F1:"," (...) hon",234,553
"554",235,"F2:"," (.) 要 登記",235,554
"555",235,"F2:"," (.) 他 說 反正 我 沒 去",235,555
"556",235,"F2:"," (.) 然後 啊",235,556
"557",235,"F2:"," (...) 啊 怎麼",235,557
"558",235,"F2:"," (.) 嗯",235,558
"559",235,"F2:"," (.) 他 說",235,559
"560",235,"F2:"," (.) 反正 我",235,560
"561",235,"F2:"," (.) 我 沒 去",235,561
"562",235,"F2:"," (.) 然後",235,562
"563",235,"F2:"," (...) 也 不 會 有 人 記 我",235,563
"564",236,"F1:"," (.) 喔",236,564
"565",236,"F1:"," (...) 跑去 台中 然後 又 趕 回來 喔",236,565
"566",237,"F2:"," (.) 對 啊",237,566
"567",237,"F2:"," (.) 而且 他 要 開車 耶",237,567
"568",238,"F1:"," (.) 誰",238,568
"569",238,"F1:"," (...) [2他 要 開 喔2]",238,569
"570",239,"F2:"," [2他 要 開 貨車2] 去 耶",239,570
"571",240,"F1:"," (.) 他 開 喔",240,571
"572",241,"F2:"," (.) 對 啊",241,572
"573",241,"F2:"," (...) 我 好 害怕",241,573
"574",241,"F2:"," (.) 我 說",241,574
"575",241,"F2:"," (...) 我 昨天 就 說",241,575
"576",241,"F2:"," (.) 啊 是 你",241,576
"577",241,"F2:"," (.) 我 說 是 誰 要 去",241,577
"578",241,"F2:"," (.) 你們 那 個",241,578
"579",241,"F2:"," (.) 你們 胖 司機 有 要 去 嗎",241,579
"580",241,"F2:"," (.) 他 說",241,580
"581",241,"F2:"," (.) 沒有",241,581
"582",241,"F2:"," (.) 胖 司機 跟 瘦 司機 都 沒有 要 去",241,582
"583",241,"F2:"," (.) 我 說",241,583
"584",241,"F2:"," (...) 那 是 誰 去",241,584
"585",241,"F2:"," (.) 他 說",241,585
"586",241,"F2:"," (...) 公司 的 人 那邊 會 開 一 台",241,586
"587",241,"F2:"," (.) [然後] 他們",241,587
"588",242,"F1:"," [um]",242,588
"589",241,"F2:"," (.) 倉庫 這邊",241,589
"590",241,"F2:"," (.) 會 開",241,590
"591",242,"F1:"," (.) um",242,591
"592",243,"F2:"," (.) 一 台",243,592
"593",243,"F2:"," (.) 我 說",243,593
"594",243,"F2:"," (.) 那 你 是 跟 誰 去",243,594
"595",243,"F2:"," (.) 他 說",243,595
"596",243,"F2:"," (.) 我 跟 組長 啊",243,596
"597",243,"F2:"," (.) 我 說",243,597
"598",243,"F2:"," (.) 那 誰 開車 啊",243,598
"599",243,"F2:"," (.) 他 說",243,599
"600",243,"F2:"," (.) 應該 是 我 [2開 吧2]",243,600
"601",244,"F1:"," [2他 組長2] 不 會 開 啊",244,601
"602",245,"F2:"," (.) 也 會",245,602
"603",245,"F2:"," (.) 可是 因為 他們 公司 有意 要 讓",245,603
"604",245,"F2:"," (...) 張",245,604
"605",245,"F2:"," (.) [就是]",245,605
"606",246,"F1:"," [um]",246,606
"607",245,"F2:"," (.) 就 一 個 禮拜 可能",245,607
"608",247,"F2:"," (.) 因為 他們 有 一 個 司",247,608
"609",247,"F2:"," (.) 他們 有 兩 個 司機 嘛 [2一 個2] 胖 的 是 跑 北",247,609
"610",248,"F1:"," [2um2]",248,610
"611",249,"F2:"," (.) [台北] 的",249,611
"612",250,"F1:"," [um]",250,612
"613",249,"F2:"," (.) 然後 瘦 的 是",249,613
"614",249,"F2:"," (.) 好像 都 會 要 跑 中南部",249,614
"615",249,"F2:"," (.) 就 跑 台中 桃",249,615
"616",249,"F2:"," (.) 竹苗 地區 的 那 種",249,616
"617",249,"F2:"," (...) 然後",249,617
"618",249,"F2:"," (...) 就是 因為 那 個 瘦 司機 好像 就 有 那 個",249,618
"619",250,"F1:"," (.) um",250,619
"620",251,"F2:"," (...) 等 一下 喔",251,620
"621",252,"F1:"," (...) 這 是 什麼 東東",252,621
"622",253,"F2:"," (...) 看 不 懂",253,622
"623",253,"F2:"," (.) 假 靈異 啊",253,623
"624",253,"F2:"," (...) 假 的 啦",253,624
"625",254,"F1:"," (.) hon",254,625
"626",255,"F2:"," (.) 然後 啊",255,626
"627",255,"F2:"," (.) 我 講到 哪裡",255,627
"628",256,"F1:"," (...) 妳 不是 說",256,628
"629",256,"F1:"," (.) 一 個 禮拜 怎麼樣",256,629
"630",256,"F1:"," (.) 要 叫 他 兩次 去 那邊 喔",256,630
"631",257,"F2:"," (.) 就是",257,631
"632",257,"F2:"," (.) 就是 因為 瘦 司機 就 有 反應 說 他 這樣 太 累",257,632
"633",258,"F1:"," (.) hon",258,633
"634",259,"F2:"," (.) 然後 就 好像 就 說 要 分 兩 天 給 那 個",259,634
"635",260,"F1:"," (.) um",260,635
"636",261,"F2:"," (...) 張",261,636
"637",262,"F1:"," (.) 那 他 不 就",262,637
"638",262,"F1:"," (.) 喔",262,638
"639",262,"F1:"," (.) 他 不 就 要",262,639
"640",262,"F1:"," (.) 我 覺得 還 是 不要",262,640
"641",263,"F2:"," (...) 錢 會 比較 多 耶",263,641
"642",264,"F1:"," (.) han",264,642
"643",265,"F2:"," (.) 錢 會 比較 多 耶",265,643
"644",266,"F1:"," (.) 啊 可是 開車",266,644
"645",266,"F1:"," (.) 我 覺得",266,645
"646",266,"F1:"," (.) 比較 危險 啊",266,646
"647",267,"F2:"," (.) 一定 是 啊",267,647
"648",267,"F2:"," (.) 可是",267,648
"649",267,"F2:"," (...) 他 要 怎麼 說 不要",267,649
"650",268,"F1:"," (...) hon 那 他 在 外面 不是 多 好",268,650
"651",269,"F2:"," (...) 然後",269,651
"652",269,"F2:"," (.) 反正 他 今 今天",269,652
"653",269,"F2:"," (...) 我 剛剛 下班",269,653
"654",269,"F2:"," (.) 我 在 等 你們 的 時候",269,654
"655",269,"F2:"," (.) 我 就 打給 他",269,655
"656",269,"F2:"," (.) 我 說",269,656
"657",269,"F2:"," (...) 啊 你 在 用 了 喔",269,657
"658",269,"F2:"," (...) 他 說",269,658
"659",269,"F2:"," (.) 對 啊",269,659
"660",269,"F2:"," (...) 我 說",269,660
"661",269,"F2:"," (...) 那",269,661
"662",269,"F2:"," (.) 開車 有沒有 很 恐怖",269,662
"663",269,"F2:"," (.) 他 說 有 一點",269,663
"664",269,"F2:"," (.) @@",269,664
"665",270,"F1:"," (.) hon",270,665
"666",271,"F2:"," (...) 因為 我 說",271,666
"667",271,"F2:"," (.) 我 昨天 就 跟 他 講 說",271,667
"668",271,"F2:"," (...) eh 開 貨車 跟 開 一般",271,668
"669",271,"F2:"," (.) 小 客車 不 一樣 耶",271,669
"670",272,"F1:"," (.) 對 啊",272,670
"671",272,"F1:"," (.) [其實] 貨車 應該 會 比較 好 開 耶",272,671
"672",273,"F2:"," [他 說]",273,672
"673",273,"F2:"," (...) 比較",273,673
"674",273,"F2:"," (.) [2看 得 比較 清楚2]",273,674
"675",274,"F1:"," [2因為 沒有 頭 啊2]",274,675
"676",274,"F1:"," (.) 對 呀",274,676
"677",274,"F1:"," (...) 可是 這樣 來回 很 累 耶",274,677
"678",275,"F2:"," (.) 對 啊",275,678
"679",275,"F2:"," (.) 所以 他們 會 補 一 天 假",275,679
"680",276,"F1:"," (.) hon",276,680
"681",276,"F1:"," (...) 啊 明天 休假 啊",276,681
"682",277,"F2:"," (.) 不 知道",277,682
"683",277,"F2:"," (.) 可以 讓 他 自己 選 的 樣子",277,683
"684",278,"F1:"," (.) hon",278,684
"685",279,"F2:"," (...) 我 想 說 這樣 也好",279,685
"686",280,"F1:"," (.) hm",280,686
"687",281,"F2:"," (...) 可是 他 說 回來 都 s- 三四 點 了",281,687
"688",282,"F1:"," (.) 回來 都 三四 點 了 喔",282,688
"689",283,"F2:"," (...) 他 說",283,689
"690",283,"F2:"," (.) [到 四 點]",283,690
"691",284,"F1:"," [到 四 點] 明天 還 要 上課 耶",284,691
"692",285,"F2:"," (.) 他 說 到 四 點",285,692
"693",285,"F2:"," (.) 才 有 一 天 假 可以 補",285,693
"694",286,"F1:"," (.) 那 他 明天 要 上課 怎麼 辦",286,694
"695",286,"F1:"," (...) 我 覺得 這樣 都 沒 沒 精神 上課 了",286,695
"696",287,"F2:"," (.) 妳 為什麼 不 說 他 明天 上班 怎麼 辦",287,696
"697",288,"F1:"," (...) 上班 是 還早",288,697
"698",288,"F1:"," (.) 是 先 上課 啊",288,698
"699",289,"F2:"," (...) 他 明天 好像 要",289,699
"700",289,"F2:"," (.) eh",289,700
"701",289,"F2:"," (.) 不是 明天",289,701
"702",289,"F2:"," (.) 是 後天 要 考試",289,702
"703",290,"F1:"," (...) 後天 要 考試 喔",290,703
"704",290,"F1:"," (...) 對 啊",290,704
"705",290,"F1:"," (.) 根本 就 沒 時間 看書",290,705
"706",291,"F2:"," (.) 沒 辦法 啊",291,706
"707",291,"F2:"," (...) 我們",291,707
"708",291,"F2:"," (.) 唉唷",291,708
"709",291,"F2:"," (...) 不要 鬧 了",291,709
"710",291,"F2:"," (.) @@",291,710
"711",291,"F2:"," (.) 妳 不要 睡 @@",291,711
"712",292,"F1:"," (.) 哇",292,712
"713",293,"F2:"," (.) 妳 這樣 我 要 跟 誰 講話 啊",293,713
"714",293,"F2:"," (.) @@@=",293,714
"715",294,"F1:"," (...) 怎麼 時間 過 得 這麼 慢 啊",294,715
"716",295,"F2:"," (...) 唉 唷",295,716
"717",296,"F1:"," (.) 哇",296,717
"718",296,"F1:"," (...) 被",296,718
"719",296,"F1:"," (...) 被 大姊 害慘 了",296,719
"720",297,"F2:"," (...) 嗯",297,720
"721",297,"F2:"," (...) 那 妳 講",297,721
"722",297,"F2:"," (.) 講",297,722
"723",297,"F2:"," (.) 講 一些 東西 啊",297,723
"724",297,"F2:"," (...) 我 一點 還 要 看 那 個",297,724
"725",298,"F1:"," (.) hm",298,725
"726",299,"F2:"," (.) 我 一點 還 要 看 那 個",299,726
"727",300,"F1:"," (...) 明天 早班 ne",300,727
"728",301,"F2:"," (.) 沒有 差 啊",301,728
"729",301,"F2:"," (...) 反正 我 三 點 多 還 會 再 起來 一 次",301,729
"730",301,"F2:"," (.) @@",301,730
"731",302,"F1:"," (...) 她 就 晚上",302,731
"732",302,"F1:"," (.) 沒有 啦",302,732
"733",302,"F1:"," (.) 那天 <L3 a be ((阿伯)) L3> 就 跟 她 講 說",302,733
"734",302,"F1:"," (.) 叫 她 晚上 不要 喝 太 多 水",302,734
"735",302,"F1:"," (.) 那 <L3 a go ((伯母)) L3> 就 說",302,735
"736",302,"F1:"," (.) ho",302,736
"737",302,"F1:"," (.) <L3 i - king kio i ai kiam lin a i i - king long li zo chio a L3>",302,737
"738",302,"F1:"," (...) 可是 她 還是",302,738
"739",302,"F1:"," (...) 可是 她 晚上 她 也 會 <# 沒 辦法 #>",302,739
"740",302,"F1:"," (...) 才 喝 一 小口 而已",302,740
"741",303,"F2:"," (.) um hm",303,741
"742",304,"F1:"," (...) 就 還是 要 起來",304,742
"743",304,"F1:"," (.) 我 覺得 很 奇怪 耶",304,743
"744",305,"F2:"," (.) 有 時候 不是 喝",305,744
"745",305,"F2:"," (.) 有 時候 不是 喝 多 喝 少",305,745
"746",305,"F2:"," (.) 是",305,746
"747",305,"F2:"," (.) 你 晚上",305,747
"748",305,"F2:"," (.) 你 可能 新",305,748
"749",305,"F2:"," (.) [身體]",305,749
"750",306,"F1:"," [習慣性]",306,750
"751",307,"F2:"," (.) 在 代謝 一些 東西 就 會 想 尿尿",307,751
"752",308,"F1:"," (.) 因為 她 平常 也 都 會 起來 比較 多",308,752
"753",309,"F2:"," (.) 她 每",309,753
"754",309,"F2:"," (.) 她 幾乎 每天 都 會 起來",309,754
"755",310,"F1:"," (.) 我 是 說",310,755
"756",310,"F1:"," (.) 還沒",310,756
"757",310,"F1:"," (.) 腳 還 沒 [2受傷 之前2]",310,757
"758",311,"F2:"," [2對 啊",311,758
"759",311,"F2:"," (.) 每天 都 會 起來2] 啊",311,759
"760",311,"F2:"," (...) 我 下",311,760
"761",311,"F2:"," (.) 我們 禮拜五 就要 去 看 那 個 耶",311,761
"762",312,"F1:"," (.) 禮拜五 喔",312,762
"763",313,"F2:"," (.) 演唱會",313,763
"764",313,"F2:"," (...) 哈哈哈哈",313,764
"765",313,"F2:"," (...) 雖然",313,765
"766",313,"F2:"," (.) 雖然 說 SOGO 這 幾天 很 好 啊",313,766
"767",314,"F1:"," (.) hm",314,767
"768",315,"F2:"," (...) 可是",315,768
"769",315,"F2:"," (.) 我們 這 個 月 跟 他們",315,769
"770",315,"F2:"," (...) 他們 現在 超過 我們 了 啦",315,770
"771",316,"F1:"," (...) 對 啊",316,771
"772",316,"F1:"," (.) [喔]",316,772
"773",317,"F2:"," [超]越 我們",317,773
"774",317,"F2:"," (.) 其實",317,774
"775",317,"F2:"," (.) 差 八萬 多 而已 啊",317,775
"776",318,"F1:"," (.) 啊 可是 它們 還 沒 到 啊",318,776
"777",318,"F1:"," (.) 它們 時間 還 沒 到 啊",318,777
"778",319,"F2:"," (.) 我們 也 還 沒 到 啊",319,778
"779",320,"F1:"," (.) 可是 它們",320,779
"780",320,"F1:"," (...) 不是 慢 很多 嗎",320,780
"781",321,"F2:"," (...) 沒有",321,781
"782",321,"F2:"," (.) 它",321,782
"783",321,"F2:"," (.) 它們 到 二十 號 我們 到 十九 號",321,783
"784",322,"F1:"," (.) 這樣 喔",322,784
"785",323,"F2:"," (.) SOGO 每 一 年 都 做 十二 天 而已 啊",323,785
"786",324,"F1:"," (.) hon",324,786
"787",324,"F1:"," (.) 對 啊 他們 天數 比較 少 啊",324,787
"788",325,"F2:"," (.) [對 啊]",325,788
"789",326,"M:"," [沒 腳 的 管理員]",326,789
"790",325,"F2:"," (...) 喔 這 個 我 看 過 了",325,790
"791",327,"F1:"," (...) <L3 li si gong hi lei a ((你 是 說 那 個 阿)) L3> 走 過去 那 個 嗎",327,791
"792",327,"F1:"," (...) 那 個 哪 是 沒有 腳 有 啊",327,792
"793",327,"F1:"," (...) [2他 沒有 腳 嗎2]",327,793
"794",328,"F2:"," [2還 沒 吧2]",328,794
