"","TurnSeq","Speaker","Utterance","IUSeq"
"1",1,"F:"," .. 而且 我 發覺 啊",1
"2",1,"F:"," .. 現在 不是 都 有 很多 部落客 在 寫 [那種]",2
"3",2,"M:"," [嗯]",3
"4",1,"F:"," .. 什麼 推薦 文 啊",4
"5",1,"F:"," .. 什麼 的",5
"6",3,"F:"," .. 他們 那些 人 都",6
"7",3,"F:"," (...) 都 不約而同 會 同時",7
"8",3,"F:"," (...) 就是 大概 那 個 時間 都 推薦 同 一 間 店",8
"9",4,"M:"," .. mhm",9
"10",5,"F:"," .. 就 大概 都 是 那些 店 同時間 [2找2] 他們",10
"11",6,"M:"," [2對 啊2]",11
"12",5,"F:"," (...) 那 個 嗎",12
"13",6,"M:"," (...) 差不多",13
"14",7,"F:"," .. 可是 有人 會 因為 這樣",14
"15",7,"F:"," .. 就 真的 去 買 去 那 個",15
"16",8,"M:"," .. 會 啊",16
"17",8,"M:"," (...) 不然 為什麼 那些 部落客 那麼 紅",17
"18",9,"F:"," (...) 好",18
"19",9,"F:"," .. 好 無聊",19
"20",9,"F:"," (...) 可是 那 畢竟",20
"21",9,"F:"," (...) 不 是 真實 的 生活",21
"22",9,"F:"," .. 真實 的 生活 根本 不 會 那麼樣 啊",22
"23",10,"M:"," (...) mhm",23
"24",11,"F:"," .. 我 不 是 跟 你 說 我 跟 小氣鬼 討論過 那 話題",24
"25",11,"F:"," .. 就 說 這些 部落客 到底 平常 都 在 幹 嘛",25
"26",11,"F:"," (...) 有的 那 樣子 每天 出",26
"27",11,"F:"," .. 出去 吃 喝 玩 樂",27
"28",11,"F:"," (...) uh 歐洲 的 遊記 也 可以 寫",28
"29",11,"F:"," (...) 日本 的 也 能 寫",29
"30",11,"F:"," (...) 然後 東南亞 的 也 寫",30
"31",11,"F:"," .. 台灣 的 也 寫",31
"32",11,"F:"," .. 所有 的 飯店 什麼 她們 都 住過 了",32
"33",12,"M:"," .. mhm",33
"34",13,"F:"," .. 對 啊",34
"35",13,"F:"," (...) 她 老公 不 知道 到底 在 幹 嘛",35
"36",14,"M:"," .. @",36
"37",15,"F:"," .. 或是 她 本身 到底 在 幹 嘛",37
"38",16,"M:"," (...) 問號",38
"39",17,"F:"," .. 都 不用 賺錢 都 不用 生活 了",39
"40",17,"F:"," .. 也 都 不用 那 個 嗎",40
"41",18,"M:"," .. 沒有 [啊]",41
"42",19,"F:"," [都] 沒有 現實 的 考量 嗎",42
"43",20,"M:"," .. 偶爾 一定 都 會 有 這 種 人 啦",43
"44",20,"M:"," (...) 可是 那 不 代表",44
"45",20,"M:"," (...) 大多數 的 人",45
"46",20,"M:"," (...) 對 啊",46
"47",21,"F:"," (...) 可是 應該 也 不 會 去 羨慕 才 對 啊",47
"48",22,"M:"," (...) 妳 看起來 很 羨慕 @@",48
"49",23,"F:"," (...) 可是 那",49
"50",23,"F:"," .. 我 覺得 實際 上",50
"51",23,"F:"," .. 應該 不 會 是 這樣",51
"52",24,"M:"," .. 沒有 啊",52
"53",24,"M:"," .. 妳 自己",53
"54",24,"M:"," .. 現在 沒辦法 那樣",54
"55",24,"M:"," .. 所以 妳 會 很 羨慕",55
"56",25,"F:"," .. 是 這樣 嗎",56
"57",26,"M:"," .. 可是 妳 自己 是 那 樣子 的 時候 妳 就 覺得 沒有 什麼",57
"58",27,"F:"," (...) mhm",58
"59",28,"M:"," (...) 譬如 說 什麼",59
"60",28,"M:"," .. 我們 去",60
"61",28,"M:"," .. 去 義大利 那 領隊",61
"62",28,"M:"," (...) 去 義大利 已經 去 到 爛掉 了",62
"63",29,"F:"," .. 對 啊",63
"64",29,"F:"," .. 什麼 地方 對 他 來說 [2都 覺得 一 樣2]",64
"65",30,"M:"," [2對 啊2]",65
"66",30,"M:"," (...) 跑來跑去 那",66
"67",30,"M:"," .. 對 他 來說 都 沒有 什麼",67
"68",30,"M:"," .. 還 重遊 義大利 <L3 lei L3>",68
"69",31,"F:"," .. @@@",69
"70",32,"M:"," .. 他 可能 想到 都 已經",70
"71",32,"M:"," .. 喔",71
"72",32,"M:"," .. 下次 來到 這裡 的 時候 然後 要 講 什麼 幹嘛 嗯嗯",72
"73",32,"M:"," .. [稿子 都 背 得 一清二楚]",73
"74",33,"F:"," [沒有 你 看",74
"75",33,"F:"," .. 對 他 來說] 那 是 他 的 工作",75
"76",34,"M:"," .. 對 啊",76
"77",35,"F:"," .. 然後 例行性 的 就是",77
"78",36,"M:"," (...) [2對 啊2]",78
"79",37,"F:"," [2就是 這樣子2]",79
"80",37,"F:"," (...) 他 可能 今天 到 這裡",80
"81",37,"F:"," (...) 就 講 這樣 的 話",81
"82",37,"F:"," (...) 到 這邊",82
"83",37,"F:"," .. 就 [換 這樣 介紹]",83
"84",38,"M:"," [對 啊]",84
"85",37,"F:"," .. 對 他 來說 沒有 特別 的",85
"86",37,"F:"," (...) 那 個",86
"87",39,"F:"," (...) 可是 我們",87
"88",39,"F:"," .. 去 的 時候 會 覺得 每 一 個 地方 都 好 驚[奇]",88
"89",40,"M:"," [都] 很 驚奇 啊",89
"90",41,"F:"," .. 然後 都 好好 那 個 喔",90
"91",41,"F:"," .. 好好 玩 喔",91
"92",42,"M:"," (...) 你 看 所以 同樣 的 行為",92
"93",42,"M:"," (...) 就是 去 義大利",93
"94",42,"M:"," (...) 去 義大利",94
"95",42,"M:"," .. 然後 可是 對",95
"96",42,"M:"," (...) 我們",96
"97",42,"M:"," .. 對 他",97
"98",42,"M:"," (...) 不同 的 意義",98
"99",43,"F:"," .. 對 啊",99
"100",44,"M:"," .. 然後 差 很 多",100
"101",45,"F:"," (...) 不過 出",101
"102",45,"F:"," .. 出去 總 是 增廣見聞",102
"103",46,"M:"," (...) mhm",103
"104",47,"F:"," .. 也 還 不錯",104
"105",48,"M:"," .. mhm",105
"106",48,"M:"," (...) ei 那 時候 去 義大利 那 時候 他 那 什麼",106
"107",48,"M:"," (...) 領隊 叫 我們 要 防 那 什麼",107
"108",48,"M:"," (...) 那 是 什麼 人",108
"109",48,"M:"," (...) 他們 叫",109
"110",48,"M:"," .. 他們 講 那些 黑人 是 什麼 人",110
"111",49,"F:"," .. 吉普賽",111
"112",50,"M:"," .. 啊 對 對 對",112
"113",50,"M:"," [(...) 吉普賽]",113
"114",51,"F:"," [唉 呦 什麼人 還 不是 都 一樣]",114
"115",51,"F:"," (...) 我 那天 真的 做 那 個 夢 啊",115
"116",51,"F:"," .. 我 真的 覺得 超 好笑 的",116
"117",51,"F:"," .. 夢見 我們 全家 要 去 西班牙",117
"118",51,"F:"," (...) 然後 呢",118
"119",51,"F:"," (...) 十一 點 的 飛機",119
"120",51,"F:"," .. 然後 八 點 的 時候",120
"121",51,"F:"," (...) 我 還 在 跟 我 妹 在 那 邊 爭",121
"122",51,"F:"," .. 誰 要 哪 一 個 旅行箱",122
"123",51,"F:"," (...) 在 那邊 爭吵 不休",123
"124",51,"F:"," (...) 然後 我 媽 居然 還 跟 我 說 你 快點 去 幫 Mi寶 綁 頭髮",124
"125",52,"M:"," (...) 嗯 @",125
"126",53,"F:"," .. 然後 爸爸 也 都 還沒 準備 好",126
"127",53,"F:"," .. 然後 說 這樣 要 去 機場",127
"128",54,"M:"," .. 爸爸 還 沒 準備 好 是 比較 不 可能",128
"129",55,"F:"," .. @@ @ =",129
"130",55,"F:"," .. [ei",130
"131",55,"F:"," .. ei]",131
"132",56,"M:"," [不過 你們 還 在 那 邊]",132
"133",56,"M:"," (...) [2你們 還 在 那 邊 東吵西吵 這 是 非常 有 可能2]",133
"134",57,"F:"," [2@@ @ =2]",134
"135",57,"F:"," (...) 然後 我 還 夢 到 我 媽 跟 我 說 ei 不 知道 我 去 洗 個 頭 來得及 嗎",135
"136",58,"M:"," (...) @@",136
"137",59,"F:"," .. 然後 我 還 跟 她 說 十一 點 的 飛機 耶",137
"138",59,"F:"," .. 現在 要 出門 了",138
"139",60,"M:"," (...) 然後 你 爸 就 爆炸 了",139
"140",61,"F:"," (...) 沒有 是 我 爆炸",140
"141",61,"F:"," .. 後來",141
"142",61,"F:"," .. 最後 結論 好像 是",142
"143",61,"F:"," .. 我 突然",143
"144",61,"F:"," .. 我 就 知道 我 在 作夢",144
"145",61,"F:"," .. 然後 可是",145
"146",61,"F:"," (...) 夢裡 的 那 一 瞬間 就 覺得",146
"147",61,"F:"," .. 天啊",147
"148",61,"F:"," (...) 我 不 想 去 了",148
"149",61,"F:"," .. 我 不要 去 算了 這樣子",149
"150",61,"F:"," .. 她 還 在 那邊 跟 我 爭說 飛機 是 十二 點",150
"151",61,"F:"," .. 我 說 是 十一 點",151
"152",61,"F:"," .. 然後 就 一直 爭吵不休",152
"153",62,"M:"," .. @@[@@]",153
"154",63,"F:"," [@@@=] 然後 我 妹 還 一直 在 那 邊 跟 我 爭 那 個 粉紅色 的 旅行箱",154
"155",63,"F:"," .. 然後 行李 都 還 沒 收 這樣",155
"156",63,"F:"," (...) 然後 說 這樣 要 去 西班牙",156
"157",64,"M:"," (...) 有",157
"158",64,"M:"," (...) 這 非常 有 你們 的 [2風格2]",158
"159",65,"F:"," [2@2]",159
"160",65,"F:"," .. 然後 帶 小孩 去 這樣子 怎麼 可能",160
"161",66,"M:"," (...) @",161
"162",67,"F:"," (...) 然後 我 還 夢 到 就是",162
"163",67,"F:"," .. Mi寶 的 東西 我 什麼 也 都 還 沒 收",163
"164",67,"F:"," (...) 尿布 也 都 沒帶 什麼 也 都 還 沒 用 那 樣子",164
"165",68,"M:"," .. uh m[@@]",165
"166",69,"F:"," [對 啊]",166
"167",69,"F:"," (...) 真是 個 怪夢",167
"168",70,"M:"," (...) @@",168
"169",71,"F:"," (...) 就 那 種 慌慌張張 那樣 @@",169
"170",72,"M:"," (...) 你 看 你們 平常 出門 多 會 拖",170
"171",73,"F:"," (...) 也 還好 吧",171
"172",73,"F:"," (...) 我 已經 算 家 裡 第 二 名 了 吧",172
"173",74,"M:"," (...) 喔",173
"174",75,"F:"," .. 我 爸 之後 換 我 啦",174
"175",76,"M:"," .. huh",175
"176",77,"F:"," (...) 我 之後 換 我 妹",176
"177",78,"M:"," (...) mhm",177
"178",79,"F:"," (...) 最 會 拖 的 大概 就是 媽媽",178
"179",80,"M:"," (...) mhm",179
"180",81,"F:"," (...) @@",180
"181",81,"F:"," (...) 你 動作 也 很 慢 啊",181
"182",81,"F:"," (...) 你 笑 誰 啊",182
"183",82,"M:"," .. 我 哪 有 很 慢",183
"184",83,"F:"," .. 那 是 因為 你 不用 化妝",184
"185",83,"F:"," .. 你 不用 整理 東西",185
"186",84,"M:"," (...) 我 動作 很 快",186
"187",85,"F:"," .. 我 就 想到 那天 小舅媽 講 的",187
"188",85,"F:"," (...) ei 你 知 不 知道 現在 幾點 了",188
"189",85,"F:"," .. 你 還 要 洗 衣服",189
"190",85,"F:"," .. 啊 你 還 要 整理 東西",190
"191",85,"F:"," .. 你 知 不 知道 我們 明天 幾點 要 出門 啊",191
"192",85,"F:"," (...) 男人 就 只 會 講 這些 屁話 而已",192
"193",86,"M:"," (...) mhm",193
"194",87,"F:"," .. 然後 也 不 來 幫忙",194
"195",87,"F:"," (...) 就 像 那 每次",195
"196",87,"F:"," .. 禮拜六 晚上 的 時候 你 都 在 那 邊 趕",196
"197",87,"F:"," (...) mhm",197
"198",87,"F:"," (...) 你 好 了 沒",198
"199",87,"F:"," (...) 現在 幾點 了",199
"200",87,"F:"," .. 現在 十 點 了",200
"201",87,"F:"," .. 現在 幾點 了",201
"202",87,"F:"," .. 你 知道 嗎",202
"203",88,"M:"," (...) 唉",203
"204",89,"F:"," (...) 還 敢 趕 我",204
"205",89,"F:"," (...) 喔",205
"206",90,"M:"," (...) mhm",206
"207",90,"M:"," (...) 那 是 真的 很 晚 了 ne",207
"208",90,"M:"," (...) 啊 我 可以 用 的 我 也 都 用 了",208
"209",91,"F:"," (...) 你 沒 用 什麼 啊 你 用 什麼",209
"210",91,"F:"," .. 每次 [都 說 什麼]",210
"211",92,"M:"," [有 啊]",211
"212",93,"F:"," .. 然後 回到 家還 會 highlight 我 就是 什麼",212
"213",93,"F:"," (...) ei 你 怎麼 沒帶 玩具",213
"214",93,"F:"," (...) 應該 要 帶 個 玩具 回來 給 她 玩",214
"215",93,"F:"," (...) 講 那 什麼 屁話",215
"216",94,"M:"," (...) mhm",216
"217",95,"F:"," (...) 自己 不 會 收 喔",217
"218",96,"M:"," (...) 下次 要 帶 一下",218
"219",97,"F:"," (...) 最好 不要 回去 住",219
"220",97,"F:"," (...) 你 答應 我 的 喔",220
"221",97,"F:"," (...) 還說",221
"222",97,"F:"," (...) 怎麼樣 這次 老闆 跟 你 剪 這 個 頭髮 你 還 滿意 嗎",222
"223",98,"M:"," (...) 還 不錯 啊",223
"224",99,"F:"," (...) @ =",224
"225",100,"M:"," (...) 可是 老闆 有 點 龜毛",225
"226",100,"M:"," (...) 這樣",226
"227",101,"M:"," (...) 這樣",227
"228",102,"F:"," .. 一 根 一 根 拔 起來 剪",228
"229",102,"F:"," .. 拿 起來 剪",229
"230",103,"M:"," (...) 真的 是 一 根 一 根 剪",230
"231",104,"F:"," .. 對 啊",231
"232",104,"F:"," (...) 然後 要不 就 在 那 邊幫 你 吹 那 個 領子",232
"233",105,"M:"," .. [@ =]",233
"234",106,"F:"," [然後] [2吹 了 半天2]",234
"235",107,"M:"," [2@@2]",235
"236",107,"M:"," .. 然後 你 爸 揹著 Mi寶 [3在 外面 已經3]",236
"237",108,"F:"," [3對3]",237
"238",108,"F:"," (...) 人家 他 還 不慌不忙 的 慢慢 這樣",238
"239",108,"F:"," (...) 慢慢 吹",239
"240",108,"F:"," .. 慢慢 吹",240
"241",108,"F:"," .. 你 應該 跟 他 講說",241
"242",108,"F:"," .. 不用 吹 了 不用 吹 了",242
"243",109,"M:"," .. 已經 很 [抓狂3]",243
"244",110,"M:"," [我 很 想] 講",244
"245",117,"F:"," (...) 你 還說 [我 給 他 按 得]",245
"246",118,"M:"," [真的 會 洗 到 睡著]",246
"247",110,"M:"," (...) 可是 那 領子 真的 很 濕",247
"248",111,"F:"," (...) 是 洗頭 時候 用濕 的 [2 <L3 hiou L3> 2]",248
"249",112,"M:"," [2嘿2] 真的 很 濕",249
"250",113,"F:"," .. hun 那 那 個",250
"251",113,"F:"," .. 小弟 很 不 會 洗 喔",251
"252",114,"M:"," .. 對 啊",252
"253",114,"M:"," .. 沒有",253
"254",114,"M:"," .. 可",254
"255",114,"M:"," .. 我",255
"256",114,"M:"," .. 不 曉得 是 什麼 時候 弄濕 的",256
"257",114,"M:"," (...) 因為 他 都 會 一直 東",257
"258",114,"M:"," .. 有 東西 電 直 它",258
"259",115,"F:"," (...) 喔 =",259
"260",116,"M:"," (...) 對 啊",260
"261",116,"M:"," (...) 不過 去 給 人家 洗頭 真的 很 舒服 耶",261
"262",119,"F:"," .. 應該 説",262
"263",119,"F:"," .. 按 了 兩天 之後 到 現在 還 在 頭痛",263
"264",120,"M:"," (...) @@",264
"265",121,"F:"," .. 你 知道 那 個",265
"266",121,"F:"," (...) 他 跟 我 掐 得 多 大力 嗎",266
"267",122,"M:"," (...) <L3 hiou L3>",267
"268",122,"M:"," .. 啊",268
"269",122,"M:"," .. 你 怎麼 沒有 叫 出來",269
"270",123,"F:"," (...) 我 就 he= 他 整個 從 後面 這樣子",270
"271",123,"F:"," (...) 這樣 er =這樣子",271
"272",123,"F:"," (...) 然後 這樣 jiang jiang",272
"273",123,"F:"," (...) 然後 又 壓 這邊",273
"274",124,"M:"," .. 這樣",274
"275",124,"M:"," .. [應該 蠻 舒服 的]",275
"276",125,"F:"," [然後 我 都 覺得]",276
"277",125,"F:"," .. 我 好 想 跳 起來 掐 住 他 [2@ =2]",277
"278",126,"M:"," [2@@ @2]",278
"279",127,"F:"," .. @@ 真的 很 痛 耶",279
"280",128,"M:"," .. 唉",280
"281",129,"F:"," (...) 沒有 舒服 的 感覺",281
"282",129,"F:"," (...) 我 覺得 他 那 個 是 不是 不 太 會 抓 啊",282
"283",129,"F:"," (...) 然後 只 知道 用 蠻力",283
"284",130,"M:"," (...) 喔",284
"285",131,"F:"," (...) 對 啊",285
"286",132,"M:"," (...) mhm",286
"287",133,"F:"," (...) 就 很 笨 啊",287
"288",134,"M:"," (...) @",288
"289",135,"F:"," (...) 痛 死 我 了",289
"290",136,"M:"," (...) 那 你 弟弟 應該 也 都 不 到 二十 歲 吧",290
"291",137,"F:"," (...) 不到 啊",291
"292",137,"F:"," (...) [那]",292
"293",138,"M:"," [年紀] [2都 很 輕2]",293
"294",139,"F:"," [2年紀 都 很 輕2]",294
"295",140,"M:"," (...) 那 他們 是 有 請 一 個 設計師 這樣子",295
"296",141,"F:"," (...) 對",296
"297",141,"F:"," (...) 那 個 nu -",297
"298",141,"F:"," .. 另外 [那 個 女]",298
"299",142,"M:"," [另外 那 也 是 設計師]",299
"300",143,"F:"," .. mhm",300
"301",143,"F:"," (...) 本來 有 兩個 後來 走 了 一 個 啊",301
"302",144,"M:"," (...) 喔 =",302
"303",145,"F:"," (...) 他們 現在 人手 也 不是 很 夠",303
"304",146,"M:"," (...) 可是 生意 好像 沒有 特別 好",304
"305",147,"F:"," (...) 不會 耶",305
"306",147,"F:"," (...) 就是 因為 我們 去 的 那 個 時間 是 因為 吃飯 時間",306
"307",148,"M:"," (...) <L3 hiou L3>",307
"308",149,"F:"," (...) um",308
"309",149,"F:"," (...) 要不然 有 時候 都 要 等",309
"310",150,"M:"," 喔",310
"311",151,"F:"," .. 而且 現在 競爭 那麼 激烈 你 看",311
"312",152,"M:"," .. mhm=",312
"313",153,"F:"," .. 一百 公尺 以 內 有 幾間",313
"314",154,"M:"," .. 對 啊",314
"315",155,"F:"," (...) 從",315
"316",155,"F:"," (...) 這 一 頭 到 那 一 頭",316
"317",156,"M:"," (...) mhm=",317
"318",157,"F:"," .. 到 那 個= 以前 臭臉",318
"319",157,"F:"," .. 那 個",319
"320",157,"F:"," .. 老周 那裡",320
"321",158,"M:"," .. mhm=",321
"322",159,"F:"," (...) 我 知道 就 五 間 了",322
"323",160,"M:"," (...) mhm",323
"324",161,"F:"," (...) 我 數 得 出來 就 五間 了 喔",324
"325",162,"M:"," .. 很多 間",325
"326",163,"F:"," .. 對 啊",326
"327",163,"F:"," (...) 才 短短 一百 公尺 以內 耶",327
"328",164,"M:"," (...) 那 你們 最後 怎麼 都 習慣 在 東京",328
"329",165,"F:"," (...) 不 知道 啊",329
"330",166,"M:"," (...) 喔",330
"331",167,"F:"," (...) 因為 近 吧",331
"332",167,"F:"," .. 然後 又 方便 那樣",332
"333",168,"M:"," .. 他 又 用 得 不錯",333
"334",169,"F:"," (...) 我 覺得 他 算 用 得 不錯 .",334
"335",170,"M:"," (...) hm",335
"336",171,"F:"," (...) 唉",336
"337",171,"F:"," (...) 唉 之後 天氣 越 來 越 熱",337
"338",171,"F:"," .. 我 看 午休 還 是 都 待 在 公司 睡覺 好 了",338
"339",172,"M:"," .. mhm",339
"340",173,"F:"," (...) 沒事 不要 亂跑 出來 那 [個]",340
"341",174,"M:"," [mhm]",341
"342",175,"F:"," (...) 唉 車 趕快 給 我 開 啦",342
"343",176,"M:"," (...) 等下 給 妳開",343
"344",177,"F:"," (...) 你 為什麼 要 挑 我 愛 睏 [的 時候 才 給 我 開]",344
"345",178,"M:"," [@ =]",345
"346",179,"F:"," (...) 我 可以 拒絕 嗎",346
"347",180,"M:"," .. 讓 你 練習 一下 啊",347
"348",181,"F:"," .. ho= 我 愛睏 了 啦 @ =",348
"349",182,"M:"," .. 我 也 有 點 愛睏",349
"350",183,"F:"," .. @ 我 開 你 睡 得 著 喔",350
"351",184,"M:"," (...) 也許 可以",351
"352",185,"F:"," .. 不要 鬧 了",352
"353",185,"F:"," .. 不要 [2開 玩笑2]",353
"354",186,"M:"," [2對 啊2]",354
"355",187,"F:"," (...) mhm",355
"356",187,"F:"," .. 給 你 喝",356
"357",187,"F:"," (...) 快要 喝 完了 耶",357
"358",187,"F:"," .. 這 杯",358
"359",187,"F:"," (...) 那 麼 大 杯",359
"360",188,"F:"," (...) 覺得 今天 晚上 那 個 日本 料理 真的 好好 吃 喔",360
"361",189,"M:"," .. mhm",361
"362",190,"F:"," .. 我 現在 越來越 喜歡 吃 日本 料理",362
"363",190,"F:"," (...) 有的 東西 它 就 比較 [油膩]",363
"364",191,"M:"," [對 啊]",364
"365",190,"F:"," .. 然後 比較 不 會 加工 那 麼 多",365
"366",192,"F:"," (...) 對 啊",366
"367",193,"M:"," .. 然後 那 炭烤 其實 也",367
"368",193,"M:"," (...) 不 會 說",368
"369",193,"M:"," (...) 看起來 很 不 健康 那 樣",369
"370",194,"F:"," (...) 不 會 [耶]",370
"371",195,"M:"," [嘿 啊",371
"372",195,"M:"," .. 都] [2還 好2]",372
"373",196,"F:"," [2就 也 不 會 說2] [3油 用3]",373
"374",197,"M:"," [3還 OK3]",374
"375",198,"F:"," .. 而且 我 覺得 它 價錢 沒有 特別 貴 但是 至少 擺盤 什麼 的 都 看起[來] 乾乾淨淨 的",375
"376",199,"M:"," [mhm]",376
"377",200,"F:"," (...) ho",377
"378",200,"F:"," .. 你 媽 用 的 菜 都 很 油 <L3 hon L3>",378
"379",200,"F:"," .. 你 有 沒有 發現",379
"380",201,"M:"," (...) mhm",380
"381",202,"F:"," (...) 雞腿 用煎 的",381
"382",202,"F:"," .. si= @",382
"383",203,"M:"," .. @@ @",383
"384",204,"F:"," .. 然後 浮 一 層 油",384
"385",205,"M:"," (...) 對 啊",385
"386",206,"F:"," .. 她 都 滷過 再 煎 然後",386
"387",207,"M:"," (...) TSK 那天 的 沒有 滷過",387
"388",208,"F:"," (...) 真的 嗎 可 我 發覺 她 很 喜歡 滷 東西",388
"389",209,"M:"," (...) mhm",389
"390",210,"F:"," (...) 我 知道 她 蒸魚 是 都 放 蠔油 才 會 都 有 甜甜 的 味道",390
"391",211,"M:"," .. 對",391
"392",212,"F:"," (...) 可是 其實 蠔油 加 了 很多",392
"393",212,"F:"," .. 有的沒的 說",393
"394",212,"F:"," (...) 給 小朋友 吃 應該 不要",394
"395",212,"F:"," (...) 不要 用 蠔油",395
"396",213,"M:"," (...) mhm",396
"397",214,"F:"," (...) 可是 她 好像 從 以前 就 都 用",397
"398",215,"M:"," .. 對 啊",398
"399",216,"F:"," .. 都 習慣 用 蠔油",399
"400",217,"M:"," (...) 可 這樣 蒸 的確 是 滿 好吃 的",400
"401",218,"F:"," (...) 我 比較 不 喜歡 甜 的",401
"402",219,"M:"," (...) <L3 hiou L3>",402
"403",220,"F:"," (...) mhm",403
"404",220,"F:"," (...) 對 我 就 一直 覺得 很 奇怪 為 什麼 每次 吃",404
"405",220,"F:"," (...) 都 有 甜甜 的 味道",405
"406",220,"F:"," (...) 我 本來 以為 是 放 香油 還 是",406
"407",220,"F:"," .. 後來 想 說 應該 是 蠔油",407
"408",220,"F:"," (...) mhm=",408
"409",220,"F:"," (...) 簡## 有 回 那 個 耶",409
"410",220,"F:"," (...) 回家",410
"411",221,"M:"," (...) <L3 hiou L3>",411
"412",222,"F:"," .. 回 宜蘭",412
"413",222,"F:"," (...) 她 不 知道 會 不 會 去 看",413
"414",222,"F:"," (...) Mi寶",414
"415",223,"M:"," .. 應該 會 吧",415
"416",224,"F:"," .. 搞 不 好",416
"417",225,"M:"," .. ei 啊 君 要 搬離 新竹 喔",417
"418",226,"F:"," (...) 對 啊",418
"419",226,"F:"," (...) 要不然 <L3 le L3>",419
"420",227,"M:"," (...) 就 暑假",420
"421",227,"M:"," (...) 放 暑假 就要 [搬離 新竹 了 喔]",421
"422",228,"F:"," [mhm]",422
"423",228,"F:"," (...) 哇= 如果 要 在 哪邊 租 房子 很 貴 耶",423
"424",229,"M:"," (...) 沒有 啦",424
"425",229,"M:"," (...) 一 年級 應該 都 有 宿舍 可以 住",425
"426",230,"F:"," .. 不 一定 吧",426
"427",230,"F:"," .. 也 [2都 會 有2]",427
"428",231,"M:"," [2幾乎 都 會 有2]",428
"429",232,"F:"," .. 是 喔",429
"430",233,"M:"," .. mhm",430
"431",233,"M:"," (...) 大部分",431
"432",233,"M:"," (...) 也 讀 兩年 而已 啊",432
"433",234,"F:"," (...) 也 還好",433
"434",234,"F:"," .. 不過 那 個 路段",434
"435",234,"F:"," .. 那 個 地段 真的 很 貴=",435
"436",234,"F:"," (...) 可是 其實",436
"437",234,"F:"," (...) 他 是 在 臥龍街 附近 不是 嗎",437
"438",235,"M:"," (...) 對 啊",438
"439",236,"F:"," (...) 搞不好 往 那 個",439
"440",237,"M:"," (...) [六張犁]",440
"441",238,"F:"," [後面 (往 六張犁) ]",441
"442",238,"F:"," .. 對",442
"443",238,"F:"," (...) 往 [2六張犁2] 那邊 找 比較 不 會 那麼 貴",443
"444",239,"M:"," [2比較 不 會 那 麼貴2]",444
"445",240,"F:"," (...) 之前 一直 有 想 說 要 住在 那 邊 後來 沒住 在 那 邊",445
"446",241,"M:"," 有 啦",446
"447",241,"M:"," .. 很多 人 可以 住 一 年 宿舍 就 差 很多 了",447
"448",242,"F:"," (...) 對 啊",448
"449",242,"F:"," (...) 不過 國立 的 應該",449
"450",242,"F:"," (...) 學費 不 會 [那麼 貴]",450
"451",243,"M:"," [mhm]",451
"452",244,"F:"," (...) 到 時候 那 個 小氣鬼 一定 會 叫 我們 去 zu - 去 看 她 的 五萬 塊 的 窗簾 布料",452
"453",244,"F:"," (...) 進口",453
"454",244,"F:"," (...) 進口 的 [@ =]",454
"455",245,"M:"," [那 你 去 就 好 了]",455
"456",246,"F:"," (...)",456
"457",246,"F:"," (...) 你 幹嘛 這樣",457
"458",246,"F:"," (...) 她 之前 也 對 我們 也 還 不錯",458
"459",246,"F:"," .. 都 請 我們 去 吃 飯 什麼 的",459
"460",247,"M:"," (...) 我們 也 有 請 她 啊",460
"461",247,"M:"," .. 互相 啊",461
"462",248,"F:"," .. 我們 有 請 她 [嗎",462
"463",248,"F:"," .. 什麼 時候]",463
"464",249,"M:"," [有 好 不 好]",464
"465",249,"M:"," (...) 有 吧",465
"466",250,"F:"," .. 沒有= 都 各 付 各 的 吧",466
"467",250,"F:"," (...) 我們 有 請 她 嗎",467
"468",250,"F:"," (...) 我 記得 是 沒有",468
"469",251,"M:"," (...) 沒有 嗎",469
"470",251,"M:"," (...) 有 吧",470
"471",252,"F:"," (...) 沒有",471
"472",253,"M:"," (...) 真的 沒有 嗎",472
"473",254,"F:"," .. 好像 沒有",473
"474",255,"M:"," (...) 我 怎麼 記得 有",474
"475",255,"M:"," (...) 不過 這 個 人",475
"476",255,"M:"," (...) 負面 的 能量 太 多 了",476
"477",255,"M:"," .. 不 喜歡",477
"478",256,"F:"," (...) 對 啊",478
"479",256,"F:"," .. 就是",479
"480",256,"F:"," .. 凡事 都 往 負面 的 想",480
"481",257,"M:"," .. 自己 負面 就 算了 還會 給 人 <# 塞# > ##",481
"482",258,"F:"," (...) 對 啊",482
"483",258,"F:"," (...) 也 不 好",483
"484",258,"F:"," (...) TSK",484
"485",258,"F:"," (...) 也 不 好",485
"486",258,"F:"," (...) mhm=",486
"487",259,"M:"," (...) mhm=",487
"488",260,"F:"," (...) 接下來 都 沒有 什麼 連假 可以 放",488
"489",261,"M:"," .. 沒 啦 都 放 完 啦",489
"490",262,"F:"," .. hunh= 有 啦 明年 元旦 是 不是 四 天 連假",490
"491",263,"M:"," .. 我 不 知道 耶",491
"492",264,"F:"," .. 好像 是",492
"493",264,"F:"," (...) <# 六 排 [四] #>",493
"494",265,"M:"," [還 等 很 久]",494
"495",265,"M:"," .. 現在 [2才 @2] >",495
"496",266,"F:"," [2@2]",496
"497",267,"M:"," .. 四",497
"498",267,"M:"," .. 今天 才 四月 幾號",498
"499",268,"F:"," .. 好 我 知道",499
"500",269,"M:"," .. 對 啊",500
"501",270,"F:"," .. 元旦 還 有 半年 多 <L3 lei L3>",501
"502",271,"M:"," .. 你 看 接下來 就",502
"503",271,"M:"," .. 今年 的 連假 都 集中 在 一二月",503
"504",272,"F:"," .. mhm",504
"505",273,"M:"," .. 所以 覺得 k -",505
"506",273,"M:"," .. 快 都 放 光光",506
"507",274,"F:"," .. 春假",507
"508",274,"F:"," .. 還 有 二二八",508
"509",275,"M:"," (...) mhm",509
"510",276,"F:"," (...) 對耶 今年 的 那 個",510
"511",276,"F:"," (...) 國慶日 是 不是 也 沒 放",511
"512",276,"F:"," (...) 好像 是 六 還 日 對 不 對",512
"513",277,"M:"," (...) 我 不 知道 耶",513
"514",278,"F:"," (...) 好像 是",514
"515",278,"F:"," (...) 天啊",515
"516",278,"F:"," .. 當 上班族 好 可憐",516
"517",278,"F:"," .. 就是 在 那邊",517
"518",279,"M:"," .. 要 斤斤 計較",518
"519",280,"F:"," .. 對 在 那邊 算 連假 然 後",519
"520",281,"M:"," .. 對 [啊]",520
"521",282,"F:"," [在] 那邊 算 m 下 一 個 是 什麼 時候",521
"522",283,"M:"," .. 對 啊",522
"523",283,"M:"," .. 然後 等下 放[2假2]",523
"524",284,"F:"," [2可是2] 我們 已經 很 好 了",524
"525",284,"F:"," .. 有的 是 沒 什麼 假 可以 那 個 的",525
"526",285,"M:"," (...) mhm",526
"527",286,"F:"," (...) 對 啊",527
"528",286,"F:"," (...) 不錯 了 啦",528
"529",287,"M:"," (...) mhm",529
"530",288,"F:"," (...) 怎麼 會 有 可樂",530
"531",288,"F:"," (...) 剛 就 本來 就 有 了 嗎",531
"532",289,"M:"," (...) 對 耶",532
"533",289,"M:"," .. 不 知道 是 什麼 時候 跑出來",533
"534",290,"F:"," (...) mhm",534
"535",290,"F:"," (...) mhm",535
"536",290,"F:"," (...) 最近 電視 都 沒 什麼 好 看 的",536
"537",290,"F:"," .. 啊 那 個 什麼 雙面膠 不 知道 演 到 哪 裡",537
"538",291,"M:"," (...) 可 那 都 知道 結局 了",538
"539",292,"F:"," (...) 是 啊",539
"540",292,"M:"," (...) mhm",540
"541",292,"F:"," (...) 悲劇 收場",541
"542",293,"M:"," (...) mhm",542
"543",294,"F:"," .. 不過 我 覺得 它 好 寫實",543
"544",295,"M:"," (...) mhm",544
"545",296,"F:"," .. 就是 很",545
"546",296,"F:"," (...) 演 得 很 那 個",546
"547",296,"F:"," .. 很 真實",547
"548",297,"M:"," (...) mhm",548
"549",297,"M:"," (...) 真實 帶著 有 一 點 誇張",549
"550",298,"F:"," (...) 不 會 啊",550
"551",298,"F:"," (...) 會 誇張 [嗎]",551
"552",299,"M:"," [有 啦] 他 有點 誇張",552
"553",300,"F:"," .. 我 覺得 還 好",553
"554",301,"M:"," (...) 沒有 那些 父母 很 疼 小孩 沒 錯",554
"555",301,"M:"," (...) 可是 不至於 就是 服侍 成 這樣",555
"556",302,"F:"," (...) 不 一定 喔",556
"557",303,"M:"," (...) 真的 嗎",557
"558",304,"F:"," .. 對 啊",558
"559",305,"M:"," .. 我 覺得",559
"560",305,"M:"," (...) 太 誇張 了",560
"561",306,"F:"," (...) 連 牙膏 都 幫 你 擠好",561
"562",307,"M:"," (...) 對 啊",562
"563",308,"F:"," (...) @ =[2是 怎樣2]",563
"564",309,"M:"," [2太 誇張 了2]",564
"565",310,"F:"," (...) 沒手 是 不是",565
"566",311,"M:"," (...) uh",566
"567",311,"M:"," .. 洗澡水 什麼 的",567
"568",311,"M:"," (...) 跟 大爺 一 樣",568
"569",312,"F:"," (...) 對 啊",569
"570",313,"M:"," (...) 唉",570
"571",314,"F:"," (...) 四月",571
"572",314,"F:"," (...) 三月 又 過 了",572
"573",315,"M:"," (...) mhm",573
"574",315,"M:"," (...) 每 個 月 最 討厭 也 最 期待 就是 要 寫 月報 的 時候",574
"575",316,"F:"," (...) 喔 月底",575
"576",316,"F:"," (...) 對 我 發覺 月底 跟 月初 都 特別 忙",576
"577",317,"M:"," (...) 對 啊",577
"578",318,"F:"," .. 中間 會 還 好",578
"579",319,"M:"," (...) 要 寫 月報 就 很 煩",579
"580",319,"M:"," .. 要 qi= ## 一起 寫",580
"581",319,"M:"," (...) 然後 可是",581
"582",319,"M:"," .. 快要 到 寫 月報 表示 月底 了",582
"583",319,"M:"," .. 這樣 代表 一 個 月 又 過去 要 下 一 個 月",583
"584",319,"M:"," (...) 就 很 開心",584
"585",320,"F:"," (...) 我 覺得 月",585
"586",320,"F:"," .. 月初 跟 月底 真的 最 忙",586
"587",321,"M:"," (...) mhm",587
"588",322,"F:"," (...) 月底 一 堆 事 有 的 沒 的",588
"589",322,"F:"," .. 唉",589
"590",323,"M:"," .. mhm",590
"591",323,"M:"," (...) mhm",591
"592",324,"F:"," (...) 好 想 來 學習 黏 假 睫毛 喔",592
"593",325,"M:"," (...) 沒有 必要 吧",593
"594",326,"F:"," .. 最近 就 很 想 學 啊",594
"595",326,"F:"," .. 不 知道 為[什麼]",595
"596",327,"M:"," [沒有] 妳 已經 想 很 久 了",596
"597",328,"F:"," (...) 對 啊",597
"598",328,"F:"," .. 可是 都",598
"599",328,"F:"," (...) 啊 我 這 人 就 想 很多 想到 說 <L3 hunh L3> 如果 黏 假 睫毛 到 時候 會 不 會 真 睫毛 也 都 掉 光光",599
"600",329,"M:"," .. 會",600
"601",330,"F:"," (...) 現在 有 種 保養 的 東西 叫 睫毛 增生 液",601
"602",330,"F:"," (...) 你 知道 嗎",602
"603",330,"F:"," .. 就是 保護 [2睫 -2]",603
"604",331,"M:"," [2那 你2] 為什麼 要 黏 一 個 東西 讓 妳 會掉",604
"605",331,"M:"," .. 然後 再 去 塗 一 個 東西 讓 妳 會長",605
"606",332,"F:"," .. @ 唉呦",606
"607",332,"F:"," (...) 可 人家 說",607
"608",332,"F:"," (...) 戴 上 假 睫毛",608
"609",332,"F:"," (...) 整個 人 都 散發 出 不同 的 光采",609
"610",333,"M:"," (...) [@ =]",610
"611",334,"F:"," [@ =]",611
"612",335,"M:"," (...) 你 有 看到 有 一些 那 個",612
"613",335,"M:"," .. 網路",613
"614",335,"M:"," .. 那 個 什麼",614
"615",335,"M:"," (...) 化妝術",615
"616",336,"F:"," (...) 喔",616
"617",336,"F:"," .. 那 個 有 戴 跟 沒戴 真的 [實 在 是] 差",617
"618",337,"M:"," [對 啊]",618
"619",338,"F:"," .. 差",619
"620",338,"F:"," .. 差 [2天壤之別2]",620
"621",339,"M:"," [2誇張2]",621
"622",339,"M:"," (...) 沒有 必要 騙 那麼 大 啦",622
"623",340,"F:"," (...) @@ @ 每 一 個 都 [騙 很 大] 基本上 @@",623
"624",341,"M:"," [對 啊]",624
"625",341,"M:"," (...) 沒有 必要 騙 那麼 [2大2]",625
"626",342,"F:"," [2你 看 那 種2] 沒 化妝 蠟黃",626
"627",342,"F:"," .. 蠟黃 的 臉",627
"628",343,"M:"," (...) 結果 都",628
"629",343,"M:"," .. 不 敢",629
"630",343,"M:"," .. 不 敢 卸妝 見人",630
"631",344,"F:"," (...) mhm 基本上",631
"632",344,"F:"," .. 是 啦",632
"633",345,"M:"," (...) 唉",633
"634",346,"F:"," (...) 你 今天 穿 這 件 不 會 熱 喔",634
"635",346,"F:"," (...) [這 不是] 毛衣 嗎",635
"636",347,"M:"," [還 好 耶",636
"637",347,"M:"," .. 這件 不 會 很 厚 啊]",637
"638",348,"F:"," (...) 是 喔",638
"639",349,"M:"," (...) mhm",639
"640",349,"M:"," (...) 沒 想 到 它 也 是 會 有點 起 毛球",640
"641",350,"F:"," (...) 這件 不是 義大利 買 那 件 嗎",641
"642",351,"M:"," .. 是 啊",642
"643",352,"F:"," .. 起 毛球 還 好 啦",643
"644",352,"F:"," .. 那 刮一刮 就 好 了",644
"645",353,"M:"," .. mhm",645
"646",354,"F:"," (...) 不過 這 真的 是",646
"647",354,"F:"," .. 放 到 洗衣機",647
"648",354,"F:"," .. 捲 也 都 不 會 有 什麼 那 個",648
"649",355,"M:"," .. 對 啊",649
"650",356,"F:"," (...) 真 好 @@ @ =@@",650
"651",357,"M:"," (...) 好像 是 多少",651
"652",357,"M:"," .. 二十九 歐元",652
"653",358,"F:"," (...) 忘記 了",653
"654",358,"F:"," .. 你 怎麼 記 得 那麼 清楚",654
"655",359,"M:"," (...) 很 便宜 啊",655
"656",360,"F:"," (...) 二十九 歐元",656
"657",360,"F:"," (...) 喔 對 啊",657
"658",360,"F:"," .. 幾 百 塊 而已",658
"659",360,"F:"," (...) 義大利 的 東西 都 好好 吃 喔",659
"660",361,"M:"," (...) mhm",660
"661",362,"F:"," .. 你 有 沒有 覺得",661
"662",363,"M:"," .. mhm",662
"663",364,"F:"," .. 而且 我 覺得 他 的 連 他 的 提拉米蘇 都 特別 好吃",663
"664",365,"M:"," (...) mhm",664
"665",365,"M:"," (...) 真的",665
"666",365,"M:"," (...) 而且 每 一 餐 都 有 紅酒",666
"667",366,"F:"," (...) 這 不是 重點[@@ @]",667
"668",367,"M:"," [這 是 重點]",668
"669",368,"F:"," 對 我 來說 都 不是 重點",669
"670",369,"M:"," .. 唉",670
"671",370,"F:"," .. 我 就 覺得 東西 都 很 好吃",671
"672",371,"M:"," (...) 唉",672
"673",371,"M:"," .. 不會 喝 酒 啊",673
"674",372,"F:"," (...) 不 愛 喝",674
"675",372,"F:"," .. 就 覺得 那 有 什麼 好喝 的",675
"676",372,"F:"," (...) 苦苦 的 啊",676
"677",372,"F:"," (...) 我 唯一 覺得 比較 好喝 就 Choya",677
"678",373,"M:"," (...) 喔",678
"679",374,"F:"," (...) 那 個 梅酒",679
"680",374,"F:"," (...) Choya",680
"681",375,"M:"," (...) 梅酒 很 可怕",681
"682",376,"F:"," (...) @@ @ =",682
"683",377,"M:"," (...) 會 讓 你 一直 在 [撞 地上]",683
"684",378,"F:"," [@ =]",684
"685",378,"F:"," (...) kong kong kong",685
"686",378,"F:"," (...) 會 酒 醉",686
"687",379,"M:"," (...) 對 啊",687
"688",380,"F:"," (...) 會 醉 倒 啦",688
