Turn,Speaker,Utterance
1,M:,.. 還 有 嗎 ?
2,F1:,.. 好 .
3,F2:,.. @
4,M:,.. 再來 啊 .
4,M:,".. 再 說 一堂 課 ,"
4,M:,.. 讓 我 感受 一下 .
4,M:,... 沒有 了 嘛 ?
4,M:,... 沒有 了 嘛 ?
4,M:,".. 啊 ,"
4,M:,.. 有 Homework 三 嗎 ?
5,F2:,.. 好像 [還 沒 說] .
6,F1:,[還 沒 吧] .
7,M:,"(0) Yeah 啊 ,"
7,M:,有 期中 考 嗎 .
8,F1:,.. 他 [[沒]] 考試 吧 .
8,F1:,.. 我 記 得 就 只有 期末 報告 .
9,F2:,"[[沒有 ,"
9,F2:,..]] 就 期末 報告 .
10,M:,(0) 但 我 機器學習 下 禮拜 要 期中 考 欸 .
11,F1:,.. 什麼 ?
12,M:,.. 那 個 機器學習 概論 .
13,F2:,.. 哦 = 你 後來 有 去 修 ?
14,F1:,.. 誰 的 啊 ?
15,F2:,".. 禮拜四 下午 那個 ,"
16,M:,.. 禮拜二 早上 --
16,M:,.. 資科 的 啊 .
16,M:,.. 我 跟 劉 還有 呂 .
17,F2:,... 誰上 的 啊 ?
18,M:,.. 嗯 = 我 看看 .
19,F2:,".. 說不定 ,"
19,F2:,.. 我 可以 幫 你 拿到 考古 題 .
20,M:,.. [哎 呦] .
21,F1:,[哎 呦] 你 說 問 資科 的 [[宅宅 們]] .
22,M:,[[宅宅 們]] .
23,F2:,.. 你 看 你們 就 這樣 X 誤會 我 .
24,F1:,.. 沒有 我 只是 順著 你 的 話 .
25,M:,.. 劉 .
26,F2:,.. 哦 = .
27,M:,.. 有 嗎 ?
27,M:,.. 不 熟 .
28,F2:,.. 我 有 --
28,F2:,... 認識 可以 開個 口 問問 這樣 .
29,F1:,.. 他 是 考 考古題 喔 .
30,M:,".. Yeah 劉 ,"
30,M:,.. 我 不 知道 啊 .
30,M:,.. 他 第一 堂課 就 一直 在 講 線性 迴歸
30,M:,.. 我 就 覺 得 超 無聊 的 .
30,M:,.. 然後 第二 堂課 去 還 是 在 講 線性 迴歸 .
30,M:,.. 我 想 說 你 到底 要 講 到 什麼 時候 .
31,F1:,.. 所以 你 最後 去 了 幾 堂 ?
32,M:,".. 然後 就 ,"
32,M:,.. 再 也 沒去 了 .
32,M:,".. 我 去 了 三 次 了 ,"
32,M:,.. 去 了 三 週 .
33,F1:,.. 會 不會 發現 今天 去 結果 發現 是 今天 考 .
34,M:,".. 沒有 ,"
34,M:,.. 我 去 了 三 週 就 三 週 .
35,F2:,".. 沒有 ,"
35,F2:,.. 他 的 意思 是 說不定 是 今天 考試 你 已 經 --
36,M:,".. 沒有 ,"
36,M:,.. 禮拜二 啊 .
36,M:,.. 禮拜二 .
36,M:,.. 可是 我 問 了 劉 和 呂 說 他們 都 沒去 .
36,M:,.. 所以 就 --
36,M:,.. 嗯 =
36,M:,.. 沒 關係 .
37,F1:,.. 結果 你們 都 不 知道 這週 其實 就 已經 考 完了 這樣 .
38,F2:,.. 哦 好 那 我 可以 幫 你 問 一下 .
39,M:,.. 沒有 其 實 他 說 已經 考 完了 .
40,F2:,.. 喔 對 .
40,F2:,.. 說不定 其實 考 完了 .
41,F1:,.. 說不定 考 完了 GG .
42,F2:,.. 沒有拉 .
42,F2:,.. 他們 資科 的 老師 都 喜歡 在 當週 .
43,M:,.. 真的 喔 .
43,M:,... 有 有 四月 十六 有 建議 作業 那 就 一定 沒有 考試 .
43,M:,... 因為 它 都 會 它 都 會 po 在 moodle .
43,M:,... 然後 有人 回 他 建議 作業 就 會 一直 寄信 給 我 .
43,M:,... 所以 我 現在 被 它 佔滿 了 .
43,M:,".. 我 的 信箱 被 被 M L 佔滿 了 ,"
43,M:,.. 但 我 從來 沒有 打開 來過 .
44,F1:,.. 可是 實用 投資 學會 一直 寄信 .
45,F2:,.. 嗯 .
46,M:,.. 真的 喔 .
47,F1:,.. 你 寫 了 嗎 ?
48,F2:,".. 還沒 ,"
48,F2:,.. 我 還 沒 動 .
49,M:,.. 一定 要 寫 喔 .
50,F1:,.. 因為 我們 那 是 [期 中 考] .
51,F2:,[期 中 考] .
52,M:,.. 哦 = 我 下午 --
53,F1:,.. 但 他 要 打印 出來 我 都 覺 得 很 微妙 .
54,M:,.. 我 下午 還 有 一 堂 課 要 打 心得 超 智障 的 .
55,F1:,.. 你 下午 不是 --
56,M:,.. 程式 設計 概論[[為 什麼 要 打 心得]] .
57,F1:,[[要 打 心得]]這 是 什麼 ?
58,M:,.. 那 個 老師 就是 一直 很 想 要 做 那種 翻轉 教室 的 感覺 .
59,F2:,.. 你們 也 有 印 那種 聖誕樹 什麼 的 嗎 ?
60,M:,.. 什麼 聖誕樹 .
61,F1:,.. 你 是 學 哪 一 種 ?
62,F2:,".. 我 那 時候 ,"
62,F2:,.. 在 引水人 值班室 .
62,F2:,".. 就是 看到 一 個 學 妹 ,"
62,F2:,.. 然後 我 看著 她 對著 電腦 皺著 眉頭 不 知道 在 幹 嘛 .
63,M:,.. 現在 是 什麼 時間 你 給 我 印 聖誕樹 .
64,F1:,.. 所以 現 在 要 印 什麼 .
65,F2:,.. .然後 --
66,M:,(0) 今天 是 受難日 啊 .
66,M:,.. 禮拜天 是 復活節 .
67,F1:,.. 喔 = .
68,M:,.. 但 應該 沒有 人 在乎 --
68,M:,.. who cares .
69,F1:,.. 我 國中 的 時候 會過 復活節 欸 .
70,M:,.. 因為 你們 是 天主教 學校 .
71,F1:,.. 就 那 時候 大家 都 要 帶 一 個 雞蛋 去 學校 這樣 .
72,M:,.. 然後 畫 嗎 ?
73,F1:,".. 對對 ,"
73,F1:,.. 對 .
74,M:,".. 可是 ,"
74,M:,.. 不是 有 一 個 套子 可以 套 起來 .
75,F2:,.. 對[可是 就是 整個 那 種] .
76,M:,[我 小 時候 一直 很 好 奇] 那 個 套子 怎麼 套 上去 的 欸 .
77,F1:,.. 不 知道 我們 就是 自己 --
78,M:,.. 妳 不 好奇 嗎 ?
79,F1:,.. 什麼 套子 .
80,M:,.. 就是 有的 雞蛋 他 會有 那 種 塑膠套 .
80,M:,.. 就是 他們 的 彩繪蛋 很 便宜 可以 買到 那 種 .
81,F2:,.. 直接 弄 上去 的 那 種 .
82,M:,.. 可是 你 不 知道 那 怎麼 套 進去 因 為 它 是 --
83,F2:,".. 好像 是 那種 長方形 的 ,"
83,F2:,.. 然後 用 熱 讓 它 縮 起來 那種 .
84,F1:,.. 我 沒 看過 欸 .
85,M:,.. 喔 你 還 研究 過 喔 .
86,F1:,.. 我們 以前 都 是 自己 帶 就是 空 的 蛋殼 .
87,M:,.. 然後 你們 要 自己 畫 .
88,F1:,.. 對 啊 .
88,F1:,"... 然後 還 要 做 什麼 裝飾 ,"
88,F1:,... 而且 那 時候 我 同學 還 忘記 帶 .
88,F1:,".. 他 就 去 福利 社 買 了 一 顆 蛋 ,"
88,F1:,.. 然後 拿 一 根 針 把 蛋黃 全部 戳 出來 .
88,F1:,.. 就是 那 個 --
88,F1:,.. 然後 再 拿 去 畫 .
88,F1:,.. 而且 他 那個 蛋 還 中午 拿去 給 廚房 然後 阿姨 就 說 --
88,F1:,.. 阿姨 要 加 菜 .
88,F1:,.. 然後 中午 就 多 了 一 個 煎蛋 吃 .
89,F2:,.. @ =
90,M:,.. QQ
91,F1:,.. 就 福利 社[也 有 賣 生 雞蛋] @ .
92,M:,[欸Py Torch --
92,M:,.. 有 要 期中 考 嗎] 你 都 有 去 嗎 ?
93,F2:,.. 我 沒有 都 有 去 .
93,F2:,".. 我 這 禮拜 有 去 ,"
93,F2:,.. 我 上 禮拜 沒去 .
94,M:,.. 喔 .
94,M:,.. 因為 學長 都 會 問 我 說 你 要 不要 去 Py Torch .
94,M:,.. 我 都 說 嗯 .
95,F2:,.. 你 為 什麼 有 認識 學長 .
96,M:,.. 那個 啊 詹 --
97,F1:,.. [[哦]]= .
98,F2:,[[哦]]= .
99,M:,.. 他 沒有 修 啊 .
99,M:,.. 可是 他 都 會 問 我 要 不要 去 .
100,F2:,.. 之 之 他 就是 想 跟 你 聊天 啊 .
101,M:,.. 對 啊 然後 我 就 會 跟 他 說 --
101,M:,.. 嗯 =然後 他 說 好拉 你 不 去 就 算了 拉 .
101,M:,.. @ @然後 我 就 嗯= 就 嗯 = 你 可以 跟 他 聊天 啊 .
102,F2:,.. 啊 他 就 沒 去 了 啊 .
103,M:,.. 他 後來 就 沒 再 出現 了 .
103,M:,.. 喔 我 好像 有 一 次 問 他 他 說 他 XX XX .
103,M:,.. 他 不是 有 修 那個 嗎 .
104,F2:,.. 哪 個 ?
105,M:,.. 無人 機 .
106,F2:,".. 喔 對 啊 ,"
106,F2:,.. 有 啊 .
106,F2:,.. 他 有 修 .
107,M:,.. 無人 機 好玩 嗎 ?
108,F2:,.. 就 飛 啊 .
109,M:,.. 你們 真的 飛 喔 ?
110,F2:,".. 我 不是 跟 你 講 我 們 實驗室 有 那 個 ,"
110,F2:,.. 架 網子 設備 .
110,F2:,.. 然後 就是 小小 的 .
111,M:,.. 那 飛 了 摔 下來 怎麼 辦 .
112,F2:,.. 所以 我們 架 網子 就是 底下 就是 那 種 有 底端 具 .
113,F1:,.. 就 摔 了 不 會 怎樣 那 種 .
114,F2:,.. 我們 現在 飛 的 是 小 飛機 .
114,F2:,.. 三千多 塊 的 那 種 小 Tello [而 已] .
115,M:,[喔 好爛 喔 .
115,M:,..] 那 個 很 難 飛 吧 .
116,F2:,.. 就 用 ROS .
117,M:,.. 喔 你們 是 寫 程式 .
118,F2:,.. 就 用 ROS .
119,M:,.. 我 飛過 那 個 .
120,F2:,.. 有 .
120,F2:,.. 他們 也 有 --
120,F2:,.. 有 做過 這個 那 種 的 .
120,F2:,".. 然後 飛 在 河堤 , "
120,F2:,".. 然後 結果 就 掉 下去 河堤 裡面 ,"
120,F2:,.. 然後 就 叫 他們 不要 去 撿 了 .
121,M:,.. 那 個 大 什麼[大] --
122,F2:,[大疆] .
123,M:,.. 那 個 一 台 超貴 的 十五 萬 .
124,F2:,.. 有 我 們 有 買 一 台 二十 萬 的 .
125,M:,.. 那 個 超 好飛 的 欸 .
126,F2:,.. 可= 是 = 因 為 那 台 不 能 做 ROS [然 後] 就 --
127,M:,[對 啊] 可是 那 個 手感 真 的 是 <L3 iao - shiu - zhang ((非常 讚) ) L3> 欸 @ .
128,F2:,".. 他們 也 不 敢 讓 我 飛 他們 也 不 敢 飛 ,"
128,F2:,.. 他們 --
128,F2:,.. 那 --
128,F2:,.. 那 一 --
128,F2:,.. 台 到 現在 還 沒有 就是 整個 打開 .
129,M:,".. 那 就是 只要 附近 是 空曠 的 ,"
129,M:,.. 基本上 你 隨便 飛 欸 .
130,F2:,.. 但 --
130,F2:,.. 像 山上 就是 雖然 空曠 [[但是 山上 有 那 個]] .
131,F1:,[[會 撞到 嗎]] ?
132,F2:,.. 沒有 他 有 訊號 干擾 .
132,F2:,".. 所以 其實 山 上 其實 ,"
132,F2:,".. 那 時候 我 們 一 開始 在 上面 辦 記者 招待會 的 時候 ,"
132,F2:,.. 他 有 想要 就是 在 那 邊 展示 就是 那個 無人機 飛 .
132,F2:,.. 好像 就是 那 種 軍隊 可以 在 空中 做 一些 什麼 排列 組合 那種 .
133,M:,.. 你 說 屏東 那 個 .
134,F2:,.. 對對 對 那種 東西 然後 在 山上 就 弄 不 起 來 .
135,M:,.. 真的 喔 那 山 上 是 有 什麼 訊號 干擾 .
136,F2:,.. 不 知道 他們 說 山上 訊號 很 強 .
136,F2:,.. 可是 訊號 干擾 就 真的 .
136,F2:,"... 就是 他 可以 就是 我們 明明 就 已 經 控制 好 無人 機 是 從 這邊 這樣 飛 過去 的 ,"
136,F2:,.. 但是 它 可以 就是 直接 這樣 偏掉 .
137,M:,.. 哦 = 那 我 覺 得 是 你們 無人 機 太 爛 @ .
138,F2:,.. 沒有 他們 好像 試過 很多 方法 就是 --
138,F2:,.. 就是 訊 --
138,F2:,.. 山上 訊號 的 問題 .
139,M:,".. 因為 他 那 個 ,"
139,M:,.. 他 那 個 有 GPS 定位 在 戶外 .
139,M:,".. 它 是 真的 會 完全 死 ,"
139,M:,.. 死 在 那 邊 不 動 .
140,F2:,.. 對 啊 它 那 個 是 連 GPS 都 失效 .
141,M:,.. 好 可怕 就是 那 個 .
141,M:,.. 我 非常 確定 那天 風 超大 我 在 那 邊 飛 --
141,M:,.. 然後 他 就 完全 不會 動 .
141,M:,.. 我 就 wow 好帥 喔 .
142,F2:,".. 而且 那 很 [吵] ,"
143,F1:,[喔] .
144,M:,[喔] @ 而且 很 涼 .
147,F1:,.. [哇 =] .
145,F1:,.. 可以 當 吹風 啊 [[電風 扇]] .
146,F2:,"[[我 那 時候 穿 裙子]] 裙子 是 整個 起來 的 那 種 ,"
148,F2:,[我 後來 是 黏] 雙面 膠 .
161,F1:,.. 就 什麼 黏 在 腿 上 裙子 黏 在 [腿 上] .
149,F1:,.. 你 那 時候 是 黏雙 .
150,F2:,.. 什麼 ?
151,F1:,.. 裙子 黏 在 腿 上 .
152,M:,.. 那 你 幹嘛 穿 裙子 .
153,F2:,.. 因為 他 說 我 那天 是 主持人 要 穿 .
154,F1:,.. 那 你 穿 安全 褲 .
155,F2:,.. 我 有 穿 安全 [[褲 了]] 但 它 還 是 整個 飛 .
156,F1:,[[穿 褲裙]] .
157,M:,.. wow .
158,F2:,.. 大飛 .
158,F2:,.. 然後 後來 他們 就 去 拿 雙面 膠 給 我 黏 .
159,F1:,.. 黏 雙面 膠 也 太 微妙 了 吧 .
160,F2:,.. @ =
162,F2:,[我 那 裙子 是 --
162,F2:,..] 我 那 裙子 是 兩層 的 .
190,F1:,.. 也 不是 就是 [貼 文] .
191,M:,[限 動] 硬 要 講 縮寫 .
163,F1:,.. 但 不 能 穿 西褲 那 種 的 嗎 ?
164,M:,.. 尷尬 .
164,M:,.. 你 說 穿 那 種 連身 長 .
165,F1:,.. 可是 那 種 裙子 不是 應該 就是 窄裙 嗎 ?
166,F2:,.. 我 有 po 在 IG 上 是 那種 裙 XX .
167,M:,.. 哇= .
168,F1:,.. 那 你 下次 就 穿 那 種 O L 的 窄裙 啊 .
169,M:,.. 我 是 八 是 沒有 追蹤 你 ?
170,F2:,.. 哇= .
171,F1:,.. 你 就 穿 窄裙 .
172,F2:,.. 有 啦 .
172,F2:,.. 有 吧 ?
173,M:,.. 沒有 吧 .
174,F2:,".. 有 拉 你 有 回 我 ,"
174,F2:,.. 那 個 上次 po 的 那 一 句 話 .
175,M:,.. 哦 = 真的 喔 .
176,F2:,.. 對 啊 .
177,M:,".. 其實 很多 人 我 都 沒有 追蹤 ,"
178,F2:,.. 哇 .
179,M:,.. 我 真的 形同 邊緣人 .
179,M:,.. 我 不會 用 啊 .
179,M:,... 我 都 不 知道 誰 是 誰 .
179,M:,.. 我 只有 追蹤 一百九十二 個 人 .
180,F1:,.. 那 也 是 滿 多 的 .
181,F2:,.. @ 那 還 比 我 多 欸 .
181,F2:,.. 哈哈 .
182,M:,.. 喔 真的 喔 .
182,M:,.. 沒有 我 就是 當初 辦 的 時候 我 可能 認識 哪些 人 然後 我 就 按 OK 按 OK 然後 就 192 了 就 never change .
183,F1:,.. 中間 不 會 一直 刪 嗎 我 都 會 一直 刪 .
184,M:,.. 不會 啊 反正 我 又 不 常 看 .
185,F2:,.. 對 啊 我 也 不會 刪 .
186,F1:,.. 我 都 會 覺得 不 想 一直 看到 不 熟 的 人 .
187,M:,.. 真的 喔 .
187,M:,.. 不會 啊 不 熟 的 人 應該 也 不 會 發 給 你 看 吧 .
188,F1:,.. 就 有人 不 熟 但是 很 愛 發 啊 .
189,M:,.. 你 說 限動 喔 ?
190,F1:,.. 就是 --
191,M:,".. 北車 ,"
191,M:,".. 限動 ,"
191,M:,.. 桃機 .
192,F1:,.. 桃機 還好 吧 ?
193,M:,.. 真的 喔 .
194,F1:,.. 我 覺得 這 還好 .
195,F2:,.. 嗯 = .
196,M:,.. 還 有 什麼 ?
196,M:,.. 不 知道 .
196,M:,.. 還 有 什麼 縮寫 ?
197,F2:,.. 政大 啊 政大 是 縮寫 啊 .
198,M:,.. 喔 台大 也 是 縮寫 啊 .
199,F1:,.. 哪個 學校 不是 ?
200,M:,.. 建中 也 是 縮寫 啊 景美 .
200,M:,.. 景美 女中 景女 .
201,F1:,.. 可是 --
202,M:,.. 沒有 人 在 講 景女 的 拉 .
203,F1:,.. 很 少 吧 因為 講 景美 大家 就 會 知道 啊 .
203,F1:,... 是 女 中 .
204,M:,.. 可是 北一女 也 是 差 一個 中 啊 @ = ?
205,F1:,.. 可是 有人 會 講 一 女 中 啊 ?
206,M:,.. 喔 那 也 只 差 一 個 北 啊 @ 啊 ?
206,M:,... 你 講 北一 大家 也 聽 得 懂 啊 .
207,F1:,.. 因為 你 講 北 一 你 可能 會 混淆 吧 ?
207,F1:,... 會 跟 [台北醫 混淆] .
208,F2:,[嗯 .
208,F2:,.. 會 跟 臺北]醫 學院 混淆 .
209,M:,.. 所以 大家 還 是 會 講 中山 女 中 .
209,M:,.. 因為 中山 太 <L3 tsai chi-a ((菜市場) ) L3> 名 了 .
209,M:,.. 有 沒有 有人 講 中大 @ @ 講 中大 會 戰 起來 .
209,M:,.. 唯一 支持 央大 .
210,F1:,.. 可是 像 什麼 成功 也 不 會 說縮 吧 .
211,M:,".. 成 高 ,"
211,M:,".. 功高 ,"
211,M:,.. 沒有 欸 .
211,M:,.. 成功 高中 .
211,M:,".. 成功 ,"
211,M:,.. 只會 講 成功 .
212,F1:,.. 就 好像 高中 都 講 前面 兩個 字 .
213,M:,.. 對 啊 .
213,M:,.. 我 們 不 會 叫 [[建國]] 啊 @ 建國 感覺 很 蠢 欸＠ .
214,F1:,[[對 啊]] .
213,M:,.. 成功 .
213,M:,"... 對欸 不 會 ,"
213,M:,".. 不 會 啊 ,"
213,M:,.. 但 會 講 新高 啊 .
215,F1:,.. 我 第一 次 聽到 這種 說法 欸 .
216,M:,.. 大家 都 叫 新高 新高 新高 啊 .
217,F2:,.. 哪個 新 ?
218,M:,.. 新店 高中 .
218,M:,.. 新高 .
219,F1:,.. 我 沒有 聽過 欸 .
220,M:,.. 喔 你 不唸 新高 啊 ?
220,M:,.. 我 高中 多 想 唸 新高 啊 .
221,F1:,".. 欸 我 同學 那 時候 也 說 想 什麼 他 要 唸 新店 高中 ,"
221,F1:,".. 然後 後來 她 考上 北 一 女 ,"
221,F1:,.. 還是 我 們 全班 第一 [名 .
221,F1:,...] 超猛 的 .
222,M:,"[就是] ,"
223,M:,".. 可是 我 高三 的 時候 一直 很 後悔 當初 ,"
223,M:,".. 就是 直接 唸 新 高 ,"
223,M:,.. 多 爽 .
223,M:,.. 雖然 沒有 比較 早 到 學校 .
224,F1:,.. 這樣 你 榜單 不 就 被 學校 放 三年 ＠ .
225,M:,".. 沒 關係 啊 ,"
225,M:,.. 搞 不 好 我 現在 就 在 台大 了 .
226,F1:,.. 那 會 被 放 出來 說 什麼 賀陳 上 台大 @ .
227,M:,.. 對 啊 .
227,M:,.. 爽 啊 .
227,M:,.. 讀 新高 多 棒 啊 .
227,M:,.. 你 看 又 可以 每天 耍廢 .
227,M:,.. 耍 一 耍 廢 然後 又 可以 班上 前 幾名 @ .
228,F1:,.. 然後 直接 用 繁星 就 可以 上 [[台大]] .
229,M:,[[對 啊]] .
229,M:,".. 我 在 建中 ,"
229,M:,.. 我 連 繁星 的 資格 都 沒有 耶 .
229,M:,".. 八十 幾 ,"
229,M:,".. 八八 還 九十二 趴 ,"
229,M:,.. 真的 是 超 墊底 .
230,F1:,"(0) 但 反正 你 還是 要 考 學測 啊 ,"
230,F1:,.. 所以 也 沒有 比較 輕鬆 到 哪裡 去 吧 .
231,M:,".. 沒有 欸 ,"
231,M:,.. 我 覺 得 真的 比較 輕鬆 .
231,M:,".. 我 同學 五十 ,"
231,M:,.. 我 有 認識 五十八 上 台大 的 .
232,F1:,.. 他 是 有 特殊 的 --
233,M:,".. 沒有 ,"
233,M:,.. 他 就是 繁星 一 趴 .
234,F1:,.. 喔 .
235,M:,".. 上 台大 社工 ,"
235,M:,.. 安康 的 .
235,M:,.. 五十八 .
235,M:,.. 我 唸 那麼 辛苦 幹嘛 .
236,F2:,.. 對 啊 .
236,F2:,.. 我 那些 念 台大 的 也 是 .
236,F2:,".. 比 我 還 要 ,"
237,M:,.. 對 啊 .
237,M:,.. 那麼 辛苦 幹嘛 .
238,F2:,.. 不一樣 啊 .
239,M:,.. 我 不用 唸書 模考 就 超過 五十八 .
240,F2:,.. 你好 失禮 喔 .
241,F1:,.. 台大 裡頭 也 很多 人 很 奮鬥 你 都 .
242,F2:,.. 對 啊 = .
243,M:,(0) 戰 起來 .
244,F2:,.. 你 要 想 你 在 政大 才 可以 認識 這麼 多 .
245,M:,(0) 誰 .
246,F2:,.. 楷 啊 .
247,F1:,".. 如果 你 在 台大 ,"
247,F1:,".. 然後 你 就 會 進 台大 的 理工科 ,"
247,F1:,.. 你 就 會 系 上 全部 都 是 宅宅 .
248,M:,".. 沒 關係 啊 ,"
248,M:,.. 反正 我 高中 也 都 是 宅宅 @ .
249,F1:,.. 感覺 起來 .
250,M:,.. 但 我 覺得 我 應該 不 會 想念 大學 資工 啦 .
250,M:,.. 感覺 會 好 累 .
250,M:,"... 我 不 想 念 普化 ,"
250,M:,".. 普生 ,"
250,M:,.. 普物 .
251,F2:,... 這 都 要 唸 嗎 ?
252,M:,"(0) 這 都 要 唸 ,"
252,M:,".. 三 類 要 選 一 個 ,"
252,M:,".. 然後 大家 都 會 選 普物 ,"
252,M:,.. 因為 普物 學分 多 .
252,M:,". .然後 普化 真是 ,"
252,M:,... 你們 都 沒有 寫過 結報 月報 對 不對 ?
252,M:,.. 化學 .
252,M:,.. [化 學] .
253,F2:,[... 有 啦] .
253,F2:,.. 我 有 聽說 過 .
254,M:,.. 化學 做 實驗 要 寫 一 份 叫做 預測 報告 的 東西 .
254,M:,".. 然後 你 要 把 你 的 實驗 動機 ,"
254,M:,".. 然後 你 要 畫上 你 所有 的 實驗 器材 ,"
254,M:,".. 然後 你 要 把 實驗 目的 ,"
254,M:,".. 實驗 過程 ,"
254,M:,.. 然後 預測 的 結果 全部 寫 上去 .
254,M:,".. 然後 老師 都 會 很 <L3 kao-iao ((哭夭) ) L3> 的 只能 要求 紙本 ,"
254,M:,".. 所以 你 寫 那 份 ,"
254,M:,.. 光是 用 抄的 都 要 抄 三 個 小 時 .
254,M:,"... 真的 ,"
254,M:,.. 要 抄 三 小 時 .
254,M:,".. 然後 大家 都 用 英文 寫 ,"
254,M:,".. 然後 老師 又 規定 不 能 少 於 五 頁 ,"
254,M:,"... 然後 做完 實驗 呢 ,"
254,M:,".. 就算 大家 都 知道 實驗 結果 的 東西 ,"
254,M:,.. 你 還 要 再 寫 一 份 結果 報吿 .
254,M:,".. 然後 結報 上面 也 一 樣 要 抄 目的 ,"
254,M:,".. 動機 ,"
254,M:,".. 然後 實驗 器材 ,"
254,M:,".. 實驗 過程 ,"
254,M:,". .然後 心得 ,"
254,M:,".. 跟 那 個 ,"
254,M:,.. 跟 那 個 最終 結果 啊 還 有 總結 .
254,M:,.. 然後 也 是 一 樣 全 英文 .
254,M:,".. 然後 要 寫 超多 ,"
254,M:,.. 一樣 要 手寫 .
254,M:,".. 你 每 個 實驗 都 要 做 ,"
254,M:,.. 真的 是 會 瘋掉 .
254,M:,... 而且 就是 那 種 很 智障 的 實驗 你 都 要 寫 .
255,F2:,"(0) 他們 好像 說 三 學 分 ,"
255,F2:,".. 但 你 就是 因為 要 進 實驗室 ,"
255,F2:,.. 然後 就要 九 學 分 .
256,M:,.. 對 啊 .
256,M:,".. 就是 你 明明 是 加 一 個 什麼 氫氧化鈉 之 類 的 東西 ,"
256,M:,.. 你 就要 寫 --
256,M:,".. 喔 因為 氫氧化鈉 加 下去 會 變 氫氧化鈉 ,"
256,M:,".. 就是 ,"
256,M:,.. 然後 我 觀察 到 什麼 什麼 這種 東西 .
256,M:,... 就是 很 智障 的 東西 然後 都 要 寫上 去 .
256,M:,... 所以 我 高中 之後 再 也 不 想 念 化學 .
257,F1:,(0) 可是 理工 的 分數 不是 都 很 硬 嗎 ?
258,M:,... 政大 多 好 過 .
259,F1:,".. 我 同學 讀 物理 ,"
259,F1:,.. 他 說 他們 都 超 硬 的 .
260,M:,.. 就 考試 過 啊 .
261,F1:,.. 而且 大刀 好像 很多 .
262,M:,.. 真的 喔 ?
263,F1:,.. 就是 --
264,M:,".. 我 覺 得 是 政大 ,"
264,M:,.. 政大 有病 .
264,M:,.. 政大 太 好 過 了 .
265,F2:,.. 對 啊 .
266,M:,".. 你 知道 政大 很多 老師 ,"
266,M:,.. 就是 期中 考 大家 考 太 爛 還會 再 考 一 次 嗎 .
267,F1:,.. 不然 就是 會 調分 啊 ?
268,M:,".. 調分 是的 大家 都 會 ,"
268,M:,.. 可是 我 已 經 遇到 幾個 不 知道 會 再 考 一 次 的 人 了 .
269,F2:,(0) 真[的 喔] ?
270,F1:,[你 有 遇過 喔] ?
270,F1:,.. 我 從來 沒 遇過 欸 .
271,F2:,".. 我 知道 台大 會 ,"
271,F2:,".. 期末 太 爛 ,"
271,F2:,.. 然後 再 考 一 次 .
271,F2:,".. 因為 丁 看到 我 成績 他 每次 都 說 ,"
271,F2:,.. 乾 我 為什麼 拿到 這些 成績 .
272,F1:,.. 可是 台大 的 分數 不是 都 是 給 那 種 百分比 評分 嗎 ?
272,F1:,".. 他們 不是 分 A ＢＣ ,"
272,F1:,.. 不是 給 幾分 幾分 .
272,F1:,".. 是 Ａ 啊 ,"
272,F1:,.. Ａ 加 這樣 .
272,F1:,".. 就是 沒有 那麼 細分 譬如 說 91 ,"
272,F1:,"..92 ,"
272,F1:,"..93 ,"
272,F1:,.. [這 樣] .
273,F2:,[嗯 全部] 都 是 Ａ 這樣 .
274,F2:,.. 嗯 .
275,M:,.. 我 們 也 沒有 很 細 好 不好 .
275,M:,".. 老師 都 大手一揮 ,"
275,M:,".. @ 啊 ,"
275,M:,.. 九十八 .
276,F1:,.. 可是 我 同學 讀 台大 都 讀 文組 啊 .
277,M:,.. 我 讀 的 會 比較 不 好 過 嗎 ?
277,M:,".. 戰＠ ,"
278,F1:,".. 就是 讀 中文 哲學 ,"
278,F1:,.. 學 歷史 那 種 .
279,M:,.. 戰 --
279,M:,.. 戰 起來 .
279,M:,.. 啊 .
279,M:,.. 商院 最好 過 .
279,M:,.. 商院 超廢 .
279,M:,... 我 大 商院 .
279,M:,".. 欸 你 知道 我 原本 還 要 買 飲料 給 你們 ,"
279,M:,".. 想 說 慶 祝 楷淇 生日 ,"
279,M:,.. 結果 她 睡 過頭 @ .
280,F1:,.. @ 我 沒有 睡 過頭= .
281,M:,.. 結果 他 還 在 那 邊 遲到 .
281,M:,"... 沒有 因為 [[早上 ,"
281,M:,.. 早上 還沒 十一 點]] 的 時候 沒有 東西 有 開 .
282,F1:,[[反正 我 也 不 能 喝 飲料]] .
281,M:,.. 除了 早餐店 奶茶 以外 .
283,F1:,.. 什麼 加速 清空 腸道 的 東西 .
284,M:,.. 沒有 啊 .
284,M:,".. 我 想 說 飲料 店 隨便 找 啊 ,"
284,M:,".. 啊 那 個 啊 ,"
284,M:,.. 迷客夏 沒 有 開 .
284,M:,.. 啊 我 就 不 想 喝 清心 .
285,F1:,.. 你 不 覺 得 新店 的 迷客夏 都 要 等 好久 .
286,M:,.. 會嗎 ?
287,F1:,".. 我 每次 去 都 很多 人 ,"
287,F1:,.. 然後 我 就 會走 了 .
288,M:,".. 喔 你 叫 Ubereats ,"
288,M:,".. 讓 他 送 啊 @ ,"
289,F1:,.. 就 那麼 近 了 .
290,M:,".. 欸 ,"
290,M:,.. Ubereats 比較 便宜 欸 .
291,F1:,.. 他 還 有 七 折 .
292,M:,.. @ 所以 你 反而 賺 欸 .
293,F1:,".. 好 吧 那 我 下次 叫 ,"
293,F1:,.. 我 要 先先 等 我 的 飲料 杯 來 .
294,M:,.. 你 買 了 喔 ?
295,F1:,".. 我 沒有 買 威克 欸 ,"
295,F1:,.. 威克 太 貴 了 .
296,M:,.. 可以 多 --
296,M:,.. 多 找 一些 人 買 啊 .
297,F1:,".. 博客來 上 九百多 欸 ,"
297,F1:,.. 超貴 的 .
298,F2:,.. ptt 合購 .
298,F2:,.. 或是 --
299,M:,.. 對 啊 .
300,F1:,".. 後來 我 還是 不 想 買 矽膠 的 ,"
300,F1:,".. 因為 ,"
301,M:,".. 不 保溫 ,"
302,F1:,.. 他 不是 會 吸 味道 .
303,M:,".. 不 保溫 ,"
304,F1:,.. 因為 我 都 喝 溫 或 熱 的 .
304,F1:,.. 我 不 喝 冰 的 .
305,M:,.. 是 .
305,M:,.. 大小姐 .
305,M:,.. 是 .
306,F1:,.. 沒有 .
307,M:,.. 是 .
308,M:,.. 是 .
308,M:,.. 嗯嗯 .
308,M:,.. 很 好 .
308,M:,.. you are so good .
308,M:,... 這 是 什麼字 啊 沉穩 .
308,M:,".. 甚麼 篤定 ,"
308,M:,.. 那 是 什麼 東西 ?
309,F1:,.. 就是 鸚鵡 兄弟 啊 .
310,M:,.. 誰 ?
311,F1:,.. 你 不 知道 鸚鵡 兄弟 ?
312,M:,.. 不 知道 欸 .
313,F1:,.. 很 可愛 欸 .
313,F1:,... 你 應該 有 看過 他 的 表情貼 吧 ?
314,M:,... 沒有 .
315,F1:,... 這個 啊 .
316,M:,(0) 嚇到 吃 手手 .
317,F1:,.. 嗯 .
317,F1:,.. 我 媽 的 手機殼 也 是 這個 .
318,M:,.. 你 媽 也 是 挺 fashion 的 .
319,F1:,.. 沒有 他 就 看到 .
319,F1:,.. 然後 叫 我 幫 他 買 一 個 .
320,M:,.. 欸Py Torch 要 怎麼 辦 啊 ?
320,M:,.. 期末 .
321,F2:,.. 你 有 架 起來 嗎 .
322,M:,.. 要 做 什麼 ?
323,F2:,.. 他 就 說 隨便 找 一 筆 資料 然後 就要 你 下去 做 .
324,M:,.. 真的 喔 ?
324,M:,.. 那 我們 做 那 個face book 那 個 @ .
325,F1:,.. SAS 那 個 嗎 ?
326,M:,.. R 的 那 個 ?
327,F1:,.. 那 可以 用 sale 感覺 更 簡單 .
328,F2:,.. 我們 實驗室 有 .
329,M:,.. 反正 我 們 就是 覺 得 再 去 kaggle 找 一 篇 抄 就 好 @ .
330,F2:,.. 對對 對= 沒沒 .
330,F2:,.. 好像 有 直接 是 Py Torch 做好 的 .
331,M:,.. 就是 很多 啊 .
332,F2:,.. 很多 .
332,F2:,.. 對 啊 .
332,F2:,.. 什麼 遊戲 預測 你 這場 會贏 會輸 .
332,F2:,.. 那 叫 什麼 ?
332,F2:,.. 星海爭霸 還 是 什麼 之 類 .
332,F2:,.. 有 一 堆 .
332,F2:,"... 還 是 那 個 遊戲 你 應該 [要 往左 走 往右 走] ,"
333,M:,[喔 預測] .
334,F2:,.. 應該 怎麼 走 才會 破關 這 樣子 .
335,M:,.. 喔 那 要 監督式 學習 對 不對 .
336,F2:,.. 對對 = .
337,M:,.. 那 很 累 欸 .