Turn,Speaker,Utterance
1,F1:, 反正 就 我 覺得
1,F1:, .. 喔 就
1,F1:, .. 現 在 小學生 程度 差
1,F1:, ... 真的 很 誇張 我 教 的 那 個
1,F1:, ... 我 教 的 那 個 小五
1,F1:, .. 跟 我 上次
1,F1:, ... 上次
1,F1:, .. 教到 的 [那 個 小五]
2,F2:, [對 對 那 個] 那 個 那 個
3,F1:, .. 一樣 喔
3,F1:, ... 我 那 個 學生 是
3,F1:, .. 他 學 那 個 何 嘉仁 已 經 那 個
3,F1:, ... 程度 太 高 了
3,F1:, .. 他 跟 不 上
3,F1:, .. 才 請 家教
3,F1:, ... 我 上次 去 那 個 瑛如 他們 那 個 是
3,F1:, ... 那 個 課 本 太 難
3,F1:, .. 他 完全 看 不 懂
3,F1:, .. 他 連 <L2 you I L2> 都 看 不 懂
3,F1:, .. 然後 我 那 個 學生 是
3,F1:, .. 課本 太 簡單 了
3,F1:, .. 瞄 兩 下
3,F1:, .. 單字 背 一 下 就 好
3,F1:, .. 那 我們 先 把 這 簡單 的 課本 放到 旁邊 去
3,F1:, .. 我們 來 看 何 嘉仁
3,F1:, .. 是 這 樣子 耶
3,F1:, .. 差好 多 喔
3,F1:, ... 然後 看 了 有點 心酸 吶
3,F1:, ... [[可 那 沒 辦法]]
4,F2:, [[可 那 沒 辦]]
4,F2:, ...
4,F2:, ... 沒 辦法
5,F1:, ... 對 呀
5,F1:, .. 因為 這 並 不 是
5,F1:, ... 老師
5,F1:, .. 有 時候 我 覺得 老師 其實
5,F1:, .. 能 做 的
6,F2:, ... 而且 [一 個 禮拜] 才 一 次 耶
7,F1:, [大概 有]
8,F2:, .. [[一 次]]
9,F1:, [[一 個 禮拜]] 一 次 真的 很 少
9,F1:, .. [[[家教 都]]] [沒 那麼 少]
10,F2:, [[[而且 一 次]]]
11,F3:, [還 好 啦] 一 次 其實
11,F3:, ... 你 有
11,F3:, .. 你 有 重點 要 教 他 什麼 [[的 話]]
12,F1:, [[教]] 技巧
12,F1:, ... [[[技巧 類 的]]]
13,F2:, [[[像 我 覺得]]] 也 有 一 個 很 重要 是 他們 要 肯 學 呀
13,F2:, .. 像 我
13,F2:, .. 上次 你 有 看 到 我 教 [那 個]
14,F1:, [喔]
13,F2:, .. 他 根本 就 無心 學
15,F1:, ... 對 啊
16,F2:, .. 我 還 教 他 音標 然後 他 不 想 學 音標 那 我 就
16,F2:, .. 試著 從
16,F2:, .. 譬如 說 SHE 不 是 有 一 個 叫 E 嗎
17,F1:, .. [@@@]
18,F2:, [你 想 知道] 它 要 怎麼 拼 嗎
18,F2:, .. 它 怎麼 拼
18,F2:, .. 那 怎麼 發音 你 想 知道 嗎
18,F2:, ... 或 H 怎麼 發音
19,F3:, .... 可能 他 不知
19,F3:, ...
19,F3:, .. 他 又 不 喜歡 她們
20,F2:, ... 就 還 有 5566 啊
20,F2:, .. 孫 他
20,F2:, .. 居然 真的
20,F2:, .. 國中生 真的 有 喜歡 5566 的 欸
21,F1:, .. 真的 有
22,F2:, ... 我 很 訝異
23,F3:, .. 可[是]
24,F1:, [還 有]
25,F1:, .. 明
26,F3:, .. 其實 不 喜歡 學習 的
26,F3:, .. 不 能
26,F3:, .. 不 喜歡 學 英文 的 人 多半 不 喜歡 學 KK 音標 你 知道 嗎
27,F1:, .. 對 啊
28,F3:, ... 它 太 抽象 了
28,F3:, .. 英文 都 很 抽象 了 你 要 他 學 一 個 更 抽象 的
29,F2:, .. 但是
30,F3:, .. 他 [當然 不行]
31,F2:, [可是 那 個 東西] 有點像 注音 符號
31,F2:, .. 如果 你 注音 符號 可以 的 話
32,F3:, .. 那 你 有 這 樣子 跟 他 說 嗎
33,F2:, .. 有
34,F3:, ... 那 如果 他 還 是 不 喜歡 學
34,F3:, .. 那 表示 對 他 而言 那 也 是 太 抽象 了
34,F3:, ... 他 還要 重新 再 學 一 套 符號 欸
35,F2:, .. 我 覺得 多半 是 懶 欸
35,F2:, .. 說真
35,F2:, ... [就 剛 開始]
36,F1:, [就 有點 放]棄 自己 啦
37,F2:, .. 對 對 對 [[有 可能]]
38,F1:, [[有 一 點]]
39,F1:, .. 多少 有 一 點
40,F3:, ... 他 懶是 本來 就是 這 樣子 了
40,F3:, .. 問題 是
40,F3:, .. 就是
40,F3:, .. 如果 你 覺得 時間 太 少 的 話
40,F3:, .. 那 目
40,F3:, .. 那 個 目[標 你 可以] 放 在 讓 他 比較 喜歡 英文 就 好 了
41,F2:, [就 沒 辦法 呀]
42,F2:, .. 喔
43,F3:, .. 不要 放 在 說 他 可以
43,F3:, .. 很 會 很 會 背 呀
43,F3:, .. 考試 考 很 好 啊 什麼 的
43,F3:, .. 我 覺得 那 個
43,F3:, .. 目標 不要 放 太 遠
43,F3:, .. [[你 也 比較 有 成就 感]]
44,F1:, [[除非 你 有 辦法]] 一 對 一
45,F1:, .. 因為 你 現 在 有點 像 一 對 多 啊
46,F2:, .. 但 其實 我 覺得 一 對 一 的 話 我 以 以前 可以 但 現 在 不行
46,F2:, .. 你 知道 為什麼 嗎
47,F1:, .. 為什麼
48,F2:, .. 因為 我 現 在 有 牙套 我 不 想要 太
48,F2:, .. 不 太 想 要 講 太 多 話
49,F1:, .. @@ [那 你 就]
50,F2:, [會 磨]
50,F2:, .. 會 磨 破 我 的 嘴皮 呀
51,F1:, ... 可是 你 對 多
51,F1:, .. 更 難 教 耶
51,F1:, .. 你 怎麼 會 覺得 這 樣子
51,F1:, .. [[比較 <X 輕鬆 X> 講 話]]
52,F2:, [[沒有
52,F2:, .. 我 說 一 對 一]] 是 指
52,F2:, .. 就是
52,F2:, .. 每 個 人 一 對 一
53,F1:, ... 喔
54,F2:, .. 就是 那 個
54,F2:, .. 小小班
54,F2:, .. 然後 拆成 每 個 一 對 一 那 這樣 XXX
54,F2:, .. 講話 講 到 那 個欸
54,F2:, ... 反正 就是 去 帶
54,F2:, .. 然後 有 時候 就 覺得
54,F2:, .. han
54,F2:, .. 不 知道 要 怎麼 帶 才 好
54,F2:, .. 你 應該 可以 了解 那 個
54,F2:, .. 感覺 吧
55,F1:, .. 了解 可是
55,F1:, .. 你 說 的 那 個 男生 他 是 真的 不 想 學 耶
56,F2:, .. 對
56,F2:, .. [你 看 得 出來 對 不 對]
57,F1:, [我 覺得 真的 有 這 種 感覺]
57,F1:, .. 對 呀
57,F1:, ... 我 [[倒 我 倒 是 覺得]]
58,F2:, [[而且 還 一直 打擾]] 別人
59,F1:, .. 我 倒 覺得 你 先 把
59,F1:, .. 時間 花 在 那 兩 個
59,F1:, .. 比較 想 學 的 女生 比較
59,F1:, ... 對 他們 也 比較 公平 啦 說 實在 的
60,F2:, .. um - um
61,F1:, .. 因為 我
61,F1:, .. 我 其實
62,F3:, .. 老師 很 容易 為 了 [一 個 X 學生 放棄 XX]
63,F1:, [對
63,F1:, .. 我 以前] 教 安親 班 也
63,F1:, .. 我 覺得 我 犯 了 跟 你 一樣 的 錯誤
63,F1:, .. 就是
63,F1:, ... 先 去 管 那 個 不 想 學 的
63,F1:, .. 其實 不 對
63,F1:, .. 你 要 先 管 想 學 的
64,F2:, .. 可是 那 [[不 想 學 的]]
65,F1:, [[然後 你 有 剩餘]] 的 時間
66,F2:, .. 可是 他 不 想 學 的 會 影響 其他
66,F2:, .. 所以 要 先
66,F2:, ... 那 個 啊
67,F1:, .. 說 實在 他 才 一 個 人
67,F1:, .. 而且
67,F1:, .. 那 才 三個人 吶
68,F2:, .. 沒有 我 是 說 他 會
68,F2:, .. 像 如果 說 你 以前
68,F2:, .. 像 你 像
68,F2:, .. 你 以前 帶 的 安親 班
68,F2:, .. 然後 如果 有 一 個 一直 吵 大家
68,F2:, .. 然後 你 一定 要 管 他
68,F2:, .. 要不然 他 就 一直
68,F2:, .. 騷擾 大家 所以 大家 都 不 想 學
68,F2:, .. 但 他 想要 引起 大家 注意 啊
68,F2:, ... 應該 都 會 有 這 種 情況 吧
69,F1:, .. 會 啊
69,F1:, .. 可是
69,F1:, .. 我 會 覺得 說 你 應該 要 先 好好 跟 他 講
69,F1:, .. 然後 可能 先 給 他 一 個
69,F1:, ... s- 小小 的 作業 什麼
70,F2:, .. 就是 讓 他 安
70,F2:, .. 總之 [讓 他 安靜]
71,F1:, [對 啊]
71,F1:, .. 總是 先 讓 他 安靜 一下
71,F1:, .. 然後 先
71,F1:, ... 把 時間 花 在 其他 人
71,F1:, .. 他 也 許
71,F1:, .. 你 講 一 講
71,F1:, .. 他 聽到 他 覺得
71,F1:, .. 好像
71,F1:, .. TSK
72,F2:, .. 很 無趣 [[是]] 不是
73,F1:, [[有]]
74,F1:, .. 蠻 有用 的
74,F1:, .. 就 你 可能 講 一些 什麼 東西 他 可能 覺得 蠻 有用 他 也
74,F1:, .. 搞 不 好 他 也 會 聽 一下
74,F1:, .. 因為 他 真的 沒有 別 的 事 可以 做 啊
75,F2:, .. um
76,F3:, ... 可以 私底下 找 他 來 啊
76,F3:, .. 跟 他 說
76,F3:, .. 你 期望 大概 那 個
76,F3:, .. 表現 是 什麼 樣子
76,F3:, .. 對 他 嚴肅 一 點
76,F3:, ... 也 有
76,F3:, .. 也 有 小孩子 是 認為 你 不是 正規 的 老師
76,F3:, .. 正好
76,F3:, .. 就是
76,F3:, .. 平常 的 老師 很 兇 他 不 敢
76,F3:, .. 現 在 [正好 來 了 一 個]
77,F2:, [喔]
78,F3:, .. 這個 [[老師]]
79,F2:, [[也 是]] 有 可能 啦
79,F2:, .. 但是 我 對 他們 其實 蠻 兇 的 欸
79,F2:, .. 她 看 得到 啊 @@
80,F1:, ... 可是 其實
80,F1:, .. 還是 看 得 出來 是
80,F1:, ... 就 [怎麼 說]
81,F2:, [可是] 真 的 不是 那 個 老師 就 對 了
82,F1:, ... 不是 真正 的 老師 啦
82,F1:, .. 以前 我
82,F1:, .. 家教 學生 跟 我 講 了 一 句
82,F1:, .. 我 覺得 講 的 非常 好 的 話
82,F1:, ... 他 說
82,F1:, ... 那 個
82,F1:, .. 菜鳥 老師 我們 都 知道
82,F1:, ... 他 意思 就是 說 學生 都 知道
82,F1:, .. 他 看 得 出來 呀
83,F3:, .. 當然 [[看 得]] 出來 啊
84,F1:, [[不管]]
85,F1:, .. 你
85,F1:, .. 你 覺得 你 再 怎麼 兇
85,F1:, .. 說 實在 對 他們 來 說
85,F1:, .. 你 還 是 菜鳥
86,F3:, .. 你 越 兇 他 覺得 你 越 菜
86,F3:, .. 因[為 沒有 自信 才 這麼 兇]
87,F1:, [對 啊
87,F1:, ... 因 為]
88,F1:, .. 因 為 從
88,F1:, .. 我 會 覺得 說 是 學校 裡面 的 老師 其實 他
88,F1:, ... 不怒
88,F1:, .. 不怒自[[威]]
89,F2:, [[而威]]
90,F3:, .. [真 的]
91,F1:, [對]
92,F3:, .. [[真的]]
93,F1:, [[真的]]
94,F2:, .. 欸 可是 我 覺得 沒辦法 像 這種 東西
94,F2:, .. 譬如 說像 這種 課輔
94,F2:, .. 義務 課輔 你
94,F2:, .. 能夠
94,F2:, .. 期望 你 自己 像 那 種 不怒而威 的 正規 老師
94,F2:, .. 不 可[能 啊]
95,F3:, [不 可]能 啊
96,F2:, .. 不 能 [[這樣 期待 啊]]
97,F3:, [[所以 你 才 要 用]] 另外 一 個 方式 啊
98,F2:, ... [譬如 說]
99,F3:, [由 另外] 一 個 路 線吶
99,F3:, ... 像 我 就是
99,F3:, ... 因為 大家 也
99,F3:, .. 也 知道 我 不是 正規 老師 啊
99,F3:, ... 然後
99,F3:, ... 他們 也 都 會um
99,F3:, ... 不 知道 該 怎麼 說 欸
99,F3:, .. 我 覺得 那 是
99,F3:, .. 另外 一 個 方法 吧
99,F3:, .. 以前 我 就 覺得
99,F3:, ... uh 因為 不是 正
99,F3:, .. 正規 的 老師
99,F3:, .. 所以 他們 其實 也 敢 在 我 課堂 上 睡覺 呀 什麼 的
99,F3:, ... 然後 後來 就 比較 像 是
99,F3:, ... 私底下 跟 他們
99,F3:, .. 就是
99,F3:, .. 好 一 點
99,F3:, .. 然後 他們 上課 就 會 很 專心 很 乖 這樣
100,F1:, ... 可是 上課 還 是 另外 一 個 樣子 啦
100,F1:, .. 我 覺得 老師 就是 這 樣子
101,F3:, .. 對 啊
102,F1:, ... [[唉]]
103,F3:, [[那]] 我 覺得 其實 學生
103,F3:, .. 多少 都 會
103,F3:, .. um
103,F3:, ... 你 要 他們 乖乖 的 是 不 可能 的 啦
103,F3:, ... 就是
104,F1:, .. 就是
104,F1:, ... 控制 在 一 個 範圍 之 內 的 話
105,F3:, .. 對 啦 就是
105,F3:, ... 像
106,F2:, .. 至少 不要 打擾 到 其他人 這樣 就 好
107,F3:, .. 其實 有 時候 你 不
107,F3:, .. 要 他們 不 打
107,F3:, .. 不 打擾 到 其他人
108,F2:, .. 也 是 蠻難 的 吧
109,F3:, .. 我 高中 都 會 了
109,F3:, .. 更 何況 什麼 國 中 國 小
109,F3:, .. 就 是
109,F3:, ... 會 想 要 跟 旁邊 的 人 講話 啊
109,F3:, .. 然後
109,F3:, ... 也 會 越 來 越 吵 啊 什麼 的
109,F3:, .. [都 有 人]
110,F2:, [但 至少] 不要 太 誇張 就 好 啦
110,F2:, ... 不要 影響 想要 聽課 的 人
111,F3:, .. 也 是 啦
112,F2:, ... 像 我們 那 個 班級 才 幾 個 而已 [[@@@=]]
113,F3:, [[@@@=]]
114,F1:, [[對 啊
114,F1:, .. 才 三]] 個欸
121,F2:, .. 一[[個 地區]] 的 社區 中心
122,F1:, [[社區]]
115,F2:, .. @@@=
116,F1:, ... 硬 要 算 的 話 就 加 那 個 小學生 而已 啊
117,F2:, ... 但是 反正 我 覺得 去 那 裡 的 程度 多半 都
117,F2:, .. 就是
117,F2:, .. TSK
117,F2:, ... 還 蠻
118,F1:, ... 我 覺得 那 兩個 女生 應該 還 OK 耶
118,F1:, ... 感覺 上
119,F2:, .. 就 感覺 上 蠻乖 的 然後 也 蠻 [有心 學習 但]
120,F3:, [他們 為什麼 會 想] 加入 課輔
121,F2:, ... 就 它 是 一 個
121,F2:, ... 家扶 中
121,F2:, .. 就是
123,F1:, .. 對 @
124,F2:, .. 就是
124,F2:, .. 社區 的 家扶
124,F2:, .. 安康 家扶中心
124,F2:, ... 然後 是 要 讓 那些 就是
124,F2:, .. 譬如 沒有 錢 補習 或者 是 會
124,F2:, .. 像 那些 在 外面 遊蕩 的 國小 的 啊 或 國中
124,F2:, .. 就是 讓 他們 有 個 地方 可以 溫書 啊
124,F2:, .. 然後 有 課輔 老師 啊 什麼 的
124,F2:, .. 陪 他們 這樣子
125,F3:, .. 喔
126,F2:, .. 大概 就 這 樣子 啦
127,F1:, ... 可是 其實 那 兩個 女生 她 是
127,F1:, .. 她們 是 真的 有 在 問 說 要 怎麼 唸 吶
128,F2:, .. 而且 真的 看 得 出來 他們 真的 有 心 欸
128,F2:, .. [就 還] 蠻
129,F1:, [對 啊]
128,F2:, .. 比較 乖 的
129,F1:, .. 對 啊
130,F2:, .. 至於 那 個 [[男生]]
131,F3:, [[所以]] 你
131,F3:, .. 你 有 在 上課 就 是 了
132,F2:, .. 沒有 就 是 他們 在 溫書
132,F2:, .. [有 問題 再 問 我]
133,F3:, [然後 有 問題]
134,F3:, .. [[喔]]
135,F2:, [[對]]
136,F3:, .. 那 我 覺得 你 還
136,F3:, .. 我 覺得
136,F3:, ... 如果 這樣
136,F3:, .. 他 願意 聽 你 的 話 的話 你 可以
136,F3:, .. 就是 叫 他 說 你 今天 之 內
136,F3:, .. 就是
136,F3:, .. 你們 應該 一 個 小時 嘛
137,F2:, ... [um 一 個] 半
138,F3:, [還 是 多 久]
139,F3:, .. 你 說 一 個 半 小 時 之 內
139,F3:, .. 你 可能
139,F3:, .. 可能 一 小 時 你 要 他 做 一 件 什麼 事情
139,F3:, .. 類似 說 你 要 背十 個 單字
139,F3:, ... 然後
139,F3:, .. 快 結束 前 你 就 要 考 他
139,F3:, .. 類似 像 這樣 的
139,F3:, .. 讓 他 有 事情 做 啦
139,F3:, .. 不要
139,F3:, ... 就是 你 讓 他 每次 來 他 都 有 學到 一 點 東西
140,F2:, .. 但是 那 個 男 的 都 不 聽 話 欸
141,F1:, .. 先 不要 管 他
142,F2:, .. 可是 那 兩 個 國中生
142,F2:, .. 那 兩 個 女 的
142,F2:, .. 就是 女 學生
142,F2:, .. 她們 就 來
142,F2:, .. 然後 都 會 帶 她們 的 考卷
142,F2:, .. 或 [[複習]] 的 考卷
143,F1:, [[XX 複測]]
144,F1:, .. 對 啊
145,F2:, .. 然後 在
145,F2:, .. 就是 數學 啊 理化 啊 還 有 英文
145,F2:, .. 就 所以 也 沒 辦法 說 啊
145,F2:, .. 你 這次 就 背 幾個 單字 什麼 的
145,F2:, .. 多半 [就是 XX]
146,F3:, [我 不是 說] 那 女的
146,F3:, .. 我 不是 說 那 兩個 女生
146,F3:, .. 我 說 那 個男 的
147,F2:, .. 喔
147,F2:, .. 如果 他 肯 聽 我 的 話 的 話 這樣
147,F2:, .. [[這樣 就]] 好 喔
148,F3:, [[對 啊]]
148,F3:, .. 就 不要 讓 他 來 在 那 邊 鬧 也 沒事 做
148,F3:, .. 然後 浪費 那 一 個 半 小 時
149,F2:, .. um
150,F3:, .. 他 自己 也 覺得 很 無聊 吧
151,F1:, ... 可是 他 有 這麼 容易 收服 嗎
152,F2:, .. 就 用 看看 吶
152,F2:, .. 我 覺得 [他]
153,F1:, [對] 那 一 種 [[類型]]
154,F2:, [[像 我]] 覺得 那 男生 其實 需要 大哥哥
154,F2:, .. 不是 大姊姊 耶
155,F1:, .. 那 男生 就是
156,F2:, .. 需要 一 個 大哥
157,F1:, .. 要 我 用 具體 形容 的 話
157,F1:, .. 他 大概 就是 那 一 種
157,F1:, ... 長相 是 <L3 俗仔 ((沒膽 的 人)) L3> 的 長相
158,F2:, .. @@
159,F1:, .. 可是 他 喜歡 耍 老大
160,F2:, .. 但是 其[實 沒 那]個 種
161,F1:, [這 種人]
162,F1:, .. 對 [[沒 那 個 種]]
163,F3:, [[@@@=]]
164,F1:, .. 這 種 人 最 困難
165,F3:, ... 是 喔
166,F1:, .. 你 不 能 用 大哥 的 方式 對 他
166,F1:, .. 你 也 不 能 用 小弟 的 方式 對 他
166,F1:, .. 最後 你 也 不 知道 要 怎麼 對 他
167,F3:, .. @@[@=]
168,F2:, [@@@]
169,F1:, [@@]
184,F1:, ... 好 啦 如果 我 之後 有 空 [再 去]
170,F1:, ... 對 啊
171,F3:, .. 蠻 難 想像 的
172,F2:, .. 你 可以 一起 來 啊
172,F2:, ... 禮拜五 下午
172,F2:, .. 啊 [[你 不行]]
173,F3:, [[上班]]
174,F1:, .. 上班
175,F2:, ... ei 那 你 這 禮拜 可以 嗎
175,F2:, .. 就 明天
176,F1:, .. 我
176,F1:, ... 助教 叫 我 要 去
176,F1:, ... 明天 要 推甄 吶 他 叫 我 要 去
177,F2:, .. 喔
178,F1:, .. 我 今天 去 寫 企
178,F1:, .. 計劃書 的 時候 被 他 抓到
179,F2:, .. 去 幫忙 嗎 還 是
180,F1:, .. 對 啊
180,F1:, .. 他 可能 找 不 到 人
180,F1:, ... 而且 我 已經 欠 太 多 時數
180,F1:, ... 我 不 能 說 不
181,F2:, .. 其實 我 還 蠻 希望 你 可以 一起 來 的 說
181,F2:, .. 假如 說 四 個
181,F2:, .. 然後 我 沒 辦法 欸
181,F2:, .. 就 是
181,F2:, .. 這個 顧 到 那 個 顧 到 那 個 顧 到
182,F1:, .. 那 個 小 學生 還 會 去 嗎
183,F2:, .. 會 啊
183,F2:, .. 他們 每 個 禮拜 都 來 啊
184,F1:, .. 是 喔
185,F3:, [你] 知道 他們 的 背景 嗎
189,F1:, ... [然後 他 就 在 那邊 哭 耶]
186,F2:, .. 其實 就
186,F2:, .. 還 不 太
186,F2:, .. 清楚
187,F1:, .. 那 小學生 的 媽媽 會 來
187,F1:, ... 然後 上次 那 個 小學生 他們
187,F1:, .. 彼此 之 間 吵架 的 時候
187,F1:, .. 有 一 個 小學生 就 [[說]]
188,F2:, [[就 爆]] 出 一 個 大 料
189,F1:, .. 對
189,F1:, .. 就 說 我
189,F1:, .. 我 知道 你 媽 是 誰
189,F1:, .. 你 媽 都 會 喝醉 酒 坐 在 那 個 榕樹 下
190,F2:, [然後 那 個 小學生 哭 了]
200,F2:, .. 沒有 就是 [可能 XX] 他們 不要
191,F2:, .. 覺得 很 難[[堪]]
192,F1:, [[非]]常 傷心 的 哭 了
193,F3:, .. 好 可憐 喔
194,F1:, .. 而且 是 默默 地 哭 喔
195,F2:, .. 對
196,F1:, .. 因為 他 不 想 要 讓 別人 知道
196,F1:, .. 他
196,F1:, .. 他 還
196,F1:, ... 那 種 是 到 什麼 程度 是 他 眼淚 都 滴 下來 他 都 沒有 擦
196,F1:, .. 因為 他 不 想 讓 別人 看到
197,F3:, .. 好 心酸 喔
198,F1:, .. 對 啊 然後
199,F3:, .. 那 我 覺得 那 如果 是 這樣 的 課輔班 的 話
199,F3:, .. 它 的 重點 並 不是
199,F3:, ... 教學 的 吧
199,F3:, .. 應該 就是
201,F3:, [可能 不 要]
204,F1:, .. [@@]
202,F3:, .. 對 啊
202,F3:, .. 然後
203,F2:, .. 差 太 多 啊
203,F2:, .. 什麼 的
204,F1:, .. 可是
204,F1:, .. 其實 他 媽 滿 好
204,F1:, .. 因為 後來 他 媽 有 來
204,F1:, .. 因為 我 那 時候 就 我 在 那邊 教 他 什麼 的
204,F1:, .. 然後 就 他 就 講 講 講
204,F1:, .. 他 就 說
204,F1:, .. 喔 我 媽媽 都 會 在 對面 的 火鍋店 吃 火鍋
204,F1:, .. 我 說 喔 真的 啊
204,F1:, .. 然後 結果 後來 他 媽媽 來 啊
204,F1:, .. 然後 就 看到 他 就 還 在 學 那 個
204,F1:, ... 那 個
204,F1:, .. 二 進位
204,F1:, .. 兩位 數 的 乘法
204,F1:, .. 他 媽媽 就 說
204,F1:, .. 那 我 去 對面 等 你
204,F1:, .. 他 說好
204,F1:, .. 他 就 說 對面 是 火鍋 店
204,F1:, .. 我 就 說
204,F1:, .. 喔
204,F1:, .. 原來
205,F3:, [@@]@@
212,F2:, ... 可是 我 覺得 [我 想 說]
206,F1:, .. um
206,F1:, ... 對 啊 我 覺得 其實
206,F1:, .. 說 實在 的
206,F1:, .. 我 已經 跟 你 講過
206,F1:, .. 我 覺得 那 男生 是 我 最 不 喜歡 教 的 類型
207,F2:, .. 你 講 過 啊
208,F1:, .. 就 他 又 不 想 學 他 又 很 愛 鬧
209,F2:, ... 可是 我 覺得 我 有一次 就 問 他 說 你 幹嘛 來
209,F2:, .. 就 還 蠻 直接 的 那 你 幹嘛 來
209,F2:, .. 我 覺得 他 還 蠻 乖
209,F2:, .. 他 就 說 他 媽 叫 他 來
209,F2:, .. 他 就 來 啊
209,F2:, ... [[至少 是 一 點]]
210,F3:, [[也 可能]]
211,F3:, .. 那 你 有沒有 問過
211,F3:, .. 我 覺得 你 可以 跟 他 聊聊 他 家裏 的 事情
213,F3:, [你 會 比較] 了解 他 啊
215,F1:, .. 對 [沒錯]
214,F2:, .. 我 會
214,F2:, .. 有 啊 我 就 一直
214,F2:, .. 跟 那 個 男 的 啊 有沒有
214,F2:, .. 我 就 一直 就是
214,F2:, .. 譬如 關心 他 或 跟 他 聊天 什麼 的
214,F2:, .. 但是
214,F2:, .. 另外 一 個 志工 人員 叫 我 不要 忽略 那 兩 個 女 的 啊
216,F2:, [他 就]
219,F2:, .. [她 沒有 來 的 話]
217,F1:, .. 他們 講 的 對
218,F3:, .. 不是 啊
218,F3:, .. 你 每 個 禮拜 都 去 你 總是 可以 放 不同 的 重[[點 吧]]
219,F2:, [[對 啊]] 對 啊 對 啊 但是 就是
219,F2:, .. 時間 會 不 太 夠 用 啊
219,F2:, .. 如果 這個 也 要 問 你 那 個
219,F2:, .. 然後 又 要 關心
219,F2:, .. 然後 又 要
219,F2:, .. 了解 他們 的 家庭 狀況
219,F2:, .. 的確 是 不 夠 用
219,F2:, .. 因為
220,F3:, [慢慢 來 啊]
236,F3:, .. 我 還蠻 喜歡 [關心 學生] 的
221,F2:, 我 還 要 cover 那 個 [[國小 女生]]
222,F3:, [[慢慢 來 啊]]
223,F1:, .. 對 啊
224,F3:, .. 本來 就是 慢慢 來 啊
225,F1:, ... 你 那 是
226,F2:, .. huh
227,F1:, ... 都 四點 過去 嘛
228,F2:, .. 對
229,F1:, .. 可是 我 明天 可能 要 做 到 五 點
230,F2:, .. 真的 喔
230,F2:, .. 你 不 能 提早 走嗎
231,F1:, ... 助教 是 叫 我 要
231,F1:, .. 收 椅
231,F1:, .. 收 桌椅 啊
231,F1:, .. 我 是 最後
232,F2:, .. 那 可能 你 明天
232,F2:, .. 會 不 會 來 不 了 啊
233,F1:, .. um
233,F1:, .. 可能 會
234,F3:, ... 好好 喔
235,F1:, ... 要不然 其實 我 還蠻 愛 教 的 欸
235,F1:, .. 我 覺得
237,F1:, [蠻 開心 的]
242,F2:, .. 男 [的 女 的]
238,F3:, .. [[@@]]
239,F2:, [[真的 喔]]
240,F1:, .. 很 開心 hon
241,F3:, .. 之前 有 一 次 喔
241,F3:, .. 我 就 看到 我們
241,F3:, .. 就是
241,F3:, .. 就是 我 坐 車 下 山 嘛
241,F3:, .. 坐 我
241,F3:, ... 同事 的 車
241,F3:, .. 她 開 車 載 我
241,F3:, .. 然後
241,F3:, ... 剛 下 山 就 看到 我們 班 上
241,F3:, .. 因為 我 有 導師班 嘛
241,F3:, .. 看到
241,F3:, ... 兩個 學生 手牽手
243,F3:, [走 上] 山
245,F2:, .. [男 的 女 的]
244,F3:, .. huh
246,F3:, [當然 是] 一 男 一 女 啊
247,F2:, .. [你 是 已經]
246,F3:, ... 我
246,F3:, .. 我們 學校 不 會 反對 這
246,F3:, .. 因為 我們 算 比較 自由 學風 的 然後
246,F3:, ... 其實 我 滿 高興 的
246,F3:, .. 因為 他們 倆 個 我 都 滿 喜歡 的
246,F3:, .. 我 覺得 他們 兩 個 很 配
246,F3:, .. 他們 就是
246,F3:, .. 因為 我 都 待 學務處 嘛
246,F3:, .. 然後
246,F3:, ... 他們 就是
246,F3:, .. 一 個 是
246,F3:, .. 校級 幹部
246,F3:, .. 就是 說
246,F3:, .. uh 早上 的 時候 他
246,F3:, .. 有點 像 糾察隊 這樣
246,F3:, .. 我們 學校 叫做 校級 幹部
246,F3:, .. 就是 他 會 在 門口 登記 誰 遲到 這樣
246,F3:, .. 然後
246,F3:, .. 另外 一 個 是 那 個 是 那 個
246,F3:, ... 音控
246,F3:, .. 就 有點 像 在 播 國歌 的 那 一 種
246,F3:, ... 所以 他們 都 常常 來 學務處
246,F3:, .. 然後 我
246,F3:, .. 我 也 我 知道 他們 是
246,F3:, .. 他們 是 我 班上 的 然後
246,F3:, .. 剛好 在
246,F3:, .. 我 看到 他們 兩 個 牽手 的 前 兩 天
246,F3:, .. 兩 天 就 剛好
246,F3:, .. 就 不 知道 為什麼 就 ei
246,F3:, .. 我 說 你們 兩 個 為什麼 都
246,F3:, .. 一起 出現 吶
248,F3:, [該 不 會] 在 一起 吧
251,F3:, .. 其實 也 還 好 啦 [就是]
248,F3:, .. 我 是 開 玩[[笑 的]]
249,F1:, [[@@@]]
250,F2:, [[喔]]
258,F2:, .. <L3 bak 5 [[kuh3 L3> 喔]]
251,F3:, .. 而且 我 還 開 了
251,F3:, .. 連 開 了 兩 天 玩笑
251,F3:, .. 他們 就 說 沒有 啦 這樣
251,F3:, .. 然後
251,F3:, .. 看 他們 兩 個 牽手 就
251,F3:, .. 啊 好 震驚 喔
251,F3:, .. 然後
251,F3:, ... 就是
251,F3:, .. 他們
252,F1:, [你 不是 說] 看到 還說
256,F2:, .. [對對對]
252,F1:, .. 退後
253,F3:, .. huh
254,F2:, .. huh
255,F3:, .. 喔 對 啊 就 開車 下山 吶
255,F3:, .. 然後 他們 兩 個 走路
255,F3:, .. 所以 我們 一定 是 這樣 下去
257,F3:, [我 就 說] 等 一下
261,F2:, .. 你 看[到 他們] 手牽手 喔
257,F3:, .. 我 就 叫 他們
257,F3:, .. 然後 那 車 就
257,F3:, .. 然後 我 同事 很 好笑 喔
257,F3:, .. 她 就 把 車 倒車 這 樣
259,F1:, [[@@]]
263,F3:, .. 我 叫 他們 [[過來 問 @@]]
260,F3:, .. 因為
260,F3:, .. 因為 我們 是 走 斜坡 下去
260,F3:, .. @@@ 倒車 上去 叫 他們
261,F2:, .. 所以 他們 有 看到
261,F2:, .. 他們 有 看到
262,F3:, [有 啊]
268,F2:, .. [時間]
263,F3:, .. 有 啊 我 有 叫 他們 啊
263,F3:, .. 然後
263,F3:, .. 後來 隔天 啊
263,F3:, .. 他們 就 有
263,F3:, .. 分別 剛好 都 有
263,F3:, .. 因為 他們 都 會 常 出現 嘛
263,F3:, .. 就 有 來 學務處 啊
263,F3:, .. 我 就 叫 他們 一 個 一 個
264,F2:, [[老實 招來 @]]
271,F1:, ... 就是 [[他 還 要 當]] 導師
265,F3:, .. 然後
265,F3:, ... 其實 他們 也 沒有 說 什麼 啦
265,F3:, .. 那 我 就 覺得 還 蠻 有趣 的 我 就 說
265,F3:, .. 反正 就是 有 什 麼 事 就 可以 來 跟 我 說 這樣
265,F3:, .. 因為 我
265,F3:, .. 我 就 想 說 反正
265,F3:, .. 那 兩 個 人 在 一起 其實 也 沒有 什麼 嘛
266,F2:, .. um
267,F3:, .. 所以 有 什麼 問題
267,F3:, .. 要 會 找 老師 就 好 了
267,F3:, .. 不然
267,F3:, .. 其實 他們 不 會 怎麼 樣
267,F3:, .. 那 後來 我 就 跟 我們 那 個
267,F3:, ... 因為 我 有 導師 s-
267,F3:, .. 導師
269,F1:, [X X]
277,F3:, .. 他 的 態度 會 是 [怎]樣
270,F3:, .. 不是
270,F3:, .. 導師 輔導
270,F3:, .. 那 叫 什麼
270,F3:, ... 導師 實習 的 輔導 老師
272,F3:, [[意思 就是 說]]
279,F3:, .. 都 [[高中 了]]
273,F3:, .. 意思 我 有 一 個
273,F3:, .. 意思 是 說 我 有 一 個 導師 實習 的 輔導 老師
273,F3:, .. 一 個 教學 實習 的 輔導 老師
274,F2:, .. uh
275,F3:, .. 就 有 兩個 老師
275,F3:, .. 然後 那 個 導師 實習 的
275,F3:, .. 那 個 老師
275,F3:, ... 他 就
275,F3:, .. 我 那天 看到 他 就 突然 想到 這 件 事
275,F3:, .. 我 就 問 他 說
275,F3:, .. 就是 他 對 那 個 學生
276,F2:, .. 看法
277,F3:, .. 交往 的 那 個
277,F3:, .. 對
277,F3:, .. 他 的
278,F2:, [hm]
281,F3:, .. 其實 也 不 能 [怎樣]
279,F3:, .. 他 說 嗯
279,F3:, .. 就是
279,F3:, .. 不 鼓勵 啊
279,F3:, .. 但是 我 也 不 會 反對 他 說
279,F3:, .. 他們 都 要 在 一起 也 不 能
280,F2:, [[怎樣]]
287,F1:, .. [[附中 國高中 都 有]]
281,F3:, .. 對 啊
282,F1:, [喔] 你 說 高中 的 喔
285,F2:, .. ei [不是 附中 嗎]
283,F3:, .. 我 不是
284,F1:, .. 喔 我 以為 你 上次 說 國中 的 嘞
286,F3:, [沒有 我 說 高中]
290,F3:, .. 那 [那 兩 個 人] 的 事情 啊
288,F3:, [[高中 國中都 有]]
305,F3:, [有 XX] [[XX]]
289,F2:, .. 喔
290,F3:, .. 然後
290,F3:, ... 他
290,F3:, ... 然後 我 就 跟 他 說
291,F2:, [好 臭 喔]
294,F2:, .. 怎麼 [說]
292,F1:, .. @@
293,F3:, .. 他 就 跟 我 說
293,F3:, .. 他 說 那 個 男生 還 好 啊
293,F3:, .. 他 覺得 比較 有 問
293,F3:, .. 會 有 問題 的 是 那 個 女生
295,F3:, [我 說] 怎麼 會
301,F3:, .. [她 好像]
295,F3:, .. 他們 兩 個 都 很 乖 啊 我 就 說 他們
295,F3:, ... X
295,F3:, .. 他
295,F3:, .. 我 就 說 那 女生 我 覺得 她 還 蠻
295,F3:, .. 蠻 開朗 的 啊
295,F3:, .. 他 就 說
295,F3:, ... 他 說 她 會 拿 刀 割 自己 的 手
296,F2:, .. huh
297,F3:, .. 但是 她 不 會 留下 疤痕
297,F3:, .. 因為 她 不 想 要 留疤
297,F3:, .. 所以 她 就是
297,F3:, .. 可能 不 會 割 很 深
297,F3:, .. 但 她 會 拿 刀 割
298,F2:, .. 是 怎樣
298,F2:, .. 割 來 玩 的 嗎
299,F3:, ... huh
300,F2:, .. 她 為什麼 要 割
300,F2:, .. 是
301,F3:, .. 他 說
302,F2:, [割 著 玩 嗎]
304,F2:, .. [發揮 某 種]
303,F3:, .. 家裏 的 壓力 很 大
303,F3:, .. 因為 她 媽媽 管 她 管 得 很 嚴
303,F3:, .. 然後 他 說
303,F3:, .. 她 在 週記 上都 會 寫 說 就是
303,F3:, ... uh 就 說 她 媽媽 都 會說
303,F3:, .. 為什麼 妳 都
303,F3:, .. 為什麼
303,F3:, .. 她 說 妳 應該 考上 第一 志願 的 啊 為什麼 妳沒有 上 北一女
303,F3:, .. 類似 像 這 樣子
304,F2:, .. ei 其實 我 覺得 週記 還 真的 有
308,F2:, .. 以前 在 寫 的 時候 [XXX]
306,F1:, [[對 啊]]
312,F3:, .. [[我們 知道]] 一般 的 小孩子 都 不 會 有 差
307,F1:, .. 真的 有 喔
309,F1:, [我 還 以為] 是 亂
311,F1:, .. [寫 的 耶]
310,F2:, .. 對 啊
312,F3:, [沒有]
314,F1:, .. 就 [很] 無聊
312,F3:, .. 就是 你 就是 寫一寫 流水帳
313,F2:, [[你 每次 都 要 那 個]]
316,F3:, .. [[寫一寫
316,F3:, .. 無聊 XX]]
315,F3:, [就是]
318,F2:, .. [啦 啦 啦 啦 啦 幹嘛] 啊
316,F3:, .. 你 自己
317,F2:, [[就 還 要 亂掰 有沒有]]
339,F2:, .. 會 不 會 只是 [口頭][[禪 吶]]
318,F2:, .. 反正 就 週記 什麼 的
319,F1:, [對 啊 @@ 掰]
321,F2:, [我 以前 都 覺得 週記 很 那 個] 耶
320,F3:, .. 但 真的 有 學生 會 寫
320,F3:, .. 寫 那 個
320,F3:, .. 就是 他
320,F3:, .. 他 會 想 要 讓 老師 知道
320,F3:, .. 但 他 可能 不 不
320,F3:, .. 不 見 得 會
320,F3:, .. 就是
320,F3:, .. 有 那 個 機會 或 是 有
320,F3:, .. 有 那 個 勇氣 去
320,F3:, .. 當面 跟 你 說 的 時候
320,F3:, .. 他 其實 寫 那 個 我 覺得 也 不 錯 啦
321,F2:, .. 就是 很
322,F3:, [因為 我 XX 沒有 看到 那 一 本]
324,F2:, .. [很 八股
324,F2:, .. 然後 很]
323,F1:, .. 亂寫 的
325,F1:, [不是 還 要 立 一 個 題目]
331,F2:, .. 沒 [什麼 事 可以 寫 了] 是 不是
326,F3:, .. 喔
327,F2:, .. 對 啊
328,F3:, .. 我 改 的 週記 都 是 那 種
328,F3:, .. 我 今天 改到 一 個 週記 就是
328,F3:, ... ei 我
328,F3:, .. uh
328,F3:, .. 他 跟 我 解釋 為什麼 他 從
328,F3:, ... 5 點 40 分 起床
328,F3:, .. 改成
328,F3:, .. uh
328,F3:, .. 對
328,F3:, .. 改成 5 點 30 分 起床
328,F3:, .. 就 寫 了 這樣 這麼 大 一 段
328,F3:, .. 就 寫 說 嗯
328,F3:, .. 因為 他 嘴巴 破掉 了 所以 本來 5 點 40 分
328,F3:, .. 起床
328,F3:, .. 然後
329,F2:, .. @@
330,F3:, .. 因為 他 那 個
330,F3:, .. 嘴巴 破掉 吃 早餐 比較 慢
330,F3:, .. 所以 他 要 5 點 30 分 起床 這樣
331,F2:, .. 他 是 真的 沒什 麼事
332,F1:, [@@@=]
334,F2:, .. 他 的 [言
334,F2:, .. 用字 當 中]
333,F3:, .. 可是 我 覺得 他 心情 就 很 煩悶 的 感覺
334,F2:, .. 就 從 他 的 言談 當
334,F2:, .. 嗯
335,F3:, [對 他 就 寫 說] uh
335,F3:, .. 就是
335,F3:, .. 嗯 我 動作 很 慢 都 要 到 最後 一刻 才 要 開始 趕
335,F3:, .. 然後 要不然 就 寫 說 嗯
335,F3:, ... 寫 說 他 最近
335,F3:, .. 就是 都 一直 那 個
335,F3:, .. 寫 報告 寫 到 很 晚
335,F3:, .. 要 寫 什麼 歷史 作業 啊 地理 作業 啊
335,F3:, .. 然後 寫 說
335,F3:, .. 嗯 就是
335,F3:, .. 之後 還
335,F3:, .. 可能 還會 有 更 多 事情 吧
335,F3:, .. 麻煩 死 了
335,F3:, .. 他 那 個 死 了 啊
335,F3:, .. 在 他 那 一 篇 文章 裡面 [[就 出現 了]] 兩次
336,F2:, [[很多 次]]
337,F2:, .. 喔
338,F3:, .. 然後 就 覺得
338,F3:, .. 而且 都 在 結尾
340,F3:, [兩 段] [[的 結尾]]
342,F2:, .. [[麻煩 死 了
342,F2:, .. 這樣]]
341,F1:, [@@@]
342,F2:, ... 討厭 死 了
342,F2:, .. 喔
343,F3:, [[可是 我
343,F3:, .. 可是 他]] 是 男生 ne
343,F3:, .. 而且
343,F3:, .. 就是
344,F2:, .. ei 對 喔
344,F2:, .. 死 了 感覺 好像 女生 的 耶
345,F1:, .. [對 啊]
346,F3:, [對 啊]
347,F2:, [對 啊]
352,F3:, .. [真的 有] 一 點 怪怪 的
348,F3:, .. 哎 啊 討厭 死 了
348,F3:, .. 這 樣子 [[XX XX]] 是 男生 而且 他
349,F2:, [[@@@]]
348,F3:, ... 他 就是
348,F3:, .. 憨憨厚厚 的 感覺
348,F3:, .. 不 會 給 人家 覺得 他 會 這樣
348,F3:, .. 然後 他 又 講到 說 就是
348,F3:, .. 他 最近 都
348,F3:, .. uh
348,F3:, .. 常常 睡覺 睡到 一半 然後 醒 過來 這 樣子
350,F1:, [[@@@]]
354,F3:, .. 看 他 本人 的 時候 跟 他 講 話 我 覺得 還 [[不 錯 啊]]
351,F1:, .. 他 是 不是 有 憂鬱症
352,F3:, .. 沒有 我 就 覺得
353,F2:, [怎麼 XX 囉]
356,F3:, .. [不是 那 種] 真的 很 少 的 感覺
354,F3:, .. 然後
354,F3:, .. 可是 我
354,F3:, .. 我 見
355,F2:, [[也 還 好]]
358,F3:, ... 我 也 不 知[[道 欸]]
356,F3:, .. 也 還 好 他
356,F3:, .. 他 話 沒有 很多 可是
357,F2:, [就 正常]
362,F2:, .. 煩到 不 知道 要 寫 什麼 只好 寫 這 個[@@]
358,F3:, .. 對
358,F3:, .. 那 後來 那 男生 有些 比較 悶 嘛
358,F3:, .. 然後 他 又
358,F3:, .. 他 又 不是 那 種 感覺
359,F2:, [[哇沒 想到]] 週記
364,F1:, .. 因為 不 知道 要 寫 什麼 [[而 煩]]
359,F2:, .. 真的 會 發揮 某 種 [[[功能]]]
360,F1:, [[[對 啊]]]
361,F3:, .. 我 就 在 想 他 到底 是 真的 沒有 什麼 事寫 才 要 寫 那些
361,F3:, .. 還 是 他 真的 很 煩
362,F2:, ... 會 不 會 兩個 都 有 啊
362,F2:, .. 沒什
362,F2:, .. 就 很 煩 然後
363,F1:, [@@]
370,F2:, .. [所以 第二]
365,F3:, [[@@@=]]
372,F2:, .. @ [[@ 這樣 講]] 真的 不 一樣
366,F2:, .. @@@
367,F3:, ... 不 知道 欸
368,F2:, ... (3. 5) ei 附中 現在 第幾 志願 啊
369,F3:, .. um 第三
371,F3:, [然後 我們 校長] 就 會說 什麼 前 三 志願
376,F1:, .. [非常 的 奇怪]
373,F1:, [[XX 現 在]]
374,F1:, .. 上次 我們 老師 說
374,F1:, .. 我們 老師 學 那 個
374,F1:, .. 統計 的
374,F1:, ... 他 說 其實
374,F1:, ... 他 說 現在 就是
374,F1:, ... 他 說 現在 的 那 個 學
374,F1:, ... 那 個
374,F1:, .. 聯考 喔
374,F1:, ... 就是 那 叫 什麼
374,F1:, ... 基測 喔
375,F2:, .. um
377,F2:, [基本 學力 測驗]
390,F2:, .. [喔]
378,F1:, .. 就是 當初
378,F1:, ... 為什麼 要 有 基測
378,F1:, ... 要 基測 是 因為 要 那 個
379,F2:, .. 廢除 聯考
380,F3:, .. 門檻 嗎
381,F1:, .. uh
381,F1:, ... 要 那 個
381,F1:, ... 高中 社區化
382,F3:, .. 喔 對 啊
383,F1:, .. 就 等於 說
383,F1:, ... 它 要 讓
383,F1:, ... 它 那 個 基測 的
384,F2:, .. 打破 明星 學校 是 不是
385,F1:, .. 對
385,F1:, .. 就是
385,F1:, .. 有點 像 是 說
385,F1:, ... 你 今天 這個 考試 只是 證明
385,F1:, ... 你
385,F1:, .. 國中 三年 的 基礎 都 有 打 好
385,F1:, ... 可是 它 其實 沒有 辦法
386,F3:, ... 沒有 鑑別度
387,F1:, .. 對
387,F1:, .. 它 沒有 辦法 區分 出 誰
387,F1:, .. 才 是 最 優秀 的
387,F1:, ... 所以 有人 說 大家 考 細心 嘛
387,F1:, .. 所以 就是
387,F1:, .. 大概
387,F1:, .. 你 看 得 出來
387,F1:, .. 大概 前三 志願
387,F1:, .. 考 細心
387,F1:, .. 也 許 你 錯 了 一 題 兩題
387,F1:, .. 你 變成 第二 志願
388,F2:, .. um
389,F1:, .. 然後 你
389,F1:, .. 你 今天 很 細心 你 變 第一 志願
389,F1:, ... 再 粗心 一 點 就 (變) 第三 志 願
389,F1:, ... 第三 志願 以後 所有 的 志願 全部 打亂 就是
389,F1:, ... 你 根本
389,F1:, ... 所以 等於 說 這 四
389,F1:, ... 四
389,F1:, .. 這 前 三 志願 後面 的 學校 收到 的 學生 都 是
389,F1:, .. 有點 像 亂數 了
391,F1:, [就是] 它 沒有 辦法 很 肯定 說 它 今天 收到 的 學生 是
393,F1:, .. 所以 就 達到 什麼 [社區化 的]
391,F1:, ... 好的 或 是 不 好的
391,F1:, ... 然後 有
391,F1:, .. 甚至 有些 人 他 可能 會
391,F1:, ... 他 今天 考
391,F1:, ... 他 可能 考 原本 是
391,F1:, ... 第四 志願 的
392,F2:, .. um
393,F1:, .. 他 的 成績 也 許到 第四 志願
393,F1:, .. 可是 他 想 說
393,F1:, ... 哎啊 第四 跟 第五 也 沒差
393,F1:, .. 他 就 唸 他 家裡 附近 的 學校
394,F3:, [@@]
396,F1:, .. [目的]
395,F2:, .. 喔
397,F3:, [第三]
399,F3:, .. [社區化]
397,F3:, .. 前三 志願
397,F3:, ... 之外 的
398,F1:, ... 對 對 對
400,F2:, [就 沒 差]
406,F2:, .. 但 [就是 不 想 唸 然後 XX]
401,F1:, .. 社區化 了
401,F1:, .. 對 啊
402,F2:, .. 可是 真正
402,F2:, .. 根深蒂固 的 那些 明星 學校 反而 更
402,F2:, .. 就是 沒有 什麼 差
403,F3:, .. 其實 沒有 差
404,F1:, .. 就是
404,F1:, .. 前 三 志願 沒有 差
404,F1:, .. 就是 前 三 志願 都 是
404,F1:, .. 混 著
404,F1:, ... 然後
404,F1:, .. 前 三 志願 以後 也 是 混 著
405,F3:, .. 就是 像
405,F3:, .. 為什麼 我們 說 我們 是
405,F3:, .. 前 三 志願 是 因為
405,F3:, .. 也 有 那 種
405,F3:, .. 成績 到
405,F3:, ... 第一 志願 第二 志願
406,F2:,..但 [就是 不 想 唸 然後 XX]
407,F3:, [可能 還 是 來 唸]
408,F3:, .. um
